발생년,발생년월일시,발생분,주야,요일,사망자수,사상자수,중상자수,경상자수,부상신고자수,발생지시도,발생지시군구,사고유형_대분류,사고유형_중분류,사고유형,법규위반_대분류,법규위반,도로형태_대분류,도로형태,당사자종별_1당_대분류,당사자종별_1당,당사자종별_2당_대분류,당사자종별_2당,발생위치X_UTMK,발생위치Y_UTMK,경도,위도
2015,2015052008,40,주간,수,1,1,0,0,0,울산,울주군,차대차,측면직각충돌,측면직각충돌,운전자법규위반,교차로 통행방법 위반,교차로,교차로내,화물차,소형,자전거,자전거,1152718,1729941,129.1849419,35.5537089
2015,2015051920,55,야간,화,1,1,0,0,0,경기,김포시,차대사람,횡단중,횡단중,운전자법규위반,신호위반,교차로,교차로내,원동기장치자전거,원동기장치자전거,보행자,보행자,926610,1960738,126.6681195,37.64319186
2015,2015052010,40,주간,수,1,1,0,0,0,전북,부안군,차대사람,길가장자리구역통행중,길가장자리구역통행중,운전자법규위반,안전운전 의무 불이행,단일로,기타단일로,화물차,소형,보행자,보행자,921630,1754329,126.6328434,35.78225007
2015,2015051718,40,야간,일,1,1,0,0,0,경기,안산시,차대차,추돌,진행중 추돌,운전자법규위반,안전운전 의무 불이행,교차로,교차로내,승합차,대형,원동기장치자전거,원동기장치자전거,937142,1924022,126.7906264,37.31305178
2015,2015051713,15,주간,일,1,1,0,0,0,충북,옥천군,차량단독,공작물충돌,공작물충돌,운전자법규위반,안전운전 의무 불이행,단일로,기타단일로,자전거,자전거,0,0,1017551,1821902,127.6942361,36.39558083
2015,2015051718,52,야간,일,3,4,1,0,0,경남,사천시,차대차,추돌,진행중 추돌,운전자법규위반,안전운전 의무 불이행,단일로,기타단일로,승용차,소형,승용차,대형,1050825,1665659,128.0568687,34.98457421
2015,2015040500,40,야간,일,1,1,0,0,0,강원,태백시,차량단독,공작물충돌,공작물충돌,운전자법규위반,안전운전 의무 불이행,단일로,기타단일로,승용차,중형,0,0,1129033,1904627,128.9526609,37.13144808
2015,2015041104,18,야간,토,1,2,0,1,0,서울,은평구,차대사람,횡단중,횡단중,운전자법규위반,안전운전 의무 불이행,단일로,기타단일로,승용차,중형,보행자,보행자,948399,1956375,126.915393,37.60535111
2015,2015041002,40,야간,금,1,2,1,0,0,제주,서귀포시,차대차,추돌,주정차중 추돌,운전자법규위반,안전운전 의무 불이행,단일로,기타단일로,승용차,대형,건설기계,건설기계,905698,1473694,126.4876651,33.25044814
2015,2015041222,20,야간,일,1,1,0,0,0,인천,서구,차대사람,차도통행중,차도통행중,운전자법규위반,안전운전 의무 불이행,단일로,기타단일로,승용차,중형,보행자,보행자,927671,1947036,126.681498,37.51978515
2015,2015041902,19,야간,일,1,3,2,0,0,경기,파주시,차대차,정면충돌,정면충돌,운전자법규위반,중앙선 침범,지하도로내,지하도로내,승용차,중형,승용차,중형,934681,1967917,126.7589541,37.70850321
2015,2015041615,35,주간,목,1,3,0,2,0,경기,가평군,차대차,정면충돌,정면충돌,운전자법규위반,중앙선 침범,고가도로위,고가도로위,화물차,소형,승용차,대형,1001392,1980229,127.5158165,37.82180218
2015,2015041904,13,야간,일,1,1,0,0,0,충남,홍성군,차대사람,차도통행중,차도통행중,운전자법규위반,안전운전 의무 불이행,단일로,기타단일로,승용차,중형,보행자,보행자,925896,1845055,126.6715576,36.60043769
2015,2015042005,45,야간,월,1,1,0,0,0,대구,수성구,차대사람,횡단중,횡단중,운전자법규위반,보행자 보호의무 위반,단일로,횡단보도부근,승용차,중형,보행자,보행자,1102739,1759064,128.6373636,35.8226871
2015,2015043020,50,야간,목,1,1,0,0,0,경기,파주시,차대사람,기타,기타,운전자법규위반,안전운전 의무 불이행,단일로,기타단일로,승용차,중형,보행자,보행자,937634,1977480,126.7916324,37.79489641
2015,2015050517,25,주간,화,1,1,0,0,0,전북,완주군,차대차,기타,기타,운전자법규위반,신호위반,교차로,교차로내,건설기계,건설기계,원동기장치자전거,원동기장치자전거,973641,1775639,127.2076217,35.97715407
2015,2015050619,50,야간,수,1,1,0,0,0,충남,천안시,차대사람,횡단중,횡단중,운전자법규위반,안전운전 의무 불이행,단일로,기타단일로,승용차,대형,보행자,보행자,973816,1863720,127.2065956,36.77123204
2015,2015050619,45,야간,수,1,1,0,0,0,전남,여수시,차대사람,횡단중,횡단중,운전자법규위반,안전운전 의무 불이행,단일로,기타단일로,승용차,소형,보행자,보행자,1013513,1640722,127.6476567,34.76088905
2015,2015050412,2,주간,월,1,1,0,0,0,부산,서구,차대사람,차도통행중,차도통행중,운전자법규위반,중앙선 침범,단일로,기타단일로,승용차,중형,보행자,보행자,1138158,1681565,129.0161856,35.1197972
2015,2015050917,20,주간,토,1,1,0,0,0,서울,중랑구,차량단독,공작물충돌,공작물충돌,운전자법규위반,안전운전 의무 불이행,단일로,터널안,승용차,소형,0,0,964169,1953531,127.0941914,37.58046707
2015,2015051213,20,주간,화,1,1,0,0,0,충남,논산시,차대차,측면직각충돌,측면직각충돌,운전자법규위반,교차로 통행방법 위반,교차로,교차로내,화물차,소형,이륜차,소형,963058,1800505,127.0890704,36.20099198
2015,2015051122,50,야간,월,1,1,0,0,0,경기,김포시,차대차,추돌,주정차중 추돌,운전자법규위반,안전운전 의무 불이행,단일로,기타단일로,화물차,소형,승합차,대형,923890,1964168,126.6369335,37.67388297
2015,2015051110,8,주간,월,1,1,0,0,0,전남,광양시,차대차,측면직각충돌,측면직각충돌,운전자법규위반,신호위반,교차로,교차로내,건설기계,건설기계,승용차,경형,1017276,1660527,127.6891832,34.93942612
2015,2015051618,15,야간,토,2,4,2,0,0,경기,의정부시,차대차,측면직각충돌,측면직각충돌,운전자법규위반,안전운전 의무 불이행,교차로,교차로내,승용차,중형,승용차,중형,959044,1970455,127.0351993,37.73279148
2015,2015051409,35,주간,목,1,1,0,0,0,경기,구리시,차대사람,기타,기타,운전자법규위반,중앙선 침범,단일로,기타단일로,승용차,경형,보행자,보행자,967606,1956685,127.1329773,37.60902253
2015,2015051515,0,주간,금,1,1,0,0,0,경북,칠곡군,차대차,측면직각충돌,측면직각충돌,운전자법규위반,안전운전 의무 불이행,단일로,기타단일로,승용차,대형,자전거,자전거,1080635,1776548,128.3944654,35.98237152
2015,2015052006,0,주간,수,1,3,2,0,0,충남,아산시,차대차,추돌,주정차중 추돌,운전자법규위반,안전운전 의무 불이행,단일로,기타단일로,화물차,소형,건설기계,건설기계,953826,1850772,126.9833866,36.65374904
2015,2015040802,50,야간,수,1,3,0,2,0,인천,남구,차대차,측면직각충돌,측면직각충돌,운전자법규위반,신호위반,교차로,교차로내,승용차,중형,이륜차,중형,924832,1940988,126.649992,37.46504944
2015,2015041116,36,주간,토,1,1,0,0,0,부산,금정구,차대사람,횡단중,횡단중,운전자법규위반,보행자 보호의무 위반,교차로,교차로내,승합차,경형,보행자,보행자,1144167,1698755,129.0851161,35.2738999
2015,2015040918,14,야간,목,1,4,3,0,0,경기,고양시,차량단독,공작물충돌,공작물충돌,운전자법규위반,안전운전 의무 불이행,교차로,교차로부근,승용차,중형,0,0,944959,1954226,126.8765836,37.58578271
2015,2015041322,22,야간,월,1,1,0,0,0,충북,청주시,차량단독,공작물충돌,공작물충돌,운전자법규위반,안전운전 의무 불이행,단일로,기타단일로,승용차,중형,0,0,987538,1847350,127.3606233,36.62393858
2015,2015041515,20,주간,수,1,1,0,0,0,경북,울진군,차대사람,길가장자리구역통행중,길가장자리구역통행중,운전자법규위반,안전운전 의무 불이행,단일로,기타단일로,승용차,경형,보행자,보행자,1162959,1900510,129.3335472,37.08906097
2015,2015042516,35,주간,토,1,2,0,0,1,대구,중구,차대차,기타,기타,운전자법규위반,안전운전 의무 불이행,기타/불명,기타/불명,자전거,자전거,자전거,자전거,1100545,1764071,128.6137102,35.86804991
2015,2015042917,40,주간,수,1,5,0,4,0,전북,전주시,차대차,측면직각충돌,측면직각충돌,운전자법규위반,안전운전 의무 불이행,교차로,교차로부근,승용차,중형,승합차,대형,963761,1758812,127.0987995,35.82512692
2015,2015042620,20,야간,일,1,1,0,0,0,서울,강북구,차대사람,기타,기타,운전자법규위반,안전운전 의무 불이행,단일로,기타단일로,화물차,경형,보행자,보행자,956915,1960810,127.011609,37.64576289
2015,2015042619,0,야간,일,1,1,0,0,0,강원,속초시,차량단독,전도전복,전도전복,운전자법규위반,안전운전 의무 불이행,단일로,기타단일로,원동기장치자전거,원동기장치자전거,0,0,1091298,2023039,128.5427397,38.20301363
2015,2015042705,0,야간,월,1,1,0,0,0,경기,안양시,차대사람,횡단중,횡단중,운전자법규위반,안전운전 의무 불이행,단일로,기타단일로,승용차,중형,보행자,보행자,952050,1929793,126.9584869,37.36595765
2015,2015050304,0,야간,일,1,4,1,1,1,충북,충주시,차량단독,공작물충돌,공작물충돌,운전자법규위반,안전운전 의무 불이행,단일로,기타단일로,승용차,대형,0,0,1033569,1901716,127.8868677,37.11262912
2015,2015050202,50,야간,토,1,1,0,0,0,전북,전주시,차대사람,길가장자리구역통행중,길가장자리구역통행중,운전자법규위반,안전운전 의무 불이행,단일로,기타단일로,승용차,소형,보행자,보행자,969078,1761362,127.157564,35.84829986
2015,2015042918,5,야간,수,1,1,0,0,0,경남,김해시,차대차,측면직각충돌,측면직각충돌,운전자법규위반,안전운전 의무 불이행,교차로,교차로내,화물차,중형,이륜차,소형,1118246,1704166,128.8009679,35.3260766
2015,2015050712,45,주간,목,1,1,0,0,0,경기,시흥시,차대사람,기타,기타,운전자법규위반,안전운전 의무 불이행,기타/불명,기타/불명,승용차,소형,보행자,보행자,931066,1929137,126.7215866,37.35872282
2015,2015050410,0,주간,월,1,3,0,2,0,경북,포항시,차대차,기타,기타,운전자법규위반,직진 및 우회전차의 통행방해,교차로,교차로내,승용차,소형,화물차,소형,1171701,1777155,129.4044024,35.97606192
2015,2015022012,0,주간,금,1,1,0,0,0,인천,서구,차대사람,보도통행중,보도통행중,운전자법규위반,안전운전 의무 불이행,단일로,기타단일로,승용차,중형,보행자,보행자,927749,1946091,126.6824735,37.51127424
2015,2015022715,41,주간,금,1,2,1,0,0,충남,당진시,차대차,측면직각충돌,측면직각충돌,운전자법규위반,신호위반,교차로,교차로내,건설기계,건설기계,원동기장치자전거,원동기장치자전거,934453,1866701,126.7652808,36.79619751
2015,2015022817,30,주간,토,1,2,1,0,0,대전,동구,차량단독,공작물충돌,공작물충돌,운전자법규위반,안전운전 의무 불이행,단일로,기타단일로,승용차,경형,0,0,1003085,1822622,127.5344043,36.40108802
2015,2015022606,15,주간,목,1,1,0,0,0,경남,김해시,차대사람,차도통행중,차도통행중,운전자법규위반,안전운전 의무 불이행,교차로,교차로부근,승용차,중형,보행자,보행자,1119778,1690054,128.815761,35.19867916
2015,2015022519,10,야간,수,1,2,1,0,0,충남,아산시,차대사람,횡단중,횡단중,운전자법규위반,안전운전 의무 불이행,교차로,교차로내,승용차,대형,보행자,보행자,954365,1856289,126.9890881,36.70350836
2015,2015022605,24,야간,목,1,2,1,0,0,충남,계룡시,차대차,추돌,진행중 추돌,운전자법규위반,안전운전 의무 불이행,단일로,기타단일로,승용차,소형,이륜차,사발이,977681,1809191,127.2514818,36.27974851
2015,2015022705,23,야간,금,1,1,0,0,0,경기,부천시,차량단독,기타,기타,운전자법규위반,안전운전 의무 불이행,단일로,기타단일로,이륜차,소형,0,0,937506,1942648,126.7931591,37.48095504
2015,2015030400,55,야간,수,1,1,0,0,0,경남,창녕군,차대사람,기타,기타,운전자법규위반,안전운전 의무 불이행,단일로,기타단일로,화물차,중형,보행자,보행자,1081603,1724232,128.3998774,35.51065161
2015,2015030205,50,야간,월,1,1,0,0,0,충남,천안시,차대사람,횡단중,횡단중,운전자법규위반,신호위반,교차로,교차로내,건설기계,건설기계,보행자,보행자,966750,1869675,127.127159,36.82469205
2015,2015030200,30,야간,월,1,1,0,0,0,서울,용산구,차대사람,횡단중,횡단중,운전자법규위반,과속,단일로,횡단보도부근,승용차,중형,보행자,보행자,953168,1950111,126.969821,37.54914793
2015,2015030208,58,주간,월,1,1,0,0,0,경남,김해시,차대차,측면직각충돌,측면직각충돌,운전자법규위반,중앙선 침범,교차로,교차로내,자전거,자전거,화물차,대형,1129892,1692896,128.9272822,35.22303984
2015,2015030120,45,야간,일,1,1,0,0,0,경북,영주시,차대차,추돌,진행중 추돌,운전자법규위반,안전운전 의무 불이행,단일로,기타단일로,화물차,소형,자전거,자전거,1105945,1870894,128.6880546,36.83032939
2015,2015030212,40,주간,월,1,1,0,0,0,경기,부천시,차대사람,횡단중,횡단중,운전자법규위반,신호위반,교차로,교차로내,승합차,대형,보행자,보행자,935035,1943479,126.7651395,37.4882743
2015,2015030923,45,야간,월,1,3,1,1,0,광주,광산구,차대차,정면충돌,정면충돌,운전자법규위반,중앙선 침범,단일로,기타단일로,승용차,중형,승용차,중형,927461,1685442,126.7035059,35.16162272
2015,2015030919,5,야간,월,1,3,2,0,0,경기,여주시,차대차,추돌,진행중 추돌,운전자법규위반,안전운전 의무 불이행,교차로,교차로내,화물차,소형,화물차,소형,1005471,1909901,127.5616404,37.1878746
2015,2015030801,47,야간,일,1,1,0,0,0,서울,강남구,차대사람,횡단중,횡단중,운전자법규위반,과속,단일로,기타단일로,승용차,중형,보행자,보행자,958765,1947535,127.0331826,37.52624165
2015,2015031516,29,주간,일,1,1,0,0,0,충남,홍성군,차량단독,공작물충돌,공작물충돌,운전자법규위반,안전운전 의무 불이행,교차로,교차로부근,농기계,농기계,0,0,919624,1834208,126.6024841,36.50216763
2015,2015031912,40,주간,목,1,1,0,0,0,경기,부천시,차대사람,횡단중,횡단중,운전자법규위반,보행자 보호의무 위반,단일로,횡단보도상,승합차,중형,보행자,보행자,938573,1947870,126.8047903,37.52809248
2015,2015031806,35,주간,수,1,2,1,0,0,대구,북구,차대사람,횡단중,횡단중,운전자법규위반,신호위반,교차로,교차로내,화물차,소형,보행자,보행자,1098298,1765357,128.5889835,35.8798707
2015,2015031813,40,주간,수,1,1,0,0,0,충남,공주시,차량단독,공작물충돌,공작물충돌,운전자법규위반,안전운전 의무 불이행,단일로,기타단일로,승용차,중형,0,0,966974,1833736,127.1312195,36.50071865
2015,2015032316,25,주간,월,1,1,0,0,0,강원,동해시,차대사람,횡단중,횡단중,운전자법규위반,보행자 보호의무 위반,단일로,횡단보도상,화물차,소형,보행자,보행자,1142102,1951033,129.108638,37.54768935
2015,2015032412,55,주간,화,1,1,0,0,0,경남,김해시,차대사람,차도통행중,차도통행중,운전자법규위반,안전운전 의무 불이행,단일로,기타단일로,화물차,소형,보행자,보행자,1133064,1703430,128.9638343,35.31757836
2015,2015032205,45,야간,일,1,2,1,0,0,강원,홍천군,차대차,추돌,진행중 추돌,운전자법규위반,안전운전 의무 불이행,단일로,기타단일로,이륜차,중형,화물차,소형,1037161,1968233,127.9216197,37.71292636
2015,2015032122,39,야간,토,1,1,0,0,0,부산,사상구,차량단독,전도전복,전도전복,운전자법규위반,안전운전 의무 불이행,단일로,기타단일로,이륜차,중형,0,0,1136544,1685236,128.9990852,35.15310836
2015,2015032801,13,야간,토,1,1,0,0,0,경기,평택시,차량단독,공작물충돌,공작물충돌,운전자법규위반,안전운전 의무 불이행,교차로,교차로내,화물차,소형,0,0,940581,1888167,126.832282,36.99009606
2015,2015032709,40,주간,금,1,1,0,0,0,전남,화순군,차대차,기타,기타,운전자법규위반,기타(운전자법규위반),단일로,기타단일로,화물차,소형,자전거,자전거,953511,1674167,126.9901613,35.06149985
2015,2015032811,31,주간,토,1,6,1,4,0,충북,괴산군,차대차,정면충돌,정면충돌,운전자법규위반,직진 및 우회전차의 통행방해,교차로,교차로내,승용차,중형,승합차,소형,1023564,1870673,127.7642616,36.83397957
2015,2015032610,42,주간,목,1,7,6,0,0,경기,화성시,차대차,추돌,주정차중 추돌,운전자법규위반,안전운전 의무 불이행,단일로,기타단일로,특수차,중형,승용차,중형,945743,1916043,126.8882684,37.24167517
2015,2015032616,0,주간,목,1,1,0,0,0,서울,용산구,차대사람,기타,기타,운전자법규위반,안전운전 의무 불이행,단일로,기타단일로,건설기계,건설기계,보행자,보행자,953413,1950598,126.9725636,37.55354978
2015,2015021205,3,야간,목,1,1,0,0,0,대전,대덕구,차대사람,횡단중,횡단중,운전자법규위반,신호위반,단일로,횡단보도상,화물차,대형,보행자,보행자,992787,1827897,127.4195107,36.44862156
2015,2015021120,10,야간,수,1,1,0,0,0,강원,춘천시,차대사람,횡단중,횡단중,운전자법규위반,안전운전 의무 불이행,교차로,교차로부근,승용차,대형,보행자,보행자,1017842,1980179,127.7027266,37.82117813
2015,2015021213,30,주간,목,1,1,0,0,0,경기,성남시,차대사람,횡단중,횡단중,운전자법규위반,신호위반,교차로,교차로부근,화물차,중형,보행자,보행자,967549,1937673,127.1331714,37.4376569
2015,2015021900,33,야간,목,1,2,0,0,1,강원,인제군,차대차,추돌,진행중 추돌,운전자법규위반,안전운전 의무 불이행,단일로,기타단일로,승용차,소형,건설기계,건설기계,1064739,2015631,128.2387559,38.13855587
2015,2015021818,44,야간,수,1,1,0,0,0,인천,부평구,차대사람,횡단중,횡단중,운전자법규위반,안전운전 의무 불이행,교차로,교차로부근,승합차,중형,보행자,보행자,931259,1943875,126.7224391,37.49805368
2015,2015021923,0,야간,목,1,1,0,0,0,부산,남구,차대차,측면직각충돌,측면직각충돌,운전자법규위반,안전운전 의무 불이행,단일로,기타단일로,승용차,중형,이륜차,중형,1143670,1684308,129.0771327,35.14375046
2015,2015021819,34,야간,수,1,1,0,0,0,서울,영등포구,차대사람,횡단중,횡단중,운전자법규위반,안전운전 의무 불이행,단일로,기타단일로,승용차,소형,보행자,보행자,947797,1945342,126.9093585,37.50587558
2015,2015021701,0,야간,화,1,1,0,0,0,경북,안동시,차량단독,공작물충돌,공작물충돌,운전자법규위반,안전운전 의무 불이행,단일로,기타단일로,특수차,소형,0,0,1121392,1834669,128.8554957,36.50199846
2015,2015021614,38,주간,월,2,2,0,0,0,경기,의정부시,차대차,정면충돌,정면충돌,운전자법규위반,중앙선 침범,단일로,기타단일로,승합차,소형,화물차,소형,962080,1971107,127.0696193,37.73879881
2015,2015021521,40,야간,일,1,1,0,0,0,경기,부천시,차대사람,횡단중,횡단중,운전자법규위반,안전운전 의무 불이행,교차로,교차로부근,화물차,중형,보행자,보행자,934012,1945424,126.753394,37.50573185
2015,2015022421,0,야간,화,1,1,0,0,0,서울,광진구,차대차,정면충돌,정면충돌,운전자법규위반,중앙선 침범,교차로,교차로내,승용차,중형,원동기장치자전거,원동기장치자전거,965657,1950492,127.111186,37.55313221
2015,2015022420,27,야간,화,1,1,0,0,0,서울,성북구,차대사람,차도통행중,차도통행중,운전자법규위반,안전운전 의무 불이행,단일로,기타단일로,승용차,대형,보행자,보행자,960278,1957546,127.0499067,37.6164955
2015,2015022302,42,야간,월,1,3,1,1,0,전남,고흥군,차대차,추돌,진행중 추돌,운전자법규위반,안전운전 의무 불이행,단일로,기타단일로,승용차,소형,화물차,대형,987900,1631211,127.3679196,34.67513816
2015,2015051223,6,야간,화,1,1,0,0,0,서울,금천구,차대사람,횡단중,횡단중,운전자법규위반,안전운전 의무 불이행,단일로,기타단일로,승용차,중형,보행자,보행자,947188,1937481,126.9030321,37.434988
2015,2015051522,4,야간,금,1,2,0,1,0,충북,청주시,차대차,기타,기타,운전자법규위반,교차로 통행방법 위반,교차로,교차로내,승용차,중형,이륜차,소형,998059,1846404,127.478294,36.61548992
2015,2015051900,18,야간,화,1,1,0,0,0,대구,중구,차대차,기타,기타,운전자법규위반,안전운전 의무 불이행,단일로,기타단일로,승용차,대형,승용차,대형,1100096,1763465,128.6086615,35.86263315
2015,2015051720,0,야간,일,1,1,0,0,0,경북,영천시,차대사람,차도통행중,차도통행중,운전자법규위반,중앙선 침범,단일로,기타단일로,화물차,소형,보행자,보행자,1110932,1785952,128.7318016,36.06416173
2015,2015051706,45,주간,일,1,1,0,0,0,경남,남해군,차대사람,길가장자리구역통행중,길가장자리구역통행중,운전자법규위반,안전운전 의무 불이행,단일로,기타단일로,화물차,소형,보행자,보행자,1030593,1653347,127.8347482,34.8743664
2015,2015051710,50,주간,일,1,2,0,1,0,전남,진도군,차대차,기타,기타,운전자법규위반,안전운전 의무 불이행,단일로,기타단일로,화물차,소형,화물차,소형,875813,1604101,126.1485311,34.42326126
2015,2015051707,0,주간,일,1,2,0,1,0,경기,안성시,차대차,추돌,진행중 추돌,운전자법규위반,안전운전 의무 불이행,교차로,교차로내,승용차,소형,특수차,대형,979029,1887023,127.2643649,36.98142762
2015,2015040610,16,주간,월,1,2,1,0,0,충북,음성군,차대차,기타,기타,운전자법규위반,안전운전 의무 불이행,교차로,교차로내,화물차,대형,화물차,대형,1016811,1879496,127.6887575,36.91355022
2015,2015041014,58,주간,금,1,3,0,2,0,전남,곡성군,차대사람,기타,기타,정비불량,정비불량 제차의 운전금지위반,단일로,기타단일로,승용차,대형,보행자,보행자,977637,1681798,127.2545385,35.13113373
2015,2015041513,15,주간,수,1,2,1,0,0,충남,예산군,차대차,정면충돌,정면충돌,운전자법규위반,중앙선 침범,단일로,기타단일로,승용차,소형,화물차,소형,939129,1851312,126.8189169,36.65779013
2015,2015041215,30,주간,일,1,1,0,0,0,전북,남원시,차대차,측면직각충돌,측면직각충돌,운전자법규위반,기타(운전자법규위반),단일로,기타단일로,화물차,소형,원동기장치자전거,원동기장치자전거,991740,1714224,127.4090096,35.42373416
2015,2015041204,8,야간,일,1,1,0,0,0,부산,사상구,차대사람,차도통행중,차도통행중,운전자법규위반,안전운전 의무 불이행,단일로,기타단일로,승용차,중형,보행자,보행자,1136144,1683491,128.9944074,35.13743292
2015,2015041313,25,주간,월,1,1,0,0,0,전북,무주군,차대사람,기타,기타,운전자법규위반,안전운전 의무 불이행,단일로,기타단일로,화물차,소형,보행자,보행자,1005571,1775115,127.5617911,35.97277
2015,2015041302,50,야간,월,1,1,0,0,0,서울,서대문구,차량단독,기타,기타,운전자법규위반,안전운전 의무 불이행,단일로,기타단일로,승용차,중형,0,0,952584,1952737,126.9630401,37.57278666
2015,2015041813,0,주간,토,1,1,0,0,0,충남,아산시,차량단독,도로이탈,도로이탈 기타,운전자법규위반,안전운전 의무 불이행,단일로,기타단일로,이륜차,대형,0,0,963991,1866175,127.0963879,36.79304029
2015,2015042511,2,주간,토,1,1,0,0,0,강원,춘천시,차대사람,횡단중,횡단중,운전자법규위반,보행자 보호의무 위반,단일로,기타단일로,승용차,중형,보행자,보행자,1020293,1984492,127.7306966,37.86000029
2015,2015042520,7,야간,토,1,1,0,0,0,강원,철원군,차대사람,횡단중,횡단중,운전자법규위반,과속,단일로,기타단일로,승용차,중형,보행자,보행자,993389,2021984,127.424498,38.19811197
2015,2015042523,19,야간,토,1,1,0,0,0,강원,원주시,차대사람,횡단중,횡단중,운전자법규위반,안전운전 의무 불이행,단일로,기타단일로,승용차,중형,보행자,보행자,1040687,1925199,127.9592403,37.32489619
2015,2015042522,52,야간,토,1,3,2,0,0,대전,서구,차대차,측면직각충돌,측면직각충돌,운전자법규위반,중앙선 침범,단일로,기타단일로,승용차,중형,승용차,중형,989664,1813103,127.3848582,36.3152199
2015,2015042620,25,야간,일,1,1,0,0,0,전북,군산시,차량단독,도로이탈,도로이탈 추락,운전자법규위반,안전운전 의무 불이행,단일로,기타단일로,화물차,소형,0,0,937425,1768805,126.8064652,35.91389185
2015,2015050615,0,주간,수,1,1,0,0,0,경남,창녕군,차대사람,기타,기타,운전자법규위반,안전운전 의무 불이행,단일로,기타단일로,화물차,중형,보행자,보행자,1091079,1712647,128.5030631,35.40538386
2015,2015050500,50,야간,화,1,1,0,0,0,서울,광진구,차대차,추돌,진행중 추돌,운전자법규위반,안전운전 의무 불이행,단일로,기타단일로,이륜차,소형,승합차,소형,964401,1949872,127.0969966,37.54749625
2015,2015051008,0,주간,일,1,1,0,0,0,서울,노원구,차량단독,기타,기타,운전자법규위반,안전운전 의무 불이행,지하도로내,지하도로내,자전거,자전거,0,0,961392,1957405,127.0625366,37.61527211
2015,2015050719,5,야간,목,1,2,0,1,0,경북,상주시,차대차,측면직각충돌,측면직각충돌,운전자법규위반,교차로 통행방법 위반,단일로,기타단일로,원동기장치자전거,원동기장치자전거,화물차,소형,1063036,1839676,128.2043512,36.55275823
2015,2015051211,30,주간,화,2,3,1,0,0,전북,완주군,차대차,측면직각충돌,측면직각충돌,운전자법규위반,신호위반,교차로,교차로내,건설기계,건설기계,승합차,소형,958098,1758737,127.0361104,35.82422512
2015,2015051322,30,야간,수,1,1,0,0,0,전북,전주시,차대차,측면직각충돌,측면직각충돌,운전자법규위반,안전운전 의무 불이행,단일로,기타단일로,승용차,소형,자전거,자전거,970709,1759286,127.1757019,35.82963267
2015,2015051612,35,주간,토,1,1,0,0,0,경기,이천시,차대차,기타,기타,운전자법규위반,부당한 회전,교차로,교차로내,원동기장치자전거,원동기장치자전거,승용차,소형,996307,1917881,127.4583523,37.25981573
2015,2015051602,40,야간,토,1,1,0,0,0,서울,광진구,차대사람,횡단중,횡단중,운전자법규위반,보행자 보호의무 위반,교차로,교차로부근,승용차,중형,보행자,보행자,963521,1951636,127.0869469,37.56336137
2015,2015051610,43,주간,토,1,1,0,0,0,강원,영월군,차대사람,횡단중,횡단중,운전자법규위반,보행자 보호의무 위반,단일로,횡단보도상,승용차,중형,보행자,보행자,1085735,1909859,128.4658883,37.18357487
2015,2015051511,40,주간,금,1,2,0,1,0,충북,충주시,차대차,기타,기타,운전자법규위반,안전운전 의무 불이행,교차로,교차로내,화물차,소형,화물차,소형,1038249,1894897,127.9301709,37.05186099
2015,2015051511,20,주간,금,2,3,1,0,0,전북,진안군,차량단독,도로이탈,도로이탈 기타,운전자법규위반,안전운전 의무 불이행,단일로,기타단일로,승용차,중형,0,0,993509,1750915,127.4282017,35.75457367
2015,2015052102,10,야간,목,1,1,0,0,0,경기,성남시,차량단독,공작물충돌,공작물충돌,운전자법규위반,안전운전 의무 불이행,지하도로내,지하도로내,이륜차,소형,0,0,967956,1940704,127.1376404,37.46499119
2015,2015051915,40,주간,화,1,1,0,0,0,경기,고양시,차대사람,횡단중,횡단중,운전자법규위반,안전운전 의무 불이행,단일로,기타단일로,승용차,중형,보행자,보행자,940261,1959036,126.8229826,37.62884161
2015,2015051914,20,주간,화,1,2,0,1,0,경남,밀양시,차대차,정면충돌,정면충돌,운전자법규위반,중앙선 침범,단일로,기타단일로,이륜차,소형,승용차,중형,1110646,1726306,128.7203759,35.52653412
2015,2015051820,25,야간,월,1,1,0,0,0,전북,김제시,차대차,추돌,진행중 추돌,운전자법규위반,안전운전 의무 불이행,단일로,기타단일로,화물차,소형,자전거,자전거,943570,1756721,126.8754233,35.80532118
2015,2015051810,10,주간,월,1,1,0,0,0,전남,보성군,차대사람,차도통행중,차도통행중,운전자법규위반,안전운전 의무 불이행,교차로,교차로내,화물차,소형,보행자,보행자,971714,1642520,127.1908597,34.77680006
2015,2015051622,25,야간,토,1,1,0,0,0,대전,유성구,차대사람,횡단중,횡단중,운전자법규위반,과속,단일로,기타단일로,승용차,중형,보행자,보행자,982316,1815554,127.3029471,36.33720977
2015,2015051621,0,야간,토,1,1,0,0,0,경북,포항시,차량단독,전도전복,전도전복,운전자법규위반,안전운전 의무 불이행,단일로,기타단일로,화물차,소형,0,0,1156208,1786201,129.2344236,36.06018653
2015,2015051616,0,주간,토,2,2,0,0,0,충남,당진시,차대차,정면충돌,정면충돌,운전자법규위반,중앙선 침범,단일로,기타단일로,이륜차,대형,화물차,중형,920908,1890582,126.6109755,37.01041403