발생년,발생년월일시,발생분,주야,요일,사망자수,사상자수,중상자수,경상자수,부상신고자수,발생지시도,발생지시군구,사고유형_대분류,사고유형_중분류,사고유형,법규위반_대분류,법규위반,도로형태_대분류,도로형태,당사자종별_1당_대분류,당사자종별_1당,당사자종별_2당_대분류,당사자종별_2당,발생위치X_UTMK,발생위치Y_UTMK,경도,위도
2015,2015031919,55,야간,목,1,1,0,0,0,경북,봉화군,차대차,측면직각충돌,측면직각충돌,운전자법규위반,중앙선 침범,단일로,기타단일로,농기계,농기계,승용차,중형,1121564,1880086,128.864635,36.9112894
2015,2015031817,15,주간,수,1,1,0,0,0,경기,남양주시,차대사람,횡단중,횡단중,운전자법규위반,안전운전 의무 불이행,단일로,기타단일로,승용차,중형,보행자,보행자,968222,1960868,127.1397745,37.64674663
2015,2015031722,20,야간,화,1,1,0,0,0,경북,구미시,차대사람,횡단중,횡단중,운전자법규위반,안전운전 의무 불이행,기타/불명,기타/불명,승용차,소형,보행자,보행자,1079016,1790791,128.3779326,36.11090206
2015,2015031722,20,야간,화,1,1,0,0,0,경남,창원시(통합),차대사람,기타,기타,운전자법규위반,안전운전 의무 불이행,교차로,교차로내,승용차,소형,보행자,보행자,1103685,1696580,128.6398357,35.25930482
2015,2015031819,3,야간,수,1,1,0,0,0,경북,경산시,차대사람,길가장자리구역통행중,길가장자리구역통행중,운전자법규위반,안전운전 의무 불이행,단일로,기타단일로,승용차,대형,보행자,보행자,1115241,1764271,128.7764889,35.86823351
2015,2015032303,34,야간,월,1,2,1,0,0,서울,강북구,차대차,측면직각충돌,측면직각충돌,운전자법규위반,신호위반,교차로,교차로내,원동기장치자전거,원동기장치자전거,승용차,중형,958389,1959614,127.0283851,37.63505115
2015,2015032722,40,야간,금,1,3,2,0,0,경기,고양시,차대차,정면충돌,정면충돌,운전자법규위반,중앙선 침범,단일로,기타단일로,승용차,중형,승용차,중형,945570,1959109,126.8831403,37.62982943
2015,2015032701,40,야간,금,1,1,0,0,0,경남,고성군,차대사람,차도통행중,차도통행중,운전자법규위반,안전운전 의무 불이행,단일로,기타단일로,승용차,소형,보행자,보행자,1074588,1664144,128.3170747,34.96944096
2015,2015033111,50,주간,화,1,2,0,1,0,전남,여수시,차대차,측면직각충돌,측면직각충돌,운전자법규위반,중앙선 침범,단일로,기타단일로,승용차,소형,화물차,소형,1016687,1637947,127.6822839,34.73581775
2015,2015051914,0,주간,화,1,3,2,0,0,경기,양주시,차대차,측면직각충돌,측면직각충돌,운전자법규위반,교차로 통행방법 위반,교차로,교차로내,승용차,중형,승용차,중형,955216,1977354,126.991332,37.79479223
2015,2015062802,55,야간,일,1,1,0,0,0,경남,창원시(통합),차량단독,도로이탈,도로이탈 추락,운전자법규위반,안전운전 의무 불이행,교차로,교차로내,승용차,중형,0,0,1109579,1688277,128.7035118,35.18382467
2015,2015062800,53,야간,일,1,1,0,0,0,전북,무주군,차량단독,공작물충돌,공작물충돌,운전자법규위반,안전운전 의무 불이행,단일로,기타단일로,승용차,대형,0,0,1017130,1780185,127.6901078,36.01834611
2015,2015062614,10,주간,금,1,2,1,0,0,경기,양주시,차대차,정면충돌,정면충돌,운전자법규위반,중앙선 침범,단일로,기타단일로,승용차,중형,화물차,중형,952036,1984145,126.9547641,37.85583641
2015,2015063021,20,야간,화,1,2,1,0,0,충북,옥천군,차대차,추돌,진행중 추돌,운전자법규위반,안전운전 의무 불이행,단일로,기타단일로,화물차,소형,농기계,농기계,1026753,1815951,127.7981214,36.34057951
2015,2015070712,5,주간,화,1,1,0,0,0,제주,제주시,차량단독,공작물충돌,공작물충돌,운전자법규위반,과속,단일로,기타단일로,승용차,소형,0,0,893025,1497738,126.3487909,33.46609611
2015,2015070604,28,야간,월,1,1,0,0,0,부산,강서구,차량단독,공작물충돌,공작물충돌,운전자법규위반,안전운전 의무 불이행,단일로,기타단일로,화물차,소형,0,0,1130596,1692454,128.9349456,35.21896409
2015,2015070621,2,야간,월,1,1,0,0,0,전북,부안군,차대차,기타,기타,운전자법규위반,기타(운전자법규위반),교차로,교차로부근,자전거,자전거,화물차,소형,930957,1748161,126.7365684,35.72734229
2015,2015070700,0,야간,화,1,1,0,0,0,경북,경주시,차대차,측면직각충돌,측면직각충돌,운전자법규위반,안전운전 의무 불이행,교차로,교차로내,화물차,대형,승용차,중형,1164295,1751311,129.3169731,35.74444175
2015,2015070423,15,야간,토,1,1,0,0,0,경기,부천시,차량단독,공작물충돌,공작물충돌,운전자법규위반,안전운전 의무 불이행,교차로,교차로부근,자전거,자전거,0,0,936908,1945136,126.7861825,37.50333867
2015,2015070405,30,야간,토,1,1,0,0,0,서울,송파구,차대차,기타,기타,운전자법규위반,안전운전 의무 불이행,단일로,기타단일로,화물차,대형,자전거,자전거,964408,1945247,127.0973,37.50580953
2015,2015070514,20,주간,일,1,1,0,0,0,경북,봉화군,차량단독,도로이탈,도로이탈 기타,운전자법규위반,안전운전 의무 불이행,단일로,기타단일로,농기계,농기계,0,0,1123326,1875002,128.8835822,36.86524375
2015,2015052523,32,야간,월,1,1,0,0,0,인천,서구,차대사람,횡단중,횡단중,운전자법규위반,과속,교차로,교차로부근,승합차,대형,보행자,보행자,927472,1942852,126.6796589,37.48206022
2015,2015052609,10,주간,화,1,4,0,3,0,제주,제주시,차대차,추돌,진행중 추돌,운전자법규위반,안전운전 의무 불이행,단일로,기타단일로,화물차,소형,화물차,소형,937351,1505048,126.8252538,33.5355373
2015,2015053003,35,야간,토,1,1,0,0,0,울산,북구,차대차,추돌,진행중 추돌,운전자법규위반,과속,단일로,기타단일로,화물차,중형,자전거,자전거,1168779,1733233,129.3627503,35.58076985
2015,2015052921,10,야간,금,1,1,0,0,0,경북,포항시,차대사람,기타,기타,운전자법규위반,안전운전 의무 불이행,교차로,교차로부근,승용차,중형,보행자,보행자,1165914,1788711,129.3426712,36.08119714
2015,2015052815,4,주간,목,1,1,0,0,0,강원,고성군,차대차,측면직각충돌,측면직각충돌,운전자법규위반,교차로 통행방법 위반,교차로,교차로내,원동기장치자전거,원동기장치자전거,승용차,중형,1082364,2049387,128.4437891,38.44130214
2015,2015052718,57,야간,수,2,7,5,0,0,충남,금산군,차대차,정면충돌,정면충돌,운전자법규위반,중앙선 침범,단일로,기타단일로,승합차,소형,화물차,소형,997627,1791732,127.4736298,36.12259976
2015,2015052714,0,주간,수,1,1,0,0,0,경기,평택시,차대차,측면직각충돌,측면직각충돌,운전자법규위반,직진 및 우회전차의 통행방해,교차로,교차로내,화물차,소형,이륜차,중형,965708,1889456,127.1145788,37.00296783
2015,2015060317,45,주간,수,1,1,0,0,0,충북,보은군,차대차,측면직각충돌,측면직각충돌,운전자법규위반,안전운전 의무 불이행,교차로,교차로내,승용차,소형,원동기장치자전거,원동기장치자전거,1020358,1832555,127.7272952,36.49042517
2015,2015060519,50,야간,금,1,1,0,0,0,경기,용인시,차대사람,횡단중,횡단중,운전자법규위반,보행자 보호의무 위반,단일로,기타단일로,화물차,소형,보행자,보행자,973477,1919780,127.2008219,37.27656263
2015,2015060521,16,야간,금,1,1,0,0,0,경기,수원시,차대사람,기타,기타,운전자법규위반,안전운전 의무 불이행,단일로,기타단일로,승용차,중형,보행자,보행자,958509,1921820,127.031874,37.29440348
2015,2015060606,40,주간,토,1,8,7,0,0,경북,영천시,차대차,추돌,주정차중 추돌,운전자법규위반,안전운전 의무 불이행,단일로,기타단일로,화물차,소형,화물차,소형,1141443,1779664,129.0693723,36.00353153
2015,2015060810,25,주간,월,1,1,0,0,0,전남,목포시,차대사람,횡단중,횡단중,운전자법규위반,안전운전 의무 불이행,교차로,교차로내,화물차,대형,보행자,보행자,901027,1646829,126.4178858,34.81123824
2015,2015061805,40,야간,목,1,1,0,0,0,경기,광주시,차대차,추돌,진행중 추돌,운전자법규위반,안전운전 의무 불이행,단일로,기타단일로,원동기장치자전거,원동기장치자전거,화물차,중형,974991,1933876,127.2174239,37.4036631
2015,2015061521,55,야간,월,1,1,0,0,0,경기,평택시,차대사람,횡단중,횡단중,운전자법규위반,신호위반,단일로,기타단일로,승용차,중형,보행자,보행자,959940,1889685,127.0497395,37.00480386
2015,2015061608,5,주간,화,1,1,0,0,0,대전,대덕구,차대차,기타,기타,운전자법규위반,신호위반,교차로,교차로부근,승합차,대형,자전거,자전거,992792,1827894,127.4195665,36.44859455
2015,2015061619,10,야간,화,1,1,0,0,0,전남,나주시,차대사람,횡단중,횡단중,운전자법규위반,안전운전 의무 불이행,단일로,기타단일로,승용차,중형,보행자,보행자,929169,1673128,126.7233126,35.05071598
2015,2015062210,5,주간,월,1,1,0,0,0,경남,사천시,차대사람,횡단중,횡단중,운전자법규위반,안전운전 의무 불이행,교차로,교차로내,화물차,경형,보행자,보행자,1053725,1676207,128.0893237,35.07953476
2015,2015062012,10,주간,토,1,1,0,0,0,대전,동구,차대차,측면직각충돌,측면직각충돌,운전자법규위반,교차로 통행방법 위반,교차로,교차로내,원동기장치자전거,원동기장치자전거,승용차,중형,993900,1814832,127.431307,36.32794307
2015,2015062003,17,야간,토,1,3,1,1,0,경기,안산시,차대사람,보도통행중,보도통행중,운전자법규위반,안전운전 의무 불이행,단일로,기타단일로,승용차,중형,보행자,보행자,944789,1929831,126.8764877,37.36589632
2015,2015062019,40,야간,토,1,1,0,0,0,부산,사하구,차대차,정면충돌,정면충돌,운전자법규위반,신호위반,교차로,교차로내,이륜차,중형,승용차,중형,1134127,1674193,128.9707678,35.05388879
2015,2015062616,48,주간,금,1,1,0,0,0,경기,군포시,차대차,기타,기타,운전자법규위반,차로위반(진로변경 위반),단일로,기타단일로,자전거,자전거,승용차,소형,948413,1925139,126.9177391,37.32381394
2015,2015062906,5,주간,월,1,1,0,0,0,강원,횡성군,차량단독,도로이탈,도로이탈 추락,운전자법규위반,안전운전 의무 불이행,교차로,교차로부근,화물차,경형,0,0,1057915,1935409,128.1544845,37.41600729
2015,2015062618,41,야간,금,1,1,0,0,0,전남,여수시,차대사람,차도통행중,차도통행중,운전자법규위반,안전운전 의무 불이행,교차로,교차로내,화물차,소형,보행자,보행자,1012709,1642239,127.6388943,34.77457933
2015,2015062609,30,주간,금,1,2,0,1,0,전남,화순군,차대사람,기타,기타,운전자법규위반,기타(운전자법규위반),기타/불명,기타/불명,화물차,중형,보행자,보행자,959554,1675518,127.0563663,35.07394235
2015,2015052521,8,야간,월,1,2,0,0,1,서울,마포구,차대차,기타,기타,운전자법규위반,중앙선 침범,단일로,기타단일로,승용차,중형,승용차,중형,950102,1950693,126.9350731,37.55423264
2015,2015070208,53,주간,목,1,1,0,0,0,경기,남양주시,차대사람,횡단중,횡단중,운전자법규위반,보행자 보호의무 위반,단일로,횡단보도상,화물차,중형,보행자,보행자,974096,1959350,127.2064133,37.63324892
2015,2015070106,20,주간,수,1,2,0,1,0,경북,경산시,차대차,기타,기타,운전자법규위반,신호위반,교차로,교차로내,원동기장치자전거,원동기장치자전거,승용차,중형,1120421,1757921,128.8328945,35.81037297
2015,2015070606,8,주간,월,1,1,0,0,0,경북,안동시,차대사람,기타,기타,운전자법규위반,안전운전 의무 불이행,단일로,기타단일로,승용차,중형,보행자,보행자,1110343,1840933,128.7310874,36.55952135
2015,2015070618,35,야간,월,1,1,0,0,0,대구,달성군,차량단독,기타,기타,운전자법규위반,기타(운전자법규위반),교차로,교차로부근,화물차,소형,0,0,1084993,1745462,128.4394912,35.7017623
2015,2015070708,55,주간,화,1,1,0,0,0,대구,수성구,차대사람,횡단중,횡단중,운전자법규위반,안전운전 의무 불이행,교차로,교차로부근,승용차,중형,보행자,보행자,1101270,1759842,128.6212026,35.82985314
2015,2015033121,28,야간,화,1,1,0,0,0,서울,마포구,차대사람,차도통행중,차도통행중,운전자법규위반,안전운전 의무 불이행,단일로,기타단일로,승용차,중형,보행자,보행자,946985,1952025,126.899689,37.56606394
2015,2015033016,0,주간,월,1,1,0,0,0,전북,남원시,차량단독,기타,기타,운전자법규위반,안전운전 의무 불이행,단일로,기타단일로,농기계,농기계,0,0,1008634,1726998,127.5952461,35.53891045
2015,2015033019,40,야간,월,1,1,0,0,0,경북,영양군,차대차,정면충돌,정면충돌,운전자법규위반,중앙선 침범,단일로,기타단일로,승용차,대형,건설기계,건설기계,1144915,1855402,129.1219791,36.68555963
2015,2015033023,35,야간,월,1,1,0,0,0,경북,구미시,차대차,기타,기타,운전자법규위반,안전운전 의무 불이행,단일로,기타단일로,이륜차,중형,승합차,대형,1082655,1794362,128.4187354,36.14279008
2015,2015033005,0,야간,월,1,1,0,0,0,대구,중구,차대사람,횡단중,횡단중,운전자법규위반,안전운전 의무 불이행,단일로,기타단일로,화물차,소형,보행자,보행자,1098976,1764933,128.5964408,35.87598024
2015,2015033007,20,주간,월,1,4,0,3,0,경기,의정부시,차대차,추돌,주정차중 추돌,운전자법규위반,안전운전 의무 불이행,교차로,교차로내,건설기계,건설기계,건설기계,건설기계,960617,1967347,127.0532187,37.70484794
2015,2015021300,50,야간,금,1,1,0,0,0,대구,수성구,차대차,기타,기타,운전자법규위반,안전운전 의무 불이행,단일로,기타단일로,승용차,소형,승용차,중형,1102001,1759470,128.6292469,35.82642399
2015,2015021300,25,야간,금,1,1,0,0,0,부산,해운대구,차대사람,횡단중,횡단중,운전자법규위반,안전운전 의무 불이행,교차로,교차로부근,승용차,중형,보행자,보행자,1154890,1688956,129.2011257,35.18397849
2015,2015021220,40,야간,목,1,1,0,0,0,전남,강진군,차대사람,기타,기타,운전자법규위반,안전운전 의무 불이행,단일로,기타단일로,승용차,중형,보행자,보행자,930589,1624711,126.7428892,34.61424358
2015,2015021717,30,주간,화,2,13,4,7,0,제주,제주시,차대차,기타,기타,운전자법규위반,과속,교차로,교차로내,승합차,소형,승용차,소형,902111,1499353,126.4463783,33.48152987
2015,2015022505,40,야간,수,1,4,3,0,0,울산,북구,차량단독,공작물충돌,공작물충돌,운전자법규위반,안전운전 의무 불이행,교차로,교차로부근,승용차,중형,0,0,1168651,1730561,129.3607813,35.55671209
2015,2015022306,35,주간,월,1,1,0,0,0,전북,군산시,차대차,기타,기타,운전자법규위반,중앙선 침범,교차로,교차로부근,자전거,자전거,화물차,소형,930024,1775744,126.7238329,35.97594654
2015,2015030117,30,주간,일,1,2,1,0,0,제주,제주시,차량단독,공작물충돌,공작물충돌,운전자법규위반,안전운전 의무 불이행,단일로,기타단일로,승용차,중형,0,0,880526,1487756,126.2156373,33.37476155
2015,2015022711,0,주간,금,1,1,0,0,0,대구,남구,차대차,기타,기타,운전자법규위반,안전운전 의무 불이행,교차로,교차로내,화물차,소형,자전거,자전거,1099071,1761504,128.5970669,35.84505992
2015,2015022719,40,야간,금,1,1,0,0,0,전남,여수시,차대사람,차도통행중,차도통행중,운전자법규위반,안전운전 의무 불이행,교차로,교차로내,화물차,소형,보행자,보행자,1018552,1640084,127.7027036,34.75505652
2015,2015022606,45,주간,목,1,1,0,0,0,경기,용인시,차대차,기타,기타,운전자법규위반,안전운전 의무 불이행,기타/불명,기타/불명,화물차,소형,승합차,소형,976135,1919919,127.2307992,37.27788754
2015,2015030207,50,주간,월,1,1,0,0,0,충남,청양군,차대사람,길가장자리구역통행중,길가장자리구역통행중,운전자법규위반,안전운전 의무 불이행,단일로,기타단일로,승용차,중형,보행자,보행자,930793,1826754,126.727858,36.43584724
2015,2015030106,15,주간,일,1,1,0,0,0,충남,아산시,차대사람,횡단중,횡단중,운전자법규위반,안전운전 의무 불이행,단일로,기타단일로,승용차,중형,보행자,보행자,956457,1865472,127.0119847,36.78638663
2015,2015030119,0,야간,일,1,1,0,0,0,대전,동구,차대사람,횡단중,횡단중,운전자법규위반,안전운전 의무 불이행,교차로,교차로내,승용차,중형,보행자,보행자,996429,1813335,127.4602184,36.31736032
2015,2015030618,50,야간,금,1,1,0,0,0,경남,진주시,차대사람,차도통행중,차도통행중,운전자법규위반,안전운전 의무 불이행,단일로,기타단일로,승용차,소형,보행자,보행자,1054454,1689311,128.0981836,35.19765104
2015,2015031210,52,주간,목,1,2,0,1,0,전남,담양군,차대차,정면충돌,정면충돌,운전자법규위반,중앙선 침범,단일로,기타단일로,이륜차,소형,화물차,소형,948464,1700923,126.9331412,35.3025062
2015,2015030913,45,주간,월,1,3,0,2,0,충남,태안군,차대차,정면충돌,정면충돌,운전자법규위반,중앙선 침범,단일로,기타단일로,승용차,대형,건설기계,건설기계,889525,1867784,126.2616087,36.80178181
2015,2015031022,15,야간,화,1,1,0,0,0,울산,동구,차대차,측면직각충돌,측면직각충돌,운전자법규위반,과속,교차로,교차로내,승용차,대형,이륜차,소형,1174135,1722965,129.4196269,35.48731127
2015,2015031514,15,주간,일,1,3,0,2,0,충남,서산시,차대차,추돌,진행중 추돌,운전자법규위반,안전운전 의무 불이행,단일로,기타단일로,이륜차,대형,승용차,중형,911683,1865573,126.5102117,36.7841801
2015,2015031612,5,주간,월,1,1,0,0,0,전북,고창군,차대차,측면직각충돌,측면직각충돌,운전자법규위반,부당한 회전,단일로,기타단일로,이륜차,소형,화물차,소형,918118,1705280,126.5989513,35.33976333
2015,2015031421,50,야간,토,1,1,0,0,0,전남,순천시,차대차,기타,기타,운전자법규위반,안전운전 의무 불이행,단일로,기타단일로,승용차,경형,자전거,자전거,999406,1666206,127.4934913,34.99078359
2015,2015031417,20,주간,토,1,1,0,0,0,서울,강동구,차대사람,기타,기타,운전자법규위반,보행자 보호의무 위반,교차로,교차로부근,건설기계,건설기계,보행자,보행자,967743,1948664,127.1348826,37.5367311
2015,2015032017,10,주간,금,1,16,7,8,0,충북,청주시,차대차,정면충돌,정면충돌,운전자법규위반,신호위반,교차로,교차로내,화물차,대형,승합차,대형,1001330,1849180,127.5148781,36.6405166
2015,2015032716,7,주간,금,1,1,0,0,0,경기,안산시,차대차,측면직각충돌,측면직각충돌,운전자법규위반,신호위반,단일로,횡단보도상,자전거,자전거,화물차,소형,941836,1923068,126.8436712,37.30475871
2015,2015040106,18,주간,수,1,1,0,0,0,전북,전주시,차대사람,횡단중,횡단중,운전자법규위반,안전운전 의무 불이행,단일로,기타단일로,화물차,소형,보행자,보행자,968224,1758729,127.1482116,35.82453336
2015,2015040116,0,주간,수,1,4,2,1,0,충남,홍성군,차대차,측면직각충돌,측면직각충돌,운전자법규위반,중앙선 침범,단일로,기타단일로,승용차,소형,화물차,소형,923821,1845627,126.648216,36.6054431
2015,2015040112,20,주간,수,1,3,2,0,0,강원,춘천시,차대차,측면직각충돌,측면직각충돌,운전자법규위반,안전운전 의무 불이행,교차로,교차로내,승합차,소형,승용차,중형,1020596,1983538,127.7341139,37.85139504
2015,2015040115,30,주간,수,1,1,0,0,0,충북,청주시,차량단독,전도전복,전도전복,운전자법규위반,안전운전 의무 불이행,단일로,기타단일로,이륜차,소형,0,0,1001255,1851215,127.514266,36.65755766
2015,2015040100,16,야간,수,1,2,0,1,0,광주,서구,차대사람,횡단중,횡단중,운전자법규위반,안전운전 의무 불이행,단일로,기타단일로,승용차,중형,보행자,보행자,941420,1683705,126.8568924,35.14687153
2015,2015032903,10,야간,일,1,1,0,0,0,경북,울진군,차대사람,기타,기타,운전자법규위반,안전운전 의무 불이행,단일로,기타단일로,승합차,소형,보행자,보행자,1166604,1901080,129.374666,37.09355529
2015,2015032912,20,주간,일,1,2,0,0,1,서울,동대문구,차대차,기타,기타,운전자법규위반,안전운전 의무 불이행,교차로,교차로내,승용차,중형,이륜차,중형,960958,1954910,127.0577523,37.59276574
2015,2015032913,0,주간,일,1,1,0,0,0,인천,남구,차대사람,차도통행중,차도통행중,운전자법규위반,안전운전 의무 불이행,교차로,교차로부근,승용차,대형,보행자,보행자,925948,1940605,126.6626491,37.46168765
2015,2015032818,26,야간,토,1,1,0,0,0,경기,광주시,차량단독,공작물충돌,공작물충돌,운전자법규위반,안전운전 의무 불이행,교차로,교차로부근,원동기장치자전거,원동기장치자전거,0,0,984955,1920992,127.3302679,37.28774396
2015,2015033006,10,주간,월,1,1,0,0,0,강원,정선군,차대사람,횡단중,횡단중,운전자법규위반,안전운전 의무 불이행,교차로,교차로내,화물차,소형,보행자,보행자,1103275,1932015,128.6665376,37.38147218
2015,2015040309,10,주간,금,1,4,1,2,0,경북,영주시,차대차,측면직각충돌,측면직각충돌,운전자법규위반,안전운전 의무 불이행,교차로,교차로내,화물차,소형,승용차,중형,1099598,1870245,128.6168078,36.82516981
2015,2015021314,20,주간,금,1,2,0,1,0,충북,청주시,차대차,기타,기타,운전자법규위반,안전운전 의무 불이행,단일로,기타단일로,승합차,소형,화물차,소형,996859,1842900,127.464747,36.58350945
2015,2015021310,25,주간,금,1,1,0,0,0,경기,안산시,차대차,기타,기타,운전자법규위반,신호위반,단일로,기타단일로,자전거,자전거,승용차,경형,943405,1922831,126.861393,37.30271939
2015,2015021817,20,주간,수,1,1,0,0,0,대전,동구,차량단독,전도전복,전도전복,운전자법규위반,안전운전 의무 불이행,단일로,기타단일로,승용차,경형,0,0,996863,1807224,127.4650778,36.26226808
2015,2015021601,30,야간,월,1,3,1,1,0,광주,서구,차량단독,공작물충돌,공작물충돌,운전자법규위반,안전운전 의무 불이행,단일로,기타단일로,승용차,중형,0,0,943900,1685631,126.8839862,35.1643791
2015,2015051805,8,야간,월,1,1,0,0,0,인천,서구,차대사람,차도통행중,차도통행중,운전자법규위반,안전운전 의무 불이행,단일로,기타단일로,승합차,소형,보행자,보행자,926853,1946098,126.6723355,37.51126672
2015,2015051614,22,주간,토,1,1,0,0,0,경기,성남시,차대사람,기타,기타,운전자법규위반,안전운전 의무 불이행,교차로,교차로내,화물차,소형,보행자,보행자,965473,1926687,127.1102177,37.33855802
2015,2015051710,13,주간,일,1,1,0,0,0,경기,부천시,차대사람,횡단중,횡단중,운전자법규위반,보행자 보호의무 위반,교차로,교차로부근,승합차,대형,보행자,보행자,938565,1947990,126.8046897,37.5291735
2015,2015052218,20,야간,금,1,1,0,0,0,충남,아산시,차량단독,도로이탈,도로이탈 추락,운전자법규위반,안전운전 의무 불이행,단일로,기타단일로,농기계,농기계,0,0,947220,1868270,126.9082701,36.81113876
2015,2015052320,5,야간,토,1,2,1,0,0,경북,포항시,차대사람,횡단중,횡단중,운전자법규위반,안전운전 의무 불이행,단일로,기타단일로,승용차,대형,보행자,보행자,1184466,1774928,129.5453879,35.95366597
2015,2015052414,45,주간,일,1,6,5,0,0,강원,양양군,차대차,추돌,진행중 추돌,운전자법규위반,직진 및 우회전차의 통행방해,교차로,교차로내,승용차,중형,승용차,중형,1083692,2009014,128.4542336,38.07736773
2015,2015052321,10,야간,토,1,1,0,0,0,경기,안양시,차대사람,길가장자리구역통행중,길가장자리구역통행중,운전자법규위반,안전운전 의무 불이행,단일로,기타단일로,승합차,중형,보행자,보행자,949662,1933741,126.931251,37.40141601
2015,2015053021,10,야간,토,1,4,0,3,0,부산,연제구,차대차,측면직각충돌,측면직각충돌,운전자법규위반,중앙선 침범,단일로,기타단일로,승용차,중형,이륜차,중형,1144108,1688756,129.0827159,35.18378095
2015,2015052720,15,야간,수,1,1,0,0,0,경기,여주시,차대사람,횡단중,횡단중,운전자법규위반,신호위반,단일로,횡단보도부근,화물차,소형,보행자,보행자,1013330,1916451,127.6503028,37.24683759
2015,2015052714,15,주간,수,2,5,3,0,0,충남,태안군,차대차,정면충돌,정면충돌,운전자법규위반,중앙선 침범,교차로,교차로부근,승용차,중형,건설기계,건설기계,891681,1855749,126.2874799,36.6935621
2015,2015053122,37,야간,일,1,1,0,0,0,경기,양평군,차량단독,기타,기타,운전자법규위반,안전운전 의무 불이행,기타/불명,기타/불명,농기계,농기계,0,0,997495,1945029,127.471658,37.50452757
2015,2015060702,30,야간,일,1,1,0,0,0,서울,도봉구,차대사람,횡단중,횡단중,운전자법규위반,안전운전 의무 불이행,단일로,기타단일로,승용차,중형,보행자,보행자,959389,1961443,127.039617,37.65158097
2015,2015060620,5,야간,토,1,1,0,0,0,광주,서구,차대사람,기타,기타,운전자법규위반,안전운전 의무 불이행,단일로,기타단일로,승용차,중형,보행자,보행자,945805,1684298,126.9049255,35.1525425
2015,2015060513,56,주간,금,1,3,1,1,0,충북,옥천군,차대차,기타,기타,운전자법규위반,신호위반,교차로,교차로내,원동기장치자전거,원동기장치자전거,승용차,중형,1007487,1811542,127.5833893,36.30117311
2015,2015060421,27,야간,목,1,1,0,0,0,경북,안동시,차대사람,보도통행중,보도통행중,운전자법규위반,기타(운전자법규위반),단일로,기타단일로,화물차,소형,보행자,보행자,1107710,1842202,128.7038034,36.57153236
2015,2015060501,20,야간,금,1,1,0,0,0,부산,동래구,차량단독,공작물충돌,공작물충돌,운전자법규위반,안전운전 의무 불이행,교차로,교차로내,승용차,중형,0,0,1144942,1689957,129.0920837,35.19448634
2015,2015060416,0,주간,목,1,1,0,0,0,전남,순천시,차대사람,횡단중,횡단중,운전자법규위반,보행자 보호의무 위반,단일로,횡단보도상,화물차,소형,보행자,보행자,998989,1663686,127.4889251,34.96805923
2015,2015061008,10,주간,수,1,1,0,0,0,강원,고성군,차량단독,도로이탈,도로이탈 추락,운전자법규위반,안전운전 의무 불이행,교차로,교차로내,건설기계,건설기계,0,0,1087718,2030709,128.5028063,38.27248518
2015,2015060823,0,야간,월,1,4,0,3,0,경기,양평군,차대차,정면충돌,정면충돌,운전자법규위반,중앙선 침범,단일로,기타단일로,승용차,중형,승용차,중형,1007657,1941858,127.5865996,37.47591685
2015,2015070908,15,주간,목,1,2,0,1,0,경기,평택시,차대차,추돌,진행중 추돌,운전자법규위반,안전운전 의무 불이행,교차로,교차로부근,화물차,대형,화물차,대형,945751,1882259,126.890801,36.93715407
2015,2015060823,10,야간,월,1,3,1,1,0,경기,김포시,차대차,측면직각충돌,측면직각충돌,운전자법규위반,신호위반,교차로,교차로내,승용차,경형,승용차,중형,927254,1961445,126.6753481,37.64961494
2015,2015060810,30,주간,월,2,2,0,0,0,경기,구리시,차대사람,횡단중,횡단중,운전자법규위반,과속,단일로,기타단일로,화물차,중형,보행자,보행자,967420,1955174,127.1309372,37.59539683
2015,2015060717,45,주간,일,1,1,0,0,0,충남,공주시,차량단독,공작물충돌,공작물충돌,운전자법규위반,안전운전 의무 불이행,단일로,기타단일로,화물차,소형,0,0,966287,1835395,127.1234759,36.51565054
2015,2015060820,16,야간,월,1,1,0,0,0,경북,경산시,차대사람,차도통행중,차도통행중,운전자법규위반,안전운전 의무 불이행,단일로,기타단일로,승용차,중형,보행자,보행자,1119498,1768313,128.8242378,35.90415666
2015,2015061404,40,야간,일,1,2,0,1,0,강원,강릉시,차대사람,기타,기타,운전자법규위반,안전운전 의무 불이행,단일로,기타단일로,승용차,소형,보행자,보행자,1136365,1961903,129.0457407,37.64649741
2015,2015061316,0,주간,토,1,1,0,0,0,대전,동구,차대사람,차도통행중,차도통행중,운전자법규위반,안전운전 의무 불이행,단일로,기타단일로,승용차,중형,보행자,보행자,993949,1817260,127.4325536,36.35269744
2015,2015061105,15,야간,목,1,2,1,0,0,전남,순천시,차량단독,전도전복,전도전복,운전자법규위반,안전운전 의무 불이행,단일로,기타단일로,승용차,소형,0,0,977042,1665489,127.2484591,34.9840577
2015,2015061114,27,주간,목,1,1,0,0,0,인천,중구,차대차,측면직각충돌,측면직각충돌,운전자법규위반,중앙선 침범,단일로,기타단일로,승용차,소형,화물차,대형,913937,1946279,126.5261865,37.51178357
2015,2015061521,15,야간,월,1,2,0,1,0,충남,천안시,차대차,추돌,주정차중 추돌,운전자법규위반,안전운전 의무 불이행,기타/불명,기타/불명,승용차,경형,승용차,대형,967453,1866788,127.1351653,36.79869155