발생년,발생년월일시,발생분,주야,요일,사망자수,사상자수,중상자수,경상자수,부상신고자수,발생지시도,발생지시군구,사고유형_대분류,사고유형_중분류,사고유형,법규위반_대분류,법규위반,도로형태_대분류,도로형태,당사자종별_1당_대분류,당사자종별_1당,당사자종별_2당_대분류,당사자종별_2당,발생위치X_UTMK,발생위치Y_UTMK,경도,위도
2015,2015040805,45,야간,수,1,2,1,0,0,충남,아산시,차대차,정면충돌,정면충돌,운전자법규위반,중앙선 침범,단일로,기타단일로,승용차,대형,승용차,중형,944827,1871660,126.8811969,36.84156027
2015,2015040515,20,주간,일,1,1,0,0,0,전북,전주시,차량단독,공작물충돌,공작물충돌,운전자법규위반,안전운전 의무 불이행,단일로,기타단일로,승용차,중형,0,0,965915,1752112,127.1229314,35.76479657
2015,2015041118,6,야간,토,1,3,1,1,0,충남,서천군,차대차,측면직각충돌,측면직각충돌,운전자법규위반,신호위반,교차로,교차로내,승합차,중형,화물차,대형,914880,1795717,126.5537219,36.15479141
2015,2015040819,55,야간,수,1,3,0,2,0,경기,포천시,차대차,추돌,주정차중 추돌,운전자법규위반,안전운전 의무 불이행,단일로,기타단일로,승용차,경형,승용차,경형,967551,1978448,127.1313839,37.80517406
2015,2015041416,0,주간,화,1,1,0,0,0,충남,아산시,차대사람,횡단중,횡단중,운전자법규위반,안전운전 의무 불이행,교차로,교차로내,승합차,중형,보행자,보행자,955499,1865945,127.0012205,36.79060591
2015,2015041505,40,야간,수,1,1,0,0,0,충남,공주시,차량단독,공작물충돌,공작물충돌,운전자법규위반,안전운전 의무 불이행,교차로,교차로부근,승용차,소형,0,0,965015,1830432,127.1094945,36.47086347
2015,2015041521,19,야간,수,1,2,0,1,0,전남,순천시,차대차,추돌,진행중 추돌,운전자법규위반,안전운전 의무 불이행,단일로,기타단일로,승용차,소형,화물차,중형,998898,1658139,127.4879355,34.91803892
2015,2015041317,5,주간,월,1,1,0,0,0,전남,장성군,차량단독,공작물충돌,공작물충돌,운전자법규위반,안전운전 의무 불이행,단일로,기타단일로,승용차,소형,0,0,934282,1710522,126.7763879,35.38822106
2015,2015041701,41,야간,금,1,1,0,0,0,서울,서초구,차량단독,도로이탈,도로이탈 기타,운전자법규위반,안전운전 의무 불이행,단일로,기타단일로,승용차,중형,0,0,957410,1946786,127.0180354,37.51938459
2015,2015042106,30,주간,화,1,1,0,0,0,경북,상주시,차량단독,공작물충돌,공작물충돌,운전자법규위반,안전운전 의무 불이행,단일로,기타단일로,승용차,소형,0,0,1061714,1827741,128.188627,36.44525607
2015,2015042106,25,주간,화,1,1,0,0,0,울산,울주군,차대차,추돌,진행중 추돌,운전자법규위반,안전거리 미확보,단일로,기타단일로,승용차,대형,농기계,농기계,1168501,1708523,129.354562,35.35813093
2015,2015041921,39,야간,일,1,1,0,0,0,전북,고창군,차량단독,공작물충돌,공작물충돌,운전자법규위반,안전운전 의무 불이행,단일로,기타단일로,승용차,중형,0,0,926325,1714026,126.6884652,35.4192564
2015,2015042013,23,주간,월,1,1,0,0,0,서울,서대문구,차대사람,횡단중,횡단중,운전자법규위반,안전운전 의무 불이행,단일로,기타단일로,승합차,대형,보행자,보행자,950716,1954760,126.9417508,37.59092208
2015,2015070600,10,야간,월,1,1,0,0,0,부산,해운대구,차대사람,횡단중,횡단중,운전자법규위반,과속,단일로,기타단일로,승용차,중형,보행자,보행자,1149742,1693156,129.145371,35.22261567
2015,2015070608,0,주간,월,1,1,0,0,0,대구,달서구,차대차,기타,기타,운전자법규위반,안전운전 의무 불이행,단일로,기타단일로,화물차,소형,자전거,자전거,1092901,1760533,128.5286403,35.83691093
2015,2015052105,55,야간,목,1,1,0,0,0,충남,서천군,차대차,추돌,진행중 추돌,운전자법규위반,안전운전 의무 불이행,단일로,기타단일로,화물차,소형,자전거,자전거,927085,1782326,126.6906304,36.0350682
2015,2015052610,40,주간,화,1,1,0,0,0,경기,하남시,차대사람,횡단중,횡단중,운전자법규위반,안전운전 의무 불이행,교차로,교차로내,승용차,대형,보행자,보행자,975709,1948929,127.2250399,37.53936403
2015,2015052421,49,야간,일,1,3,2,0,0,경북,영주시,차대차,정면충돌,정면충돌,운전자법규위반,중앙선 침범,단일로,기타단일로,승용차,대형,승용차,중형,1095013,1879835,128.5666048,36.91207685
2015,2015052712,50,주간,수,2,2,0,0,0,전남,해남군,차량단독,공작물충돌,공작물충돌,운전자법규위반,안전운전 의무 불이행,단일로,기타단일로,승용차,경형,0,0,923556,1608777,126.6676142,34.4700639
2015,2015052809,40,주간,목,1,1,0,0,0,경남,산청군,차대사람,횡단중,횡단중,운전자법규위반,안전운전 의무 불이행,교차로,교차로내,화물차,소형,보행자,보행자,1031123,1697872,127.8422195,35.27583975
2015,2015052900,52,야간,금,1,1,0,0,0,경기,시흥시,차대사람,횡단중,횡단중,운전자법규위반,안전운전 의무 불이행,교차로,교차로부근,승용차,중형,보행자,보행자,932726,1927233,126.740503,37.34168374
2015,2015060312,0,주간,수,1,1,0,0,0,전남,나주시,차량단독,도로이탈,도로이탈 추락,운전자법규위반,안전운전 의무 불이행,단일로,기타단일로,농기계,농기계,0,0,927722,1662331,126.7083853,34.95326141
2015,2015060212,10,주간,화,1,1,0,0,0,경북,예천군,차대사람,차도통행중,차도통행중,운전자법규위반,안전운전 의무 불이행,단일로,기타단일로,화물차,소형,보행자,보행자,1095108,1856430,128.5647459,36.70111429
2015,2015060108,40,주간,월,1,1,0,0,0,경기,용인시,차대차,추돌,진행중 추돌,운전자법규위반,안전운전 의무 불이행,단일로,기타단일로,화물차,경형,농기계,농기계,983218,1903824,127.3110581,37.13296086
2015,2015053023,51,야간,토,1,1,0,0,0,경기,안산시,차량단독,공작물충돌,공작물충돌,운전자법규위반,안전운전 의무 불이행,단일로,기타단일로,원동기장치자전거,원동기장치자전거,0,0,944921,1921577,126.8785913,37.2915076
2015,2015053111,0,주간,일,1,1,0,0,0,경북,문경시,차대사람,횡단중,횡단중,운전자법규위반,안전운전 의무 불이행,단일로,기타단일로,승용차,중형,보행자,보행자,1045060,1843758,128.0037384,36.59057366
2015,2015060520,13,야간,금,1,1,0,0,0,전북,완주군,차대차,추돌,주정차중 추돌,운전자법규위반,안전운전 의무 불이행,교차로,교차로부근,원동기장치자전거,원동기장치자전거,건설기계,건설기계,957389,1759289,127.0282319,35.82917134
2015,2015060915,30,주간,화,1,1,0,0,0,충남,청양군,차대사람,길가장자리구역통행중,길가장자리구역통행중,운전자법규위반,안전운전 의무 불이행,단일로,기타단일로,승용차,중형,보행자,보행자,937904,1828427,126.8070558,36.45141543
2015,2015061011,30,주간,수,1,1,0,0,0,대전,유성구,차대차,측면직각충돌,측면직각충돌,운전자법규위반,부당한 회전,단일로,기타단일로,화물차,중형,이륜차,소형,989627,1827271,127.384257,36.44294903
2015,2015061301,10,야간,토,1,2,0,0,1,경기,파주시,차량단독,공작물충돌,공작물충돌,운전자법규위반,안전운전 의무 불이행,교차로,교차로내,승용차,소형,0,0,936566,1974470,126.7797659,37.76769517
2015,2015061302,23,야간,토,1,1,0,0,0,경기,부천시,차대사람,횡단중,횡단중,운전자법규위반,안전운전 의무 불이행,단일로,횡단보도상,승용차,대형,보행자,보행자,936812,1944221,126.7851751,37.49508524
2015,2015061217,30,주간,금,1,1,0,0,0,전남,고흥군,차량단독,도로이탈,도로이탈 추락,운전자법규위반,안전운전 의무 불이행,단일로,기타단일로,이륜차,사발이,0,0,985218,1633612,127.3386017,34.69675483
2015,2015061105,5,야간,목,1,1,0,0,0,서울,양천구,차대차,기타,기타,운전자법규위반,신호위반,단일로,기타단일로,자전거,자전거,승용차,중형,943796,1948043,126.8640535,37.52994975
2015,2015061216,30,주간,금,1,1,0,0,0,충남,금산군,차대차,측면직각충돌,측면직각충돌,운전자법규위반,안전운전 의무 불이행,단일로,기타단일로,승용차,경형,자전거,자전거,999665,1789587,127.4962782,36.10326377
2015,2015061209,53,주간,금,1,1,0,0,0,전북,고창군,차대차,측면직각충돌,측면직각충돌,운전자법규위반,직진 및 우회전차의 통행방해,교차로,교차로내,이륜차,사발이,화물차,소형,917851,1706542,126.5958867,35.35111934
2015,2015061720,33,야간,수,1,1,0,0,0,전북,전주시,차대차,측면직각충돌,측면직각충돌,운전자법규위반,안전운전 의무 불이행,교차로,교차로내,승합차,대형,이륜차,소형,963433,1756832,127.095259,35.80726308
2015,2015061710,25,주간,수,1,2,1,0,0,서울,은평구,차대차,측면직각충돌,측면직각충돌,운전자법규위반,차로위반(진로변경 위반),단일로,기타단일로,이륜차,소형,승합차,대형,945828,1954435,126.8864103,37.58771801
2015,2015061716,10,주간,수,1,1,0,0,0,전북,군산시,차대차,기타,기타,운전자법규위반,중앙선 침범,교차로,교차로부근,화물차,소형,자전거,자전거,935533,1769760,126.7854197,35.92237858
2015,2015061907,30,주간,금,1,1,0,0,0,경기,동두천시,차대차,추돌,진행중 추돌,운전자법규위반,안전운전 의무 불이행,단일로,기타단일로,화물차,대형,원동기장치자전거,원동기장치자전거,959927,1989467,127.0441675,37.9041837
2015,2015062110,45,주간,일,1,1,0,0,0,경남,창원시(통합),차대차,기타,기타,운전자법규위반,안전운전 의무 불이행,단일로,기타단일로,이륜차,중형,승용차,대형,1095339,1684218,128.5466691,35.1486831
2015,2015062523,39,야간,목,1,1,0,0,0,서울,영등포구,차대사람,기타,기타,운전자법규위반,안전운전 의무 불이행,교차로,교차로부근,승용차,중형,보행자,보행자,946073,1947035,126.8897293,37.52103568
2015,2015062209,20,주간,월,1,1,0,0,0,경남,창원시(통합),차대사람,길가장자리구역통행중,길가장자리구역통행중,운전자법규위반,안전운전 의무 불이행,단일로,기타단일로,화물차,소형,보행자,보행자,1109459,1687885,128.702142,35.18030381
2015,2015062821,0,야간,일,1,1,0,0,0,경남,김해시,차대사람,차도통행중,차도통행중,운전자법규위반,안전운전 의무 불이행,단일로,기타단일로,승용차,중형,보행자,보행자,1121568,1698784,128.8367103,35.27716163
2015,2015062817,35,주간,일,1,1,0,0,0,경남,함안군,차대차,정면충돌,정면충돌,운전자법규위반,중앙선 침범,단일로,기타단일로,이륜차,소형,승용차,중형,1086475,1708016,128.4518745,35.36404293
2015,2015062820,18,야간,일,1,1,0,0,0,전북,순창군,차대사람,보도통행중,보도통행중,운전자법규위반,안전운전 의무 불이행,단일로,기타단일로,승용차,대형,보행자,보행자,947106,1717455,126.9171338,35.4514946
2015,2015062821,50,야간,일,2,3,1,0,0,경기,광주시,차대차,정면충돌,정면충돌,운전자법규위반,중앙선 침범,단일로,기타단일로,승용차,중형,승용차,중형,975255,1933799,127.2204094,37.40297614
2015,2015062702,30,야간,토,1,3,1,1,0,경남,창원시(통합),차량단독,도로이탈,도로이탈 기타,운전자법규위반,과속,단일로,기타단일로,화물차,중형,0,0,1080292,1681152,128.3811983,35.12235383
2015,2015062810,0,주간,일,1,1,0,0,0,전남,화순군,차량단독,전도전복,전도전복,운전자법규위반,안전운전 의무 불이행,교차로,교차로부근,원동기장치자전거,원동기장치자전거,0,0,945016,1666662,126.8974987,34.99340068
2015,2015052709,25,주간,수,1,1,0,0,0,경남,창녕군,차대사람,차도통행중,차도통행중,운전자법규위반,안전운전 의무 불이행,단일로,기타단일로,승합차,경형,보행자,보행자,1088445,1710987,128.4738784,35.39065546
2015,2015052523,0,야간,월,2,2,0,0,0,대전,유성구,차량단독,전도전복,전도전복,운전자법규위반,안전운전 의무 불이행,단일로,기타단일로,원동기장치자전거,원동기장치자전거,0,0,989361,1819657,127.3813933,36.37430356
2015,2015052500,40,야간,월,1,2,1,0,0,대전,서구,차대차,측면직각충돌,측면직각충돌,운전자법규위반,안전운전 의무 불이행,단일로,기타단일로,승용차,중형,이륜차,소형,989691,1813908,127.3851484,36.32247762
2015,2015052423,0,야간,일,1,1,0,0,0,충남,천안시,차량단독,기타,기타,운전자법규위반,기타(운전자법규위반),단일로,기타단일로,승용차,중형,0,0,976412,1863419,127.2356941,36.7685868
2015,2015052402,57,야간,일,1,1,0,0,0,경기,과천시,차대사람,기타,기타,운전자법규위반,안전운전 의무 불이행,단일로,기타단일로,승용차,경형,보행자,보행자,955745,1936480,126.9998137,37.42641448
2015,2015053020,25,야간,토,1,1,0,0,0,경남,의령군,차대사람,차도통행중,차도통행중,운전자법규위반,직진 및 우회전차의 통행방해,교차로,교차로내,승용차,대형,보행자,보행자,1063635,1704296,128.2001932,35.33222122
2015,2015052813,40,주간,목,1,4,0,3,0,부산,강서구,차대차,추돌,주정차중 추돌,운전자법규위반,안전운전 의무 불이행,교차로,교차로내,승용차,중형,화물차,소형,1125593,1680571,128.87818,35.11248294
2015,2015052902,27,야간,금,1,1,0,0,0,강원,원주시,차량단독,도로이탈,도로이탈 추락,운전자법규위반,안전운전 의무 불이행,단일로,기타단일로,승용차,중형,0,0,1030843,1925680,127.8481518,37.32961088
2015,2015092406,10,주간,목,1,2,1,0,0,경기,안성시,차대차,추돌,진행중 추돌,운전자법규위반,안전운전 의무 불이행,단일로,기타단일로,화물차,소형,화물차,대형,974975,1901218,127.2183413,37.10928577
2015,2015121607,25,주간,수,1,1,0,0,0,제주,제주시,차대차,기타,기타,운전자법규위반,안전운전 의무 불이행,교차로,교차로내,화물차,중형,화물차,중형,888978,1495587,126.3054569,33.44624124
2015,2015112717,35,주간,금,1,2,1,0,0,대구,동구,차대사람,횡단중,횡단중,운전자법규위반,안전운전 의무 불이행,단일로,횡단보도상,승용차,중형,보행자,보행자,1101091,1764367,128.6197946,35.87066196
2015,2015072120,55,야간,화,1,1,0,0,0,대구,달성군,차량단독,공작물충돌,공작물충돌,운전자법규위반,안전운전 의무 불이행,단일로,기타단일로,이륜차,소형,0,0,1083618,1740320,128.4237596,35.65552354
2015,2015110218,40,야간,월,1,1,0,0,0,경기,광주시,차대사람,기타,기타,운전자법규위반,안전운전 의무 불이행,교차로,교차로내,승합차,대형,보행자,보행자,976560,1937075,127.2350503,37.43253895
2015,2015102101,56,야간,수,1,1,0,0,0,전남,무안군,차대사람,기타,기타,운전자법규위반,안전운전 의무 불이행,단일로,기타단일로,승용차,소형,보행자,보행자,905860,1667127,126.4684332,34.99470591
2015,2015102109,0,주간,수,1,1,0,0,0,경기,고양시,차대사람,기타,기타,운전자법규위반,안전운전 의무 불이행,단일로,기타단일로,승용차,중형,보행자,보행자,939795,1956640,126.8178992,37.60721641
2015,2015102305,45,야간,금,1,1,0,0,0,울산,동구,차대사람,횡단중,횡단중,운전자법규위반,안전운전 의무 불이행,교차로,교차로내,이륜차,소형,보행자,보행자,1173876,1724372,129.4170744,35.50003603
2015,2015122718,45,야간,일,1,1,0,0,0,전남,영광군,차량단독,전도전복,전도전복,운전자법규위반,안전운전 의무 불이행,단일로,기타단일로,원동기장치자전거,원동기장치자전거,0,0,907013,1711802,126.4760232,35.39758953
2015,2015112206,0,주간,일,1,1,0,0,0,강원,양양군,차대사람,횡단중,횡단중,운전자법규위반,안전운전 의무 불이행,교차로,교차로내,화물차,소형,보행자,보행자,1099425,2012772,128.6341104,38.10963782
2015,2015122400,5,야간,목,1,1,0,0,0,대구,달성군,차대사람,횡단중,횡단중,운전자법규위반,안전운전 의무 불이행,단일로,기타단일로,승용차,경형,보행자,보행자,1080920,1764588,128.3964086,35.87452919
2015,2015093023,5,야간,수,1,1,0,0,0,충북,청주시,차대사람,기타,기타,운전자법규위반,안전운전 의무 불이행,단일로,기타단일로,승용차,중형,보행자,보행자,998916,1847092,127.4878767,36.62169361
2015,2015080405,35,야간,화,1,3,2,0,0,경기,파주시,차대차,정면충돌,정면충돌,운전자법규위반,중앙선 침범,단일로,기타단일로,승용차,소형,승용차,중형,931214,1978189,126.7186511,37.80082521
2015,2015070811,55,주간,수,1,1,0,0,0,전북,부안군,차대차,정면충돌,정면충돌,운전자법규위반,안전운전 의무 불이행,단일로,기타단일로,승용차,소형,화물차,경형,921915,1754431,126.6359867,35.78319232
2015,2015082202,30,야간,토,1,3,1,0,1,부산,기장군,차대차,정면충돌,정면충돌,운전자법규위반,중앙선 침범,단일로,기타단일로,원동기장치자전거,원동기장치자전거,승용차,중형,1155878,1694099,129.2129459,35.23017996
2015,2015122707,17,주간,일,1,1,0,0,0,전남,해남군,차량단독,전도전복,전도전복,운전자법규위반,안전운전 의무 불이행,단일로,기타단일로,승용차,경형,0,0,917761,1618685,126.6035636,34.55895891
2015,2015100317,45,주간,토,1,5,0,4,0,경기,이천시,차대차,측면직각충돌,측면직각충돌,운전자법규위반,안전운전 의무 불이행,단일로,기타단일로,승용차,중형,승용차,소형,990812,1924004,127.396307,37.3149703
2015,2015100317,50,주간,토,1,1,0,0,0,전북,김제시,차대사람,기타,기타,운전자법규위반,안전운전 의무 불이행,교차로,교차로부근,승용차,중형,보행자,보행자,944181,1756922,126.8821715,35.80716828
2015,2015081010,50,주간,월,1,1,0,0,0,서울,성동구,차량단독,공작물충돌,공작물충돌,운전자법규위반,안전운전 의무 불이행,단일로,기타단일로,이륜차,소형,0,0,960135,1952375,127.048568,37.56988183
2015,2015110413,40,주간,수,1,1,0,0,0,충북,제천시,차량단독,기타,기타,운전자법규위반,기타(운전자법규위반),단일로,기타단일로,원동기장치자전거,원동기장치자전거,0,0,1061635,1907322,128.1942603,37.16232554
2015,2015101804,30,야간,일,1,1,0,0,0,전북,김제시,차대사람,기타,기타,운전자법규위반,안전운전 의무 불이행,단일로,기타단일로,화물차,소형,보행자,보행자,950937,1767577,126.9562911,35.90359218
2015,2015110314,10,주간,화,1,1,0,0,0,전남,여수시,차량단독,전도전복,전도전복,운전자법규위반,안전운전 의무 불이행,교차로,교차로내,농기계,농기계,0,0,1025113,1629090,127.7740628,34.65577466
2015,2015122005,47,야간,일,1,1,0,0,0,인천,계양구,차대사람,횡단중,횡단중,운전자법규위반,안전운전 의무 불이행,단일로,기타단일로,승용차,소형,보행자,보행자,931602,1949614,126.7257387,37.54332002
2015,2015122213,55,주간,화,2,3,1,0,0,전북,김제시,차대차,측면직각충돌,측면직각충돌,운전자법규위반,직진 및 우회전차의 통행방해,교차로,교차로내,건설기계,건설기계,화물차,소형,940183,1766978,126.8371684,35.89759322
2015,2015072501,30,야간,토,1,1,0,0,0,대구,북구,차대차,추돌,주정차중 추돌,운전자법규위반,안전운전 의무 불이행,단일로,기타단일로,이륜차,소형,승용차,중형,1096818,1766247,128.5726983,35.88804115
2015,2015102023,40,야간,화,1,1,0,0,0,경북,포항시,차대사람,기타,기타,운전자법규위반,안전운전 의무 불이행,단일로,기타단일로,승합차,대형,보행자,보행자,1166689,1778688,129.3491612,35.99074549
2015,2015110822,55,야간,일,1,1,0,0,0,경기,용인시,차대사람,차도통행중,차도통행중,운전자법규위반,안전운전 의무 불이행,교차로,교차로내,승용차,중형,보행자,보행자,985437,1909116,127.3359378,37.18070094
2015,2015102105,25,야간,수,1,1,0,0,0,경북,영주시,차대사람,길가장자리구역통행중,길가장자리구역통행중,운전자법규위반,안전운전 의무 불이행,단일로,기타단일로,승용차,소형,보행자,보행자,1091533,1874772,128.526933,36.8667876
2015,2015112620,50,야간,목,1,2,1,0,0,경기,안산시,차대차,정면충돌,정면충돌,운전자법규위반,중앙선 침범,단일로,기타단일로,특수차,중형,화물차,대형,942758,1923639,126.8540305,37.30996259
2015,2015122502,30,야간,금,1,1,0,0,0,서울,성북구,차대사람,횡단중,횡단중,운전자법규위반,안전운전 의무 불이행,단일로,횡단보도상,승용차,중형,보행자,보행자,961042,1957024,127.0585912,37.6118233
2015,2015111318,0,야간,금,1,1,0,0,0,전남,완도군,차대사람,기타,기타,운전자법규위반,안전운전 의무 불이행,단일로,기타단일로,화물차,소형,보행자,보행자,919205,1578992,126.6230415,34.20114993
2015,2015092801,45,야간,월,1,2,0,1,0,충북,청주시,차량단독,공작물충돌,공작물충돌,운전자법규위반,안전운전 의무 불이행,교차로,교차로부근,승용차,중형,0,0,1001023,1841662,127.5114338,36.572742
2015,2015092601,14,야간,토,1,1,0,0,0,강원,춘천시,차대사람,횡단중,횡단중,운전자법규위반,안전운전 의무 불이행,단일로,기타단일로,승용차,중형,보행자,보행자,1024235,1983894,127.7754898,37.85451418
2015,2015073100,30,야간,금,1,3,0,2,0,강원,강릉시,차량단독,공작물충돌,공작물충돌,운전자법규위반,안전운전 의무 불이행,단일로,기타단일로,승용차,중형,0,0,1104738,1983731,128.690454,37.84730908
2015,2015080702,20,야간,금,1,4,3,0,0,경기,양주시,차량단독,공작물충돌,공작물충돌,운전자법규위반,과속,단일로,기타단일로,승용차,중형,0,0,962766,1976895,127.077108,37.79099431
2015,2015081618,50,야간,일,1,1,0,0,0,경북,상주시,차대사람,보도통행중,보도통행중,운전자법규위반,중앙선 침범,단일로,기타단일로,화물차,중형,보행자,보행자,1061289,1841664,128.18499,36.57079266
2015,2015120423,40,야간,금,1,1,0,0,0,경남,김해시,차량단독,전도전복,전도전복,운전자법규위반,안전운전 의무 불이행,기타/불명,기타/불명,원동기장치자전거,원동기장치자전거,0,0,1135936,1695254,128.9940651,35.24349376
2015,2015112317,30,주간,월,1,1,0,0,0,전남,완도군,차대사람,기타,기타,운전자법규위반,안전운전 의무 불이행,단일로,기타단일로,화물차,소형,보행자,보행자,947580,1599878,126.9297387,34.39131568
2015,2015112417,22,주간,화,1,2,0,1,0,경기,시흥시,차대차,측면직각충돌,측면직각충돌,운전자법규위반,안전운전 의무 불이행,교차로,교차로내,승용차,중형,이륜차,소형,933161,1926631,126.7454679,37.33628926
2015,2015090523,10,야간,토,1,1,0,0,0,대구,달서구,차대사람,횡단중,횡단중,운전자법규위반,안전운전 의무 불이행,교차로,교차로부근,승용차,중형,보행자,보행자,1096325,1761687,128.5666859,35.84698334
2015,2015100518,0,야간,월,1,1,0,0,0,제주,서귀포시,차대사람,횡단중,횡단중,운전자법규위반,보행자 보호의무 위반,단일로,횡단보도상,승용차,중형,보행자,보행자,886616,1473822,126.28284,33.24976649
2015,2015080522,50,야간,수,1,1,0,0,0,충북,증평군,차량단독,도로이탈,도로이탈 추락,운전자법규위반,안전운전 의무 불이행,단일로,기타단일로,화물차,소형,0,0,1010080,1869408,127.6130272,36.82281595
2015,2015123008,40,주간,수,1,1,0,0,0,경북,안동시,차대차,측면직각충돌,측면직각충돌,운전자법규위반,직진 및 우회전차의 통행방해,교차로,교차로내,승용차,중형,이륜차,소형,1108267,1842174,128.7100234,36.57121697
2015,2015042500,40,야간,토,1,2,1,0,0,울산,동구,차대차,기타,기타,운전자법규위반,직진 및 우회전차의 통행방해,교차로,교차로내,이륜차,중형,승용차,중형,1173550,1722908,129.413169,35.48690001
2015,2015042419,42,야간,금,1,1,0,0,0,충남,보령시,차대사람,횡단중,횡단중,운전자법규위반,안전운전 의무 불이행,단일로,기타단일로,승합차,소형,보행자,보행자,919505,1814361,126.6032145,36.32325258
2015,2015042300,39,야간,목,1,1,0,0,0,충남,천안시,차량단독,공작물충돌,공작물충돌,운전자법규위반,안전운전 의무 불이행,단일로,기타단일로,승용차,소형,0,0,967066,1859445,127.1311444,36.73248397
2015,2015042806,45,주간,화,2,15,1,12,0,부산,북구,차대차,추돌,주정차중 추돌,운전자법규위반,안전운전 의무 불이행,단일로,기타단일로,승용차,중형,승합차,대형,1139246,1691663,129.0298259,35.2106704
2015,2015042901,55,야간,수,1,1,0,0,0,서울,서초구,차대사람,기타,기타,운전자법규위반,안전운전 의무 불이행,단일로,기타단일로,승용차,중형,보행자,보행자,962214,1939937,127.0727496,37.45786091
2015,2015042711,5,주간,월,1,1,0,0,0,전남,목포시,차대사람,횡단중,횡단중,운전자법규위반,안전운전 의무 불이행,교차로,교차로부근,승합차,대형,보행자,보행자,901620,1646267,126.4244342,34.80622866
2015,2015050213,13,주간,토,1,2,0,1,0,경남,사천시,차대차,정면충돌,정면충돌,운전자법규위반,중앙선 침범,단일로,기타단일로,화물차,소형,원동기장치자전거,원동기장치자전거,1050297,1659460,128.0507098,34.92870367
2015,2015050219,50,야간,토,1,2,0,1,0,경기,시흥시,차대차,추돌,진행중 추돌,운전자법규위반,안전운전 의무 불이행,교차로,교차로부근,화물차,소형,화물차,중형,932244,1930226,126.734788,37.36862484
2015,2015050220,55,야간,토,1,1,0,0,0,전남,보성군,차대사람,횡단중,횡단중,운전자법규위반,안전운전 의무 불이행,단일로,기타단일로,화물차,소형,보행자,보행자,961099,1630141,127.0754208,34.66482123
2015,2015043009,55,주간,목,1,1,0,0,0,인천,중구,차량단독,공작물충돌,공작물충돌,운전자법규위반,안전운전 의무 불이행,교차로,교차로내,승용차,중형,0,0,900465,1941382,126.3744367,37.4662971
2015,2015043013,55,주간,목,1,1,0,0,0,광주,북구,차대차,측면직각충돌,측면직각충돌,운전자법규위반,교차로 통행방법 위반,교차로,교차로내,승용차,소형,이륜차,소형,946057,1686227,126.9076313,35.16987118
2015,2015050610,25,주간,수,1,1,0,0,0,강원,원주시,차대차,추돌,진행중 추돌,운전자법규위반,안전운전 의무 불이행,교차로,교차로부근,화물차,경형,농기계,농기계,1047008,1937925,128.0313926,37.43930306
2015,2015050716,6,주간,목,1,1,0,0,0,경남,사천시,차량단독,전도전복,전도전복,운전자법규위반,안전운전 의무 불이행,단일로,기타단일로,이륜차,사발이,0,0,1049524,1672152,128.0430016,35.04318622
2015,2015040710,50,주간,화,1,1,0,0,0,서울,동대문구,차대차,측면직각충돌,측면직각충돌,운전자법규위반,안전운전 의무 불이행,기타/불명,기타/불명,승용차,중형,자전거,자전거,960896,1953184,127.0571422,37.57720621
2015,2015041121,20,야간,토,1,2,0,1,0,경북,포항시,차량단독,공작물충돌,공작물충돌,운전자법규위반,안전운전 의무 불이행,단일로,기타단일로,승용차,대형,0,0,1161480,1782305,129.2921388,36.0242168
2015,2015041200,1,야간,일,1,1,0,0,0,경기,남양주시,차대사람,횡단중,횡단중,운전자법규위반,안전운전 의무 불이행,단일로,기타단일로,승용차,소형,보행자,보행자,987130,1962267,127.3540839,37.65981614
2015,2015041521,35,야간,수,1,2,0,1,0,울산,중구,차대차,측면직각충돌,측면직각충돌,운전자법규위반,신호위반,교차로,교차로내,승용차,소형,이륜차,소형,1167294,1731918,129.3460966,35.56917135
2015,2015041317,40,주간,월,1,1,0,0,0,충북,단양군,차량단독,도로이탈,도로이탈 기타,운전자법규위반,안전운전 의무 불이행,단일로,기타단일로,이륜차,사발이,0,0,1084089,1893717,128.4455362,37.03823629
2015,2015041903,40,야간,일,1,1,0,0,0,대구,달서구,차대사람,횡단중,횡단중,운전자법규위반,과속,단일로,기타단일로,승용차,중형,보행자,보행자,1093074,1761793,128.5307025,35.84825307
2015,2015042119,53,야간,화,1,1,0,0,0,전남,영암군,차대차,기타,기타,운전자법규위반,안전운전 의무 불이행,단일로,기타단일로,승용차,중형,화물차,소형,930380,1643606,126.7390515,34.78460736
2015,2015042309,40,주간,목,1,1,0,0,0,충남,천안시,차대사람,횡단중,횡단중,운전자법규위반,안전운전 의무 불이행,교차로,교차로내,승용차,소형,보행자,보행자,966753,1867216,127.1273001,36.80252545
2015,2015042213,50,주간,수,1,2,0,1,0,경남,진주시,차대사람,횡단중,횡단중,운전자법규위반,보행자 보호의무 위반,교차로,교차로부근,화물차,중형,보행자,보행자,1053112,1689066,128.0834265,35.19551387
2015,2015042123,10,야간,화,1,1,0,0,0,충북,청주시,차량단독,공작물충돌,공작물충돌,운전자법규위반,안전운전 의무 불이행,단일로,기타단일로,승용차,대형,0,0,993214,1855685,127.4240306,36.69913542
2015,2015042217,10,주간,수,1,2,1,0,0,강원,인제군,차대차,정면충돌,정면충돌,운전자법규위반,중앙선 침범,단일로,기타단일로,이륜차,중형,화물차,소형,1057698,1994030,128.1566732,37.94436026