발생년,발생년월일시,발생분,주야,요일,사망자수,사상자수,중상자수,경상자수,부상신고자수,발생지시도,발생지시군구,사고유형_대분류,사고유형_중분류,사고유형,법규위반_대분류,법규위반,도로형태_대분류,도로형태,당사자종별_1당_대분류,당사자종별_1당,당사자종별_2당_대분류,당사자종별_2당,발생위치X_UTMK,발생위치Y_UTMK,경도,위도
2015,2015042401,26,야간,금,1,3,0,2,0,서울,송파구,차대차,측면직각충돌,측면직각충돌,운전자법규위반,신호위반,교차로,교차로내,이륜차,중형,승용차,중형,967651,1944404,127.1340288,37.49833055
2015,2015042920,24,야간,수,1,1,0,0,0,경북,영천시,차대사람,길가장자리구역통행중,길가장자리구역통행중,운전자법규위반,안전운전 의무 불이행,단일로,기타단일로,승합차,소형,보행자,보행자,1121967,1777856,128.8530576,35.98986774
2015,2015042819,30,야간,화,1,1,0,0,0,경기,파주시,차대사람,횡단중,횡단중,운전자법규위반,보행자 보호의무 위반,단일로,기타단일로,승용차,소형,보행자,보행자,930459,1969856,126.7108741,37.72566765
2015,2015042820,43,야간,화,1,1,0,0,0,경기,파주시,차대사람,기타,기타,운전자법규위반,안전운전 의무 불이행,단일로,기타단일로,승합차,대형,보행자,보행자,929646,1969609,126.7016732,37.72337946
2015,2015042711,10,주간,월,1,1,0,0,0,경남,거제시,차대사람,차도통행중,차도통행중,운전자법규위반,중앙선 침범,교차로,교차로부근,화물차,중형,보행자,보행자,1105654,1658318,128.656597,34.91414939
2015,2015043021,23,야간,목,1,1,0,0,0,경기,화성시,차대사람,차도통행중,차도통행중,운전자법규위반,안전운전 의무 불이행,단일로,기타단일로,승용차,중형,보행자,보행자,930758,1911093,126.7197894,37.19606629
2015,2015050700,5,야간,목,1,1,0,0,0,경기,용인시,차대사람,차도통행중,차도통행중,운전자법규위반,안전운전 의무 불이행,단일로,기타단일로,화물차,중형,보행자,보행자,969939,1921007,127.1608644,37.28751503
2015,2015051100,40,야간,월,1,1,0,0,0,경기,고양시,차대사람,횡단중,횡단중,운전자법규위반,신호위반,교차로,교차로내,승용차,경형,보행자,보행자,941683,1966612,126.8384914,37.69721406
2015,2015051602,15,야간,토,1,1,0,0,0,부산,진구,차대사람,기타,기타,운전자법규위반,안전운전 의무 불이행,단일로,기타단일로,승용차,중형,보행자,보행자,1141816,1685808,129.0570448,35.15753443
2015,2015040701,5,야간,화,2,2,0,0,0,경기,시흥시,차대차,추돌,주정차중 추돌,운전자법규위반,안전운전 의무 불이행,단일로,기타단일로,승용차,중형,화물차,중형,936853,1929102,126.7869325,37.35881933
2015,2015040809,0,주간,수,1,2,1,0,0,전남,장성군,차대차,정면충돌,정면충돌,운전자법규위반,중앙선 침범,단일로,기타단일로,자전거,자전거,이륜차,소형,932107,1701595,126.7531822,35.30758805
2015,2015040816,40,주간,수,1,1,0,0,0,부산,동구,차량단독,공작물충돌,공작물충돌,운전자법규위반,안전운전 의무 불이행,고가도로위,고가도로위,특수차,대형,0,0,1142660,1682669,129.0657662,35.12912053
2015,2015040918,11,야간,목,1,1,0,0,0,울산,울주군,차량단독,도로이탈,도로이탈 추락,운전자법규위반,안전운전 의무 불이행,단일로,기타단일로,이륜차,대형,0,0,1165698,1712608,129.3245544,35.39541556
2015,2015041404,15,야간,화,1,1,0,0,0,경기,광명시,차대차,추돌,주정차중 추돌,운전자법규위반,안전운전 의무 불이행,단일로,기타단일로,이륜차,중형,승용차,중형,944708,1942128,126.8746519,37.47672743
2015,2015041413,25,주간,화,1,1,0,0,0,서울,강남구,차대사람,횡단중,횡단중,운전자법규위반,안전운전 의무 불이행,단일로,기타단일로,승용차,중형,보행자,보행자,964514,1943515,127.0985829,37.49020232
2015,2015041117,0,주간,토,1,1,0,0,0,전북,김제시,차량단독,공작물충돌,공작물충돌,운전자법규위반,안전운전 의무 불이행,기타/불명,기타/불명,이륜차,소형,0,0,959323,1753604,127.0499328,35.77799775
2015,2015041122,0,야간,토,1,1,0,0,0,경남,창원시(통합),차량단독,도로이탈,도로이탈 추락,운전자법규위반,안전운전 의무 불이행,기타/불명,기타/불명,승용차,소형,0,0,1107585,1707679,128.6841588,35.35895145
2015,2015041702,15,야간,금,1,3,0,1,1,부산,사하구,차대사람,기타,기타,운전자법규위반,신호위반,교차로,교차로내,승용차,중형,보행자,보행자,1137242,1677944,129.0055359,35.08728222
2015,2015042113,55,주간,화,1,2,0,1,0,경남,고성군,차대차,측면직각충돌,측면직각충돌,운전자법규위반,안전거리 미확보,교차로,교차로부근,화물차,소형,승용차,경형,1071682,1665195,128.2853341,34.97912744
2015,2015060101,30,야간,월,1,1,0,0,0,충남,아산시,차대사람,차도통행중,차도통행중,운전자법규위반,안전운전 의무 불이행,단일로,기타단일로,화물차,소형,보행자,보행자,951107,1865217,126.9520424,36.78382687
2015,2015053121,35,야간,일,1,1,0,0,0,경기,안양시,차대차,측면직각충돌,측면직각충돌,운전자법규위반,안전운전 의무 불이행,교차로,교차로내,승합차,대형,원동기장치자전거,원동기장치자전거,952462,1933237,126.9629182,37.39702118
2015,2015060117,29,주간,월,1,2,0,0,1,경기,파주시,차량단독,공작물충돌,공작물충돌,운전자법규위반,안전운전 의무 불이행,단일로,횡단보도부근,화물차,소형,0,0,938961,1971612,126.8071973,37.74210017
2015,2015060710,55,주간,일,1,2,1,0,0,충북,청주시,차대차,기타,기타,운전자법규위반,앞지르기 금지위반,교차로,교차로내,이륜차,대형,이륜차,대형,1014204,1847395,127.6588602,36.62431987
2015,2015060617,10,주간,토,1,3,0,2,0,전북,익산시,차대차,측면직각충돌,측면직각충돌,운전자법규위반,안전운전 의무 불이행,단일로,기타단일로,승용차,소형,화물차,중형,950189,1774318,126.9477254,35.96440329
2015,2015060918,0,야간,화,1,1,0,0,0,부산,북구,차대사람,기타,기타,운전자법규위반,안전운전 의무 불이행,단일로,기타단일로,승용차,중형,보행자,보행자,1136262,1691101,128.9969593,35.20601426
2015,2015060814,50,주간,월,1,1,0,0,0,인천,부평구,차대사람,횡단중,횡단중,운전자법규위반,신호위반,교차로,교차로내,승용차,소형,보행자,보행자,930147,1946217,126.7095927,37.51259452
2015,2015060721,35,야간,일,1,1,0,0,0,경북,경산시,차대사람,횡단중,횡단중,운전자법규위반,안전운전 의무 불이행,단일로,기타단일로,화물차,소형,보행자,보행자,1111539,1760336,128.7350775,35.83253951
2015,2015061306,18,주간,토,1,1,0,0,0,경남,창원시(통합),차대차,측면직각충돌,측면직각충돌,운전자법규위반,부당한 회전,단일로,횡단보도상,자전거,자전거,승용차,대형,1109672,1691557,128.7049697,35.2133842
2015,2015061801,30,야간,목,1,3,1,1,0,전북,김제시,차대차,추돌,주정차중 추돌,운전자법규위반,과속,단일로,기타단일로,승용차,대형,특수차,중형,945444,1756585,126.8961732,35.80420101
2015,2015061818,5,야간,목,1,2,1,0,0,경북,군위군,차대차,정면충돌,정면충돌,운전자법규위반,안전운전 의무 불이행,단일로,기타단일로,화물차,중형,화물차,소형,1106858,1798462,128.6882706,36.17738092
2015,2015061723,15,야간,수,1,2,1,0,0,충남,아산시,차대차,측면직각충돌,측면직각충돌,운전자법규위반,신호위반,교차로,교차로내,이륜차,중형,승용차,대형,957819,1864297,127.0273141,36.77585629
2015,2015061620,20,야간,화,1,1,0,0,0,전북,고창군,차대차,기타,기타,운전자법규위반,안전운전 의무 불이행,단일로,기타단일로,원동기장치자전거,원동기장치자전거,화물차,소형,925574,1728651,126.6788535,35.55105646
2015,2015061521,50,야간,월,1,1,0,0,0,제주,제주시,차량단독,도로이탈,도로이탈 기타,운전자법규위반,안전운전 의무 불이행,단일로,기타단일로,이륜차,사발이,0,0,887028,1487791,126.2855163,33.37578066
2015,2015061618,30,야간,화,1,2,1,0,0,경기,성남시,차대사람,길가장자리구역통행중,길가장자리구역통행중,운전자법규위반,안전운전 의무 불이행,기타/불명,기타/불명,승용차,중형,보행자,보행자,971691,1937388,127.1800031,37.43522405
2015,2015062111,25,주간,일,1,1,0,0,0,제주,서귀포시,차량단독,전도전복,전도전복,운전자법규위반,안전운전 의무 불이행,기타/불명,기타/불명,농기계,농기계,0,0,894413,1477821,126.3660588,33.28662129
2015,2015062221,30,야간,월,1,1,0,0,0,경기,가평군,차대사람,횡단중,횡단중,운전자법규위반,안전운전 의무 불이행,단일로,기타단일로,승용차,대형,보행자,보행자,992960,1971063,127.4200975,37.73916083
2015,2015062214,20,주간,월,1,1,0,0,0,제주,제주시,차량단독,기타,기타,운전자법규위반,안전운전 의무 불이행,단일로,기타단일로,화물차,소형,0,0,905678,1497653,126.4849449,33.46651924
2015,2015062516,5,주간,목,1,1,0,0,0,충북,괴산군,차대사람,기타,기타,운전자법규위반,안전운전 의무 불이행,단일로,기타단일로,화물차,소형,보행자,보행자,1022821,1853823,127.755425,36.68209997
2015,2015062423,42,야간,수,1,2,1,0,0,대전,유성구,차대차,정면충돌,정면충돌,운전자법규위반,중앙선 침범,단일로,기타단일로,승용차,중형,승합차,대형,985590,1817562,127.339392,36.35536725
2015,2015062323,18,야간,화,1,1,0,0,0,경북,포항시,차대사람,횡단중,횡단중,운전자법규위반,보행자 보호의무 위반,단일로,횡단보도상,승용차,경형,보행자,보행자,1171553,1776526,129.4026256,35.97042004
2015,2015062800,5,야간,일,2,4,1,1,0,인천,남동구,차대차,측면직각충돌,측면직각충돌,운전자법규위반,안전거리 미확보,단일로,기타단일로,승용차,대형,이륜차,소형,930378,1939209,126.7128692,37.44944999
2015,2015062614,30,주간,금,1,1,0,0,0,경북,영덕군,차대차,측면직각충돌,측면직각충돌,운전자법규위반,안전거리 미확보,단일로,기타단일로,원동기장치자전거,원동기장치자전거,승용차,소형,1168672,1819518,129.3799199,36.35831695
2015,2015062607,30,주간,금,1,2,1,0,0,충남,예산군,차대차,기타,기타,운전자법규위반,중앙선 침범,단일로,기타단일로,이륜차,소형,이륜차,소형,937932,1851653,126.805497,36.66078666
2015,2015062605,19,야간,금,1,1,0,0,0,전북,익산시,차량단독,공작물충돌,공작물충돌,운전자법규위반,안전운전 의무 불이행,단일로,기타단일로,승용차,소형,0,0,950663,1774851,126.952803,35.96915807
2015,2015063009,30,주간,화,1,1,0,0,0,전북,전주시,차대차,기타,기타,운전자법규위반,안전운전 의무 불이행,교차로,교차로내,화물차,중형,이륜차,중형,968036,1759212,127.146111,35.82888199
2015,2015063011,30,주간,화,3,4,1,0,0,경북,안동시,차량단독,도로이탈,도로이탈 추락,운전자법규위반,안전운전 의무 불이행,단일로,기타단일로,승용차,중형,0,0,1116207,1838595,128.7982035,36.53802658
2015,2015063015,25,주간,화,1,1,0,0,0,경북,영주시,차대사람,횡단중,횡단중,운전자법규위반,중앙선 침범,단일로,기타단일로,화물차,중형,보행자,보행자,1089375,1863833,128.5014398,36.76839755
2015,2015070520,15,야간,일,1,1,0,0,0,충남,부여군,차량단독,기타,기타,운전자법규위반,안전운전 의무 불이행,단일로,기타단일로,이륜차,소형,0,0,932500,1800512,126.7491738,36.19940549
2015,2015070609,30,주간,월,1,2,1,0,0,경기,양주시,차대차,추돌,진행중 추돌,운전자법규위반,안전운전 의무 불이행,단일로,기타단일로,이륜차,소형,건설기계,건설기계,955879,1970436,126.9992828,37.73247314
2015,2015070509,15,주간,일,1,3,2,0,0,충북,음성군,차량단독,공작물충돌,공작물충돌,운전자법규위반,안전운전 의무 불이행,단일로,기타단일로,승용차,중형,0,0,1010196,1897853,127.6147117,37.07923176
2015,2015052210,40,주간,금,1,1,0,0,0,경기,안산시,차대사람,횡단중,횡단중,운전자법규위반,보행자 보호의무 위반,단일로,기타단일로,화물차,경형,보행자,보행자,943571,1926597,126.8629796,37.33667389
2015,2015052016,15,주간,수,1,1,0,0,0,경기,광명시,차대사람,기타,기타,운전자법규위반,안전운전 의무 불이행,단일로,기타단일로,승용차,중형,보행자,보행자,943215,1942043,126.8577737,37.47587074
2015,2015052118,45,야간,목,1,2,0,1,0,대전,동구,차대사람,횡단중,횡단중,운전자법규위반,안전운전 의무 불이행,단일로,기타단일로,건설기계,건설기계,보행자,보행자,995901,1812503,127.4543408,36.30985735
2015,2015060210,50,주간,화,1,1,0,0,0,울산,북구,차대사람,기타,기타,운전자법규위반,안전운전 의무 불이행,교차로,교차로부근,건설기계,건설기계,보행자,보행자,1167802,1738272,129.3530196,35.62634651
2015,2015060300,10,야간,수,1,2,1,0,0,울산,동구,차대차,측면직각충돌,측면직각충돌,운전자법규위반,중앙선 침범,단일로,기타단일로,승용차,중형,이륜차,중형,1174135,1725293,129.4201262,35.50829033
2015,2015060117,0,주간,월,1,1,0,0,0,경북,구미시,차대사람,횡단중,횡단중,운전자법규위반,보행자 보호의무 위반,단일로,기타단일로,승합차,소형,보행자,보행자,1075129,1790806,128.3347506,36.11134596
2015,2015053121,40,야간,일,1,1,0,0,0,경남,함안군,차대사람,차도통행중,차도통행중,운전자법규위반,안전운전 의무 불이행,단일로,기타단일로,승용차,소형,보행자,보행자,1093090,1701392,128.5239256,35.30372884
2015,2015060512,39,주간,금,1,2,1,0,0,경북,안동시,차대사람,기타,기타,운전자법규위반,안전운전 의무 불이행,교차로,교차로부근,승용차,소형,보행자,보행자,1109553,1839825,128.7240591,36.54989862
2015,2015060508,32,주간,금,1,2,0,1,0,경북,포항시,차량단독,기타,기타,운전자법규위반,안전운전 의무 불이행,단일로,기타단일로,이륜차,사발이,0,0,1172142,1777263,129.4093147,35.97695738
2015,2015061003,10,야간,수,1,1,0,0,0,경기,수원시,차대사람,횡단중,횡단중,운전자법규위반,과속,단일로,횡단보도상,승용차,대형,보행자,보행자,954798,1920743,126.9900712,37.2845228
2015,2015060804,55,야간,월,1,1,0,0,0,서울,동작구,차량단독,공작물충돌,공작물충돌,운전자법규위반,안전운전 의무 불이행,단일로,기타단일로,이륜차,소형,0,0,951020,1945228,126.9458305,37.50502478
2015,2015090616,17,주간,일,1,4,3,0,0,강원,양구군,차량단독,공작물충돌,공작물충돌,운전자법규위반,안전운전 의무 불이행,단일로,기타단일로,화물차,소형,0,0,1042796,2007290,127.9878683,38.06469119
2015,2015070721,10,야간,화,1,1,0,0,0,경북,칠곡군,차대사람,기타,기타,운전자법규위반,안전운전 의무 불이행,단일로,기타단일로,승용차,중형,보행자,보행자,1081788,1787414,128.408378,36.0802299
2015,2015120919,44,야간,수,1,1,0,0,0,서울,영등포구,차대사람,횡단중,횡단중,운전자법규위반,안전운전 의무 불이행,기타/불명,기타/불명,승합차,대형,보행자,보행자,948589,1946292,126.9182525,37.51448257
2015,2015091015,0,주간,목,1,1,0,0,0,서울,노원구,차대차,기타,기타,운전자법규위반,안전운전 의무 불이행,교차로,교차로내,자전거,자전거,승용차,중형,962215,1962233,127.0716119,37.65882206
2015,2015071900,10,야간,일,1,1,0,0,0,경기,성남시,차량단독,기타,기타,운전자법규위반,안전운전 의무 불이행,기타/불명,기타/불명,자전거,자전거,0,0,967742,1937436,127.1353635,37.43552743
2015,2015081018,14,야간,월,1,1,0,0,0,경기,의왕시,차량단독,공작물충돌,공작물충돌,운전자법규위반,안전운전 의무 불이행,단일로,기타단일로,화물차,중형,0,0,957377,1932904,127.0184649,37.39425886
2015,2015081113,50,주간,화,1,1,0,0,0,경북,의성군,차대차,측면직각충돌,측면직각충돌,운전자법규위반,안전운전 의무 불이행,단일로,기타단일로,이륜차,소형,승용차,소형,1082626,1835410,128.4227661,36.51281082
2015,2015111113,59,주간,수,1,1,0,0,0,대구,북구,차대사람,횡단중,횡단중,운전자법규위반,안전운전 의무 불이행,단일로,기타단일로,화물차,소형,보행자,보행자,1094218,1770913,128.5444486,35.93035699
2015,2015110409,15,주간,수,1,1,0,0,0,대구,수성구,차대차,측면직각충돌,측면직각충돌,운전자법규위반,신호위반,교차로,교차로부근,자전거,자전거,승용차,소형,1108309,1761310,128.6993187,35.84233379
2015,2015111712,45,주간,화,1,1,0,0,0,경기,화성시,차량단독,공작물충돌,공작물충돌,운전자법규위반,안전운전 의무 불이행,단일로,기타단일로,승용차,중형,0,0,944889,1911011,126.8790123,37.19626878
2015,2015122518,30,야간,금,1,3,1,1,0,경북,청송군,차대차,정면충돌,정면충돌,운전자법규위반,교차로 통행방법 위반,교차로,교차로내,승용차,경형,승용차,경형,1139776,1838447,129.0613961,36.53353648
2015,2015100513,30,주간,월,1,1,0,0,0,충북,충주시,차량단독,전도전복,전도전복,운전자법규위반,안전운전 의무 불이행,단일로,기타단일로,승용차,소형,0,0,1036125,1885329,127.9057084,36.9655536
2015,2015052317,30,주간,토,1,1,0,0,0,경기,안산시,차량단독,도로이탈,도로이탈 추락,운전자법규위반,안전운전 의무 불이행,교차로,교차로부근,원동기장치자전거,원동기장치자전거,0,0,939586,1927217,126.8179457,37.34201136
2015,2015052315,30,주간,토,1,1,0,0,0,경북,경주시,차대차,기타,기타,운전자법규위반,앞지르기 금지위반,교차로,교차로내,이륜차,대형,승용차,중형,1138847,1752334,129.0358143,35.75758327
2015,2015052214,0,주간,금,1,1,0,0,0,경기,포천시,차대사람,기타,기타,운전자법규위반,안전운전 의무 불이행,단일로,기타단일로,승용차,중형,보행자,보행자,970628,1983874,127.1661173,37.85418283
2015,2015052308,52,주간,토,1,1,0,0,0,전북,익산시,차대차,측면직각충돌,측면직각충돌,운전자법규위반,안전운전 의무 불이행,단일로,기타단일로,승용차,중형,농기계,농기계,948468,1771287,126.9286907,35.93691312
2015,2015052210,33,주간,금,1,1,0,0,0,제주,제주시,차대차,추돌,진행중 추돌,운전자법규위반,부당한 회전,단일로,횡단보도상,자전거,자전거,승용차,중형,910761,1502012,126.5392052,33.50626626
2015,2015052217,36,주간,금,2,2,0,0,0,경기,이천시,차대차,측면직각충돌,측면직각충돌,운전자법규위반,교차로 통행방법 위반,교차로,교차로내,이륜차,소형,승용차,중형,991142,1922436,127.40005,37.30083964
2015,2015052014,40,주간,수,1,1,0,0,0,전북,부안군,차대차,추돌,주정차중 추돌,운전자법규위반,안전운전 의무 불이행,교차로,교차로부근,화물차,소형,승합차,대형,933730,1748505,126.7671997,35.73063428
2015,2015052112,50,주간,목,1,1,0,0,0,서울,구로구,차대차,측면직각충돌,측면직각충돌,운전자법규위반,안전운전 의무 불이행,단일로,횡단보도상,자전거,자전거,승용차,중형,945993,1944967,126.888976,37.50239183
2015,2015052316,30,주간,토,1,1,0,0,0,인천,계양구,차대사람,차도통행중,차도통행중,운전자법규위반,부당한 회전,단일로,기타단일로,승용차,중형,보행자,보행자,930122,1948216,126.7091197,37.53060916
2015,2015052220,40,야간,금,1,1,0,0,0,충남,예산군,차대사람,횡단중,횡단중,운전자법규위반,안전운전 의무 불이행,교차로,교차로내,승용차,경형,보행자,보행자,940177,1856383,126.8302461,36.7035681
2015,2015052306,57,주간,토,1,1,0,0,0,경기,파주시,차대차,기타,기타,운전자법규위반,안전운전 의무 불이행,단일로,기타단일로,건설기계,건설기계,이륜차,소형,937711,1979519,126.7923316,37.81327818
2015,2015052106,10,주간,목,1,2,1,0,0,경기,김포시,차대차,정면충돌,정면충돌,운전자법규위반,중앙선 침범,단일로,기타단일로,승용차,소형,승용차,중형,927401,1961904,126.6769687,37.65376332
2015,2015052220,11,야간,금,1,1,0,0,0,광주,서구,차대사람,횡단중,횡단중,운전자법규위반,안전운전 의무 불이행,교차로,교차로부근,승합차,소형,보행자,보행자,945027,1684276,126.896451,35.15222376
2015,2015052100,35,야간,목,1,1,0,0,0,부산,강서구,차량단독,공작물충돌,공작물충돌,운전자법규위반,안전운전 의무 불이행,단일로,터널안,화물차,소형,0,0,1127964,1677999,128.9037935,35.08899889
2015,2015052016,0,주간,수,1,1,0,0,0,부산,남구,차대사람,길가장자리구역통행중,길가장자리구역통행중,운전자법규위반,안전운전 의무 불이행,교차로,교차로내,화물차,경형,보행자,보행자,1144877,1683916,129.0903093,35.14004392
2015,2015052014,50,주간,수,1,1,0,0,0,부산,동구,차대사람,횡단중,횡단중,운전자법규위반,안전운전 의무 불이행,교차로,교차로부근,승합차,중형,보행자,보행자,1142435,1683610,129.0634597,35.13763446
2015,2015052119,55,야간,목,1,1,0,0,0,경기,남양주시,차대차,측면직각충돌,측면직각충돌,운전자법규위반,안전운전 의무 불이행,교차로,교차로부근,승합차,대형,자전거,자전거,971810,1957554,127.1805742,37.61699366
2015,2015052113,30,주간,목,1,1,0,0,0,경기,여주시,차대사람,기타,기타,운전자법규위반,안전운전 의무 불이행,단일로,기타단일로,승용차,대형,보행자,보행자,1012586,1917935,127.6419389,37.26022474
2015,2015052107,55,주간,목,1,1,0,0,0,강원,춘천시,차대차,측면직각충돌,측면직각충돌,운전자법규위반,신호위반,교차로,교차로내,화물차,중형,이륜차,소형,1022801,1982121,127.7591332,37.83857106
2015,2015021603,33,야간,월,1,1,0,0,0,경북,포항시,차대차,기타,기타,운전자법규위반,안전운전 의무 불이행,단일로,기타단일로,화물차,소형,특수차,대형,1169587,1779896,129.3815532,36.00113111
2015,2015022114,30,주간,토,1,2,1,0,0,강원,고성군,차대차,측면직각충돌,측면직각충돌,운전자법규위반,중앙선 침범,단일로,기타단일로,승용차,중형,승용차,중형,1094407,2026328,128.5786802,38.23232997
2015,2015022119,18,야간,토,1,1,0,0,0,경북,군위군,차대사람,횡단중,횡단중,운전자법규위반,신호위반,교차로,교차로내,승용차,소형,보행자,보행자,1108783,1797949,128.7096014,36.17254255
2015,2015022123,23,야간,토,1,1,0,0,0,부산,해운대구,차대사람,횡단중,횡단중,운전자법규위반,과속,교차로,교차로내,승용차,중형,보행자,보행자,1148432,1688014,129.1300553,35.17646311
2015,2015022000,6,야간,금,1,2,1,0,0,경북,울진군,차대차,기타,기타,운전자법규위반,중앙선 침범,단일로,기타단일로,화물차,소형,승용차,중형,1172931,1854039,129.4350949,36.66859619
2015,2015022021,13,야간,금,1,2,0,1,0,충북,청주시,차대차,기타,기타,운전자법규위반,신호위반,교차로,교차로내,승용차,소형,승용차,중형,993951,1847241,127.432348,36.62301826
2015,2015022821,10,야간,토,1,2,1,0,0,경남,양산시,차대차,추돌,진행중 추돌,운전자법규위반,안전운전 의무 불이행,단일로,기타단일로,승용차,대형,승용차,중형,1135965,1701615,128.9954374,35.30082761
2015,2015022820,30,야간,토,1,1,0,0,0,경남,김해시,차대사람,횡단중,횡단중,운전자법규위반,안전운전 의무 불이행,교차로,교차로내,승용차,소형,보행자,보행자,1124283,1695219,128.8660163,35.2446915
2015,2015022618,50,야간,목,1,1,0,0,0,충북,영동군,차대차,추돌,진행중 추돌,운전자법규위반,안전운전 의무 불이행,단일로,기타단일로,화물차,소형,건설기계,건설기계,1022806,1794594,127.7535159,36.14813738
2015,2015022610,30,주간,목,1,1,0,0,0,경남,김해시,차대사람,길가장자리구역통행중,길가장자리구역통행중,운전자법규위반,안전운전 의무 불이행,교차로,교차로부근,화물차,대형,보행자,보행자,1124961,1692985,128.8731269,35.22446878
2015,2015031219,20,야간,목,1,1,0,0,0,전북,완주군,차대사람,횡단중,횡단중,운전자법규위반,안전운전 의무 불이행,교차로,교차로부근,승합차,대형,보행자,보행자,963746,1766952,127.0982633,35.89851604
2015,2015030511,10,주간,목,1,1,0,0,0,충남,홍성군,차대차,측면직각충돌,측면직각충돌,운전자법규위반,교차로 통행방법 위반,교차로,교차로내,승용차,소형,이륜차,소형,930266,1849677,126.7199057,36.64244373
2015,2015042312,25,주간,목,1,3,2,0,0,충남,공주시,차량단독,전도전복,전도전복,운전자법규위반,안전운전 의무 불이행,단일로,기타단일로,승용차,대형,0,0,968745,1827057,127.1512646,36.44056651
2015,2015041923,20,야간,일,1,1,0,0,0,경기,구리시,차대사람,횡단중,횡단중,운전자법규위반,안전운전 의무 불이행,단일로,기타단일로,승합차,중형,보행자,보행자,968687,1955995,127.1452543,37.60284079
2015,2015041920,10,야간,일,1,1,0,0,0,경기,파주시,차대차,추돌,주정차중 추돌,운전자법규위반,안전운전 의무 불이행,단일로,기타단일로,승용차,경형,화물차,중형,939333,1980727,126.8106567,37.82427457
2015,2015042321,57,야간,목,1,1,0,0,0,강원,원주시,차대사람,횡단중,횡단중,운전자법규위반,안전운전 의무 불이행,교차로,교차로부근,승용차,중형,보행자,보행자,1040569,1934885,127.9584394,37.41220688
2015,2015042319,40,야간,목,1,1,0,0,0,경기,의정부시,차대사람,기타,기타,운전자법규위반,안전운전 의무 불이행,교차로,교차로부근,승용차,중형,보행자,보행자,960961,1970289,127.0569632,37.73137909
2015,2015042908,0,주간,수,1,1,0,0,0,충남,서산시,차량단독,공작물충돌,공작물충돌,운전자법규위반,안전운전 의무 불이행,단일로,기타단일로,화물차,소형,0,0,901127,1858327,126.3928662,36.71782791
2015,2015042823,25,야간,화,1,2,1,0,0,부산,남구,차대차,추돌,진행중 추돌,운전자법규위반,안전운전 의무 불이행,교차로,교차로내,승용차,중형,특수차,대형,1143863,1681777,129.0788101,35.12090892
2015,2015042619,45,야간,일,1,1,0,0,0,강원,양양군,차대사람,횡단중,횡단중,운전자법규위반,과속,교차로,교차로부근,화물차,중형,보행자,보행자,1099191,2008715,128.6308782,38.07310593
2015,2015042615,0,주간,일,1,1,0,0,0,경기,양평군,차량단독,기타,기타,운전자법규위반,안전운전 의무 불이행,단일로,기타단일로,자전거,자전거,0,0,986998,1956079,127.3526975,37.60403915
2015,2015042706,50,주간,월,1,1,0,0,0,인천,연수구,차대사람,기타,기타,운전자법규위반,기타(운전자법규위반),단일로,기타단일로,특수차,대형,보행자,보행자,923681,1936240,126.6374691,37.42216267
2015,2015050122,8,야간,금,1,1,0,0,0,경기,연천군,차량단독,공작물충돌,공작물충돌,운전자법규위반,안전운전 의무 불이행,단일로,기타단일로,승용차,소형,0,0,958237,2003613,127.024122,38.03160046
2015,2015050609,30,주간,수,1,1,0,0,0,충남,태안군,차대사람,길가장자리구역통행중,길가장자리구역통행중,운전자법규위반,안전운전 의무 불이행,교차로,교차로부근,승합차,대형,보행자,보행자,896645,1836196,126.3456657,36.51788009
2015,2015050313,20,주간,일,1,1,0,0,0,경북,경주시,차량단독,기타,기타,운전자법규위반,안전운전 의무 불이행,단일로,기타단일로,원동기장치자전거,원동기장치자전거,0,0,1159065,1762637,129.2614103,35.84737102
2015,2015050921,29,야간,토,1,1,0,0,0,인천,계양구,차대사람,횡단중,횡단중,운전자법규위반,안전운전 의무 불이행,교차로,교차로부근,승용차,중형,보행자,보행자,931299,1948108,126.72245,37.52972424
2015,2015050618,30,야간,수,1,1,0,0,0,제주,제주시,차량단독,공작물충돌,공작물충돌,운전자법규위반,안전운전 의무 불이행,단일로,기타단일로,승용차,중형,0,0,922355,1500581,126.664144,33.49426565
2015,2015051314,40,주간,수,1,1,0,0,0,전남,보성군,차대차,측면직각충돌,측면직각충돌,운전자법규위반,과속,교차로,교차로내,승용차,중형,이륜차,중형,984418,1649222,127.3295778,34.83750999
2015,2015051220,37,야간,화,1,1,0,0,0,전남,강진군,차량단독,공작물충돌,공작물충돌,운전자법규위반,안전운전 의무 불이행,단일로,기타단일로,화물차,소형,0,0,934613,1630955,126.7862962,34.67081191
2015,2015051306,0,주간,수,1,1,0,0,0,충남,보령시,차량단독,공작물충돌,공작물충돌,운전자법규위반,안전운전 의무 불이행,단일로,기타단일로,승용차,대형,0,0,919483,1815671,126.602834,36.33505952
2015,2015051115,30,주간,월,1,2,1,0,0,충남,당진시,차대차,측면직각충돌,측면직각충돌,운전자법규위반,교차로 통행방법 위반,교차로,교차로내,승용차,중형,화물차,소형,933813,1867539,126.7580347,36.8037067
2015,2015051121,25,야간,월,1,1,0,0,0,제주,제주시,차량단독,전도전복,전도전복,운전자법규위반,안전운전 의무 불이행,단일로,기타단일로,승용차,소형,0,0,888443,1495374,126.2996396,33.44422884