발생년,발생년월일시,발생분,주야,요일,사망자수,사상자수,중상자수,경상자수,부상신고자수,발생지시도,발생지시군구,사고유형_대분류,사고유형_중분류,사고유형,법규위반_대분류,법규위반,도로형태_대분류,도로형태,당사자종별_1당_대분류,당사자종별_1당,당사자종별_2당_대분류,당사자종별_2당,발생위치X_UTMK,발생위치Y_UTMK,경도,위도
2015,2015042105,22,야간,화,1,1,0,0,0,광주,북구,차대사람,횡단중,횡단중,운전자법규위반,안전운전 의무 불이행,단일로,횡단보도상,화물차,소형,보행자,보행자,945362,1685041,126.9000782,35.15913981
2015,2015042005,40,야간,월,1,1,0,0,0,울산,중구,차대사람,횡단중,횡단중,운전자법규위반,안전운전 의무 불이행,단일로,기타단일로,승용차,중형,보행자,보행자,1161542,1730148,129.2822976,35.55417489
2015,2015042319,30,야간,목,1,1,0,0,0,경기,시흥시,차대사람,횡단중,횡단중,운전자법규위반,안전운전 의무 불이행,단일로,기타단일로,화물차,중형,보행자,보행자,937370,1937981,126.7920177,37.43888198
2015,2015042418,5,야간,금,1,1,0,0,0,경북,김천시,차량단독,전도전복,전도전복,운전자법규위반,안전운전 의무 불이행,단일로,기타단일로,원동기장치자전거,원동기장치자전거,0,0,1049502,1794140,128.0502362,36.14304861
2015,2015050111,15,주간,금,1,2,0,1,0,경북,영덕군,차량단독,공작물충돌,공작물충돌,운전자법규위반,안전운전 의무 불이행,교차로,교차로부근,농기계,농기계,0,0,1169134,1842851,129.3901645,36.56847407
2015,2015043021,2,야간,목,1,5,0,4,0,강원,춘천시,차대차,측면직각충돌,측면직각충돌,운전자법규위반,신호위반,교차로,교차로내,승용차,중형,승합차,대형,1017814,1979622,127.7023948,37.81615837
2015,2015050501,0,야간,화,1,1,0,0,0,제주,제주시,차대사람,기타,기타,운전자법규위반,안전운전 의무 불이행,단일로,기타단일로,승합차,소형,보행자,보행자,906014,1500365,126.4882761,33.49100635
2015,2015050909,15,주간,토,1,1,0,0,0,경기,용인시,차대차,추돌,진행중 추돌,운전자법규위반,교차로 통행방법 위반,교차로,교차로내,화물차,경형,이륜차,소형,988810,1907423,127.3739622,37.16548652
2015,2015050916,57,주간,토,1,2,0,1,0,경북,영천시,차대차,정면충돌,정면충돌,운전자법규위반,중앙선 침범,단일로,기타단일로,이륜차,대형,승용차,중형,1137920,1788096,129.0317673,36.08003122
2015,2015050918,3,야간,토,1,1,0,0,0,강원,양양군,차량단독,공작물충돌,공작물충돌,운전자법규위반,과속,단일로,기타단일로,이륜차,중형,0,0,1095417,2008360,128.5878107,38.07031307
2015,2015050820,50,야간,금,1,1,0,0,0,경기,안산시,차대차,기타,기타,운전자법규위반,부당한 회전,교차로,교차로내,자전거,자전거,승용차,소형,938442,1922526,126.8054204,37.29965491
2015,2015051302,24,야간,수,1,1,0,0,0,서울,관악구,차대사람,기타,기타,운전자법규위반,안전운전 의무 불이행,단일로,기타단일로,화물차,대형,보행자,보행자,951489,1943167,126.9512726,37.48647323
2015,2015051223,25,야간,화,1,1,0,0,0,경기,안산시,차대사람,기타,기타,운전자법규위반,안전운전 의무 불이행,단일로,기타단일로,승용차,중형,보행자,보행자,943079,1922958,126.857705,37.30384419
2015,2015051000,50,야간,일,1,2,1,0,0,전북,전주시,차량단독,공작물충돌,공작물충돌,운전자법규위반,안전운전 의무 불이행,단일로,기타단일로,승용차,소형,0,0,967407,1757342,127.1392235,35.8120013
2015,2015051023,40,야간,일,1,3,2,0,0,경기,김포시,차대사람,횡단중,횡단중,운전자법규위반,안전운전 의무 불이행,교차로,교차로부근,승용차,중형,보행자,보행자,921850,1965406,126.6136702,37.68486867
2015,2015051117,35,주간,월,1,1,0,0,0,경북,안동시,차대사람,횡단중,횡단중,운전자법규위반,신호위반,단일로,기타단일로,원동기장치자전거,원동기장치자전거,보행자,보행자,1111634,1841129,128.7474945,36.56141059
2015,2015051616,30,주간,토,1,1,0,0,0,서울,중랑구,차량단독,공작물충돌,공작물충돌,운전자법규위반,안전운전 의무 불이행,단일로,기타단일로,원동기장치자전거,원동기장치자전거,0,0,964157,1953940,127.0940355,37.58415305
2015,2015052007,45,주간,수,1,1,0,0,0,경북,고령군,차대차,추돌,진행중 추돌,운전자법규위반,안전운전 의무 불이행,단일로,기타단일로,승용차,중형,원동기장치자전거,원동기장치자전거,1076948,1750485,128.3510546,35.74770768
2015,2015040508,55,주간,일,1,4,1,2,0,충남,예산군,차대차,측면직각충돌,측면직각충돌,운전자법규위반,안전운전 의무 불이행,교차로,교차로내,승용차,소형,승용차,중형,924618,1854949,126.6562105,36.68953484
2015,2015041111,30,주간,토,1,2,0,1,0,전북,전주시,차대차,기타,기타,운전자법규위반,부당한 회전,교차로,교차로내,자전거,자전거,승용차,중형,966573,1756768,127.130016,35.80679803
2015,2015041016,25,주간,금,1,1,0,0,0,경기,연천군,차대차,기타,기타,운전자법규위반,안전운전 의무 불이행,단일로,기타단일로,이륜차,사발이,이륜차,사발이,952466,2002744,126.9584232,38.0234841
2015,2015041106,30,주간,토,1,1,0,0,0,충남,천안시,차대사람,횡단중,횡단중,운전자법규위반,안전운전 의무 불이행,단일로,기타단일로,승용차,중형,보행자,보행자,968708,1870561,127.1490777,36.83274573
2015,2015040904,13,야간,목,1,1,0,0,0,경기,화성시,차대차,기타,기타,운전자법규위반,안전운전 의무 불이행,단일로,기타단일로,승용차,경형,화물차,대형,947105,1903489,126.9045129,37.12859603
2015,2015041006,48,주간,금,1,2,1,0,0,인천,연수구,차대차,기타,기타,운전자법규위반,신호위반,교차로,교차로내,건설기계,건설기계,화물차,대형,926168,1931122,126.6660848,37.37623656
2015,2015041014,25,주간,금,1,1,0,0,0,경남,밀양시,차대차,정면충돌,정면충돌,운전자법규위반,교차로 통행방법 위반,교차로,교차로내,건설기계,건설기계,이륜차,소형,1120067,1712171,128.8221744,35.39802042
2015,2015041400,45,야간,화,1,1,0,0,0,전북,익산시,차대사람,횡단중,횡단중,운전자법규위반,신호위반,교차로,교차로내,승용차,중형,보행자,보행자,952053,1772819,126.9683416,35.95090765
2015,2015041221,10,야간,일,1,1,0,0,0,충북,청주시,차대사람,횡단중,횡단중,운전자법규위반,안전운전 의무 불이행,단일로,교량위,승용차,소형,보행자,보행자,1003422,1857490,127.5383175,36.71542534
2015,2015031021,40,야간,화,1,1,0,0,0,전북,장수군,차량단독,공작물충돌,공작물충돌,운전자법규위반,안전운전 의무 불이행,단일로,기타단일로,화물차,소형,0,0,1000913,1737227,127.5100833,35.63117811
2015,2015031614,0,주간,월,1,1,0,0,0,충북,보은군,차대사람,차도통행중,차도통행중,운전자법규위반,안전운전 의무 불이행,교차로,교차로내,승합차,대형,보행자,보행자,1019863,1832448,127.7217658,36.48947095
2015,2015031710,45,주간,화,1,1,0,0,0,경기,포천시,차량단독,공작물충돌,공작물충돌,운전자법규위반,기타(운전자법규위반),단일로,기타단일로,승합차,중형,0,0,974447,1979030,127.2096999,37.81063874
2015,2015031710,7,주간,화,1,1,0,0,0,경기,안성시,차대차,기타,기타,운전자법규위반,교차로 통행방법 위반,교차로,교차로내,승용차,소형,이륜차,소형,993790,1897231,127.4301385,37.07365976
2015,2015032013,0,주간,금,1,2,1,0,0,충남,태안군,차량단독,도로이탈,도로이탈 추락,운전자법규위반,안전운전 의무 불이행,단일로,기타단일로,화물차,소형,0,0,886828,1878829,126.2297367,36.90100557
2015,2015032321,55,야간,월,1,3,2,0,0,대전,동구,차대차,정면충돌,정면충돌,운전자법규위반,중앙선 침범,단일로,기타단일로,승용차,경형,승용차,중형,996390,1816163,127.4597708,36.34285585
2015,2015032119,10,야간,토,1,1,0,0,0,전북,익산시,차대사람,횡단중,횡단중,운전자법규위반,안전운전 의무 불이행,단일로,횡단보도상,화물차,소형,보행자,보행자,951180,1783067,126.9580301,36.04325568
2015,2015032102,12,야간,토,1,1,0,0,0,인천,남구,차대사람,횡단중,횡단중,운전자법규위반,과속,단일로,기타단일로,승용차,중형,보행자,보행자,927000,1939499,126.6746531,37.45180319
2015,2015032805,30,야간,토,1,1,0,0,0,경기,고양시,차대사람,횡단중,횡단중,운전자법규위반,안전운전 의무 불이행,단일로,횡단보도상,승용차,대형,보행자,보행자,934858,1963666,126.7613421,37.67020314
2015,2015032806,35,주간,토,1,1,0,0,0,경남,진주시,차대사람,횡단중,횡단중,운전자법규위반,안전운전 의무 불이행,단일로,기타단일로,화물차,경형,보행자,보행자,1051769,1685228,128.0684336,35.16097783
2015,2015021808,23,주간,수,1,1,0,0,0,서울,영등포구,차대사람,횡단중,횡단중,운전자법규위반,보행자 보호의무 위반,교차로,교차로내,화물차,중형,보행자,보행자,945692,1947107,126.8854126,37.52166227
2015,2015021618,25,야간,월,1,1,0,0,0,경기,하남시,차대사람,횡단중,횡단중,운전자법규위반,안전운전 의무 불이행,단일로,횡단보도상,승용차,소형,보행자,보행자,973012,1949765,127.1944811,37.54682427
2015,2015022210,30,주간,일,1,1,0,0,0,경기,김포시,차대사람,횡단중,횡단중,운전자법규위반,보행자 보호의무 위반,교차로,교차로부근,승합차,중형,보행자,보행자,929940,1959109,126.7060181,37.62877045
2015,2015022119,39,야간,토,1,1,0,0,0,제주,제주시,차대사람,횡단중,횡단중,운전자법규위반,안전운전 의무 불이행,단일로,기타단일로,승용차,경형,보행자,보행자,911317,1498178,126.5455701,33.47173594
2015,2015022120,57,야간,토,1,2,0,1,0,서울,영등포구,차대차,정면충돌,정면충돌,운전자법규위반,안전운전 의무 불이행,단일로,교량위,이륜차,소형,승용차,소형,945225,1947358,126.8801093,37.52389694
2015,2015022123,0,야간,토,1,1,0,0,0,전남,나주시,차대사람,차도통행중,차도통행중,운전자법규위반,안전운전 의무 불이행,단일로,기타단일로,승용차,소형,보행자,보행자,941146,1674784,126.854519,35.06641747
2015,2015022713,50,주간,금,1,1,0,0,0,제주,제주시,차대차,추돌,진행중 추돌,운전자법규위반,안전운전 의무 불이행,단일로,기타단일로,원동기장치자전거,원동기장치자전거,화물차,중형,911691,1501846,126.5492333,33.50484645
2015,2015022706,30,주간,금,1,1,0,0,0,경북,경산시,차대차,추돌,주정차중 추돌,운전자법규위반,안전운전 의무 불이행,교차로,교차로내,승용차,경형,이륜차,소형,1117411,1767822,128.8010433,35.89998369
2015,2015030412,50,주간,수,1,4,3,0,0,전북,임실군,차대차,정면충돌,정면충돌,운전자법규위반,교차로 통행방법 위반,교차로,교차로내,승용차,대형,화물차,경형,972301,1728972,127.1943722,35.55635953
2015,2015030418,10,야간,수,1,1,0,0,0,대구,달성군,차대차,측면직각충돌,측면직각충돌,운전자법규위반,안전운전 의무 불이행,교차로,교차로내,승용차,중형,이륜차,소형,1084356,1737207,128.4315858,35.62739614
2015,2015030103,50,야간,일,1,1,0,0,0,경기,고양시,차량단독,기타,기타,운전자법규위반,안전운전 의무 불이행,단일로,기타단일로,특수차,소형,0,0,939184,1959329,126.8107535,37.6314117
2015,2015030219,23,야간,월,1,1,0,0,0,전북,김제시,차대사람,차도통행중,차도통행중,운전자법규위반,안전운전 의무 불이행,단일로,기타단일로,화물차,소형,보행자,보행자,958849,1755412,127.0445955,35.7942789
2015,2015030215,45,주간,월,1,1,0,0,0,경북,울진군,차량단독,공작물충돌,공작물충돌,운전자법규위반,안전운전 의무 불이행,교차로,교차로내,이륜차,사발이,0,0,1168977,1887096,129.3982151,36.96714258
2015,2015030306,5,주간,화,1,1,0,0,0,부산,진구,차대사람,기타,기타,운전자법규위반,안전운전 의무 불이행,단일로,기타단일로,승용차,소형,보행자,보행자,1143501,1687750,129.0758765,35.17480004
2015,2015030713,40,주간,토,1,2,0,0,1,경북,청도군,차대차,정면충돌,정면충돌,운전자법규위반,신호위반,교차로,교차로내,특수차,중형,화물차,소형,1107192,1743989,128.6846349,35.68631882
2015,2015030608,30,주간,금,1,2,0,1,0,전북,익산시,차대차,정면충돌,정면충돌,운전자법규위반,중앙선 침범,단일로,기타단일로,승용차,중형,화물차,소형,956786,1790147,127.0198745,36.10735067
2015,2015030603,10,야간,금,1,1,0,0,0,경기,성남시,차대사람,차도통행중,차도통행중,운전자법규위반,안전운전 의무 불이행,단일로,기타단일로,화물차,소형,보행자,보행자,969400,1938330,127.1540677,37.44364191
2015,2015030519,0,야간,목,1,1,0,0,0,강원,횡성군,차량단독,공작물충돌,공작물충돌,운전자법규위반,안전운전 의무 불이행,교차로,교차로내,승용차,중형,0,0,1051082,1938742,128.0775008,37.44645091
2015,2015030522,12,야간,목,1,1,0,0,0,경기,안양시,차대사람,횡단중,횡단중,운전자법규위반,안전운전 의무 불이행,단일로,기타단일로,승용차,중형,보행자,보행자,949629,1932177,126.9309848,37.38731728
2015,2015031200,16,야간,목,1,2,0,1,0,강원,원주시,차대사람,횡단중,횡단중,운전자법규위반,과속,교차로,교차로부근,승용차,중형,보행자,보행자,1039140,1926483,127.9418473,37.33653621
2015,2015031610,45,주간,월,1,1,0,0,0,충남,당진시,차대사람,보도통행중,보도통행중,운전자법규위반,안전운전 의무 불이행,단일로,기타단일로,화물차,소형,보행자,보행자,933659,1873830,126.7557593,36.8604025
2015,2015031622,4,야간,월,1,1,0,0,0,전남,여수시,차대사람,길가장자리구역통행중,길가장자리구역통행중,운전자법규위반,안전운전 의무 불이행,단일로,기타단일로,승합차,중형,보행자,보행자,1010318,1633719,127.6126592,34.69777455
2015,2015031507,50,주간,일,1,2,1,0,0,경남,창원시(통합),차량단독,도로이탈,도로이탈 추락,운전자법규위반,안전운전 의무 불이행,단일로,기타단일로,화물차,소형,0,0,1091421,1696866,128.5050659,35.26307814
2015,2015031419,55,야간,토,1,1,0,0,0,전남,영광군,차대사람,횡단중,횡단중,운전자법규위반,안전운전 의무 불이행,교차로,교차로내,승용차,중형,보행자,보행자,909540,1697711,126.5054046,35.27078368
2015,2015031507,0,주간,일,1,4,0,3,0,광주,남구,차대차,추돌,주정차중 추돌,운전자법규위반,안전운전 의무 불이행,단일로,기타단일로,승용차,중형,승용차,중형,945501,1682126,126.9019911,35.13359313
2015,2015032019,52,야간,금,1,1,0,0,0,충북,충주시,차대사람,기타,기타,운전자법규위반,보행자 보호의무 위반,단일로,기타단일로,승용차,중형,보행자,보행자,1039793,1885393,127.9470331,36.96612636
2015,2015031723,10,야간,화,1,1,0,0,0,충남,예산군,차대사람,차도통행중,차도통행중,운전자법규위반,안전운전 의무 불이행,단일로,기타단일로,승용차,소형,보행자,보행자,930328,1854691,126.7201433,36.68764497
2015,2015032405,37,야간,화,1,1,0,0,0,경기,안성시,차대사람,횡단중,횡단중,운전자법규위반,안전운전 의무 불이행,단일로,기타단일로,승용차,중형,보행자,보행자,970954,1889170,127.1735507,37.00056656
2015,2015032405,56,야간,화,1,1,0,0,0,서울,영등포구,차대차,추돌,주정차중 추돌,운전자법규위반,안전운전 의무 불이행,단일로,기타단일로,화물차,중형,건설기계,건설기계,948054,1947512,126.9121127,37.52544866
2015,2015032311,4,주간,월,1,2,1,0,0,강원,화천군,차대차,정면충돌,정면충돌,운전자법규위반,중앙선 침범,단일로,터널안,승용차,소형,승합차,소형,1019383,2002864,127.7208465,38.02560549
2015,2015032220,40,야간,일,1,1,0,0,0,경남,함안군,차대사람,차도통행중,차도통행중,운전자법규위반,안전운전 의무 불이행,단일로,기타단일로,승용차,대형,보행자,보행자,1079430,1697578,128.3733226,35.2705207
2015,2015032202,55,야간,일,1,3,1,0,1,경기,하남시,차량단독,공작물충돌,공작물충돌,운전자법규위반,안전운전 의무 불이행,교차로,교차로내,승용차,중형,0,0,972821,1949754,127.1923193,37.5467195
2015,2015041821,20,야간,토,1,2,0,1,0,전남,진도군,차대차,추돌,진행중 추돌,운전자법규위반,안전운전 의무 불이행,단일로,기타단일로,화물차,소형,이륜차,사발이,882999,1615716,126.2251234,34.52882095
2015,2015041708,0,주간,금,1,2,0,1,0,서울,강동구,차대차,기타,기타,운전자법규위반,안전운전 의무 불이행,기타/불명,기타/불명,승용차,대형,승용차,대형,966832,1950469,127.1244895,37.55296796
2015,2015042122,50,야간,화,1,1,0,0,0,경북,상주시,차대차,기타,기타,운전자법규위반,중앙선 침범,단일로,기타단일로,화물차,중형,화물차,중형,1058308,1822500,128.1502299,36.39822308
2015,2015041912,15,주간,일,3,6,1,2,0,전남,여수시,차량단독,공작물충돌,공작물충돌,운전자법규위반,안전운전 의무 불이행,단일로,기타단일로,승용차,중형,0,0,1019646,1642694,127.7147177,34.7785723
2015,2015042015,20,주간,월,1,3,0,2,0,전남,해남군,차대차,정면충돌,정면충돌,운전자법규위반,중앙선 침범,단일로,기타단일로,승용차,중형,화물차,소형,924212,1607059,126.674909,34.45462061
2015,2015042612,20,주간,일,1,1,0,0,0,경북,영주시,차대차,측면직각충돌,측면직각충돌,운전자법규위반,안전운전 의무 불이행,교차로,교차로내,농기계,농기계,이륜차,중형,1094875,1872820,128.5641781,36.8488642
2015,2015042603,50,야간,일,1,1,0,0,0,강원,원주시,차대사람,횡단중,횡단중,운전자법규위반,안전운전 의무 불이행,단일로,기타단일로,승용차,중형,보행자,보행자,1039574,1927555,127.9468038,37.34618042
2015,2015042815,40,주간,화,1,1,0,0,0,경기,화성시,차대사람,보도통행중,보도통행중,운전자법규위반,보행자 보호의무 위반,단일로,기타단일로,승합차,대형,보행자,보행자,962514,1913378,127.0774848,37.21847913
2015,2015042906,55,주간,수,1,2,1,0,0,충남,홍성군,차대차,추돌,주정차중 추돌,운전자법규위반,안전운전 의무 불이행,단일로,기타단일로,화물차,소형,화물차,소형,931605,1847936,126.7350386,36.62684719
2015,2015042815,0,주간,화,1,1,0,0,0,전북,전주시,차대사람,차도통행중,차도통행중,운전자법규위반,안전거리 미확보,교차로,교차로부근,승용차,중형,보행자,보행자,968136,1757186,127.1472989,35.81061874
2015,2015042619,24,야간,일,1,1,0,0,0,경기,구리시,차대사람,보도통행중,보도통행중,운전자법규위반,기타(운전자법규위반),단일로,횡단보도상,화물차,소형,보행자,보행자,968433,1959280,127.1422349,37.63244083
2015,2015042621,57,야간,일,1,1,0,0,0,충남,청양군,차대차,정면충돌,정면충돌,운전자법규위반,중앙선 침범,단일로,기타단일로,이륜차,중형,승용차,중형,930173,1826027,126.7210068,36.42924879
2015,2015042922,11,야간,수,1,1,0,0,0,전남,목포시,차대차,측면직각충돌,측면직각충돌,운전자법규위반,안전운전 의무 불이행,교차로,교차로부근,승합차,중형,자전거,자전거,902949,1645943,126.4389991,34.80343496
2015,2015043021,20,야간,목,1,4,3,0,0,전북,완주군,차대차,측면직각충돌,측면직각충돌,운전자법규위반,신호위반,교차로,교차로내,승용차,중형,승용차,중형,966204,1773247,127.1252326,35.95535891
2015,2015050517,25,주간,화,1,1,0,0,0,경남,김해시,차대차,기타,기타,운전자법규위반,안전운전 의무 불이행,단일로,교량위,승용차,중형,자전거,자전거,1119820,1689937,128.8162053,35.19761942
2015,2015050521,48,야간,화,1,1,0,0,0,경기,양평군,차대사람,기타,기타,운전자법규위반,안전운전 의무 불이행,단일로,기타단일로,승용차,중형,보행자,보행자,1005730,1942145,127.5648077,37.47851775
2015,2015050816,0,주간,금,1,1,0,0,0,경남,고성군,차대사람,기타,기타,운전자법규위반,안전운전 의무 불이행,단일로,기타단일로,승용차,소형,보행자,보행자,1067817,1673401,128.2436627,35.05338459
2015,2015051001,45,야간,일,1,2,1,0,0,경북,포항시,차대차,추돌,주정차중 추돌,운전자법규위반,안전운전 의무 불이행,교차로,교차로내,화물차,소형,화물차,소형,1167107,1804968,129.359371,36.2274839
2015,2015050719,0,야간,목,1,1,0,0,0,전남,영암군,차량단독,도로이탈,도로이탈 추락,운전자법규위반,안전운전 의무 불이행,단일로,기타단일로,이륜차,사발이,0,0,916242,1652174,126.5836835,34.86079716
2015,2015050808,20,주간,금,1,1,0,0,0,대구,달성군,차대사람,횡단중,횡단중,운전자법규위반,안전운전 의무 불이행,단일로,기타단일로,승용차,중형,보행자,보행자,1090081,1757454,128.4970732,35.80941742
2015,2015050717,41,주간,목,1,1,0,0,0,서울,광진구,차대사람,기타,기타,운전자법규위반,신호위반,단일로,횡단보도부근,승용차,대형,보행자,보행자,963455,1952327,127.0861652,37.56958696
2015,2015050808,20,주간,금,1,1,0,0,0,서울,성북구,차대차,측면직각충돌,측면직각충돌,운전자법규위반,안전거리 미확보,단일로,기타단일로,원동기장치자전거,원동기장치자전거,승용차,중형,958978,1955332,127.0353009,37.59648316
2015,2015051203,15,야간,화,1,2,0,1,0,서울,마포구,차량단독,공작물충돌,공작물충돌,운전자법규위반,안전운전 의무 불이행,단일로,기타단일로,화물차,대형,0,0,948960,1949506,126.922227,37.54347148
2015,2015051204,17,야간,화,1,2,1,0,0,경기,화성시,차량단독,공작물충돌,공작물충돌,운전자법규위반,안전운전 의무 불이행,단일로,기타단일로,승용차,중형,0,0,939857,1910939,126.8223212,37.19530904
2015,2015051101,20,야간,월,1,1,0,0,0,전북,익산시,차량단독,공작물충돌,공작물충돌,운전자법규위반,안전운전 의무 불이행,단일로,기타단일로,승용차,중형,0,0,948740,1768713,126.9318721,35.91372125
2015,2015051113,50,주간,월,1,3,0,2,0,광주,동구,차대차,측면직각충돌,측면직각충돌,운전자법규위반,안전운전 의무 불이행,교차로,교차로내,승용차,대형,승용차,중형,947551,1684222,126.9241642,35.15187172
2015,2015051605,18,야간,토,1,1,0,0,0,경북,칠곡군,차량단독,공작물충돌,공작물충돌,운전자법규위반,안전운전 의무 불이행,단일로,기타단일로,승용차,중형,0,0,1092774,1783517,128.5299193,36.04411399
2015,2015051321,50,야간,수,1,1,0,0,0,경북,청송군,차량단독,공작물충돌,공작물충돌,운전자법규위반,안전운전 의무 불이행,단일로,기타단일로,화물차,소형,0,0,1137610,1809473,129.0320725,36.2727344
2015,2015051418,20,야간,목,1,1,0,0,0,경기,평택시,차량단독,전도전복,전도전복,운전자법규위반,안전운전 의무 불이행,단일로,기타단일로,자전거,자전거,0,0,961883,1891649,127.0714782,37.0225885
2015,2015051502,55,야간,금,1,1,0,0,0,전북,익산시,차대사람,차도통행중,차도통행중,운전자법규위반,안전운전 의무 불이행,단일로,기타단일로,승용차,중형,보행자,보행자,951609,1774071,126.9633422,35.96217329
2015,2015052008,55,주간,수,1,1,0,0,0,광주,북구,차대사람,횡단중,횡단중,운전자법규위반,안전운전 의무 불이행,교차로,교차로부근,승용차,중형,보행자,보행자,945258,1687843,126.8987503,35.18439891
2015,2015040620,25,야간,월,1,1,0,0,0,경기,동두천시,차대사람,기타,기타,운전자법규위반,안전운전 의무 불이행,단일로,기타단일로,승합차,대형,보행자,보행자,961027,1991371,127.0565767,37.92139179
2015,2015040502,0,야간,일,1,1,0,0,0,경기,하남시,차대사람,차도통행중,차도통행중,운전자법규위반,안전운전 의무 불이행,단일로,기타단일로,승용차,대형,보행자,보행자,976326,1944525,127.2321659,37.49968447
2015,2015041106,50,주간,토,1,1,0,0,0,경기,평택시,차대사람,횡단중,횡단중,운전자법규위반,서행 및 일시정지위반,단일로,기타단일로,승용차,중형,보행자,보행자,959793,1884206,127.0483793,36.9554089
2015,2015041112,35,주간,토,1,1,0,0,0,전남,해남군,차량단독,공작물충돌,공작물충돌,운전자법규위반,안전운전 의무 불이행,교차로,교차로부근,승용차,중형,0,0,910298,1612689,126.5228559,34.50426968
2015,2015040816,10,주간,수,1,1,0,0,0,제주,서귀포시,차대차,측면직각충돌,측면직각충돌,운전자법규위반,안전운전 의무 불이행,교차로,교차로내,승용차,중형,원동기장치자전거,원동기장치자전거,879344,1475882,126.2045188,33.2675545
2015,2015040808,10,주간,수,1,2,0,1,0,전남,여수시,차대차,정면충돌,정면충돌,운전자법규위반,중앙선 침범,교차로,교차로부근,화물차,소형,승용차,중형,1014582,1640735,127.6593378,34.76099156
2015,2015040817,35,주간,수,1,5,3,1,0,경기,포천시,차대차,기타,기타,운전자법규위반,중앙선 침범,단일로,기타단일로,승용차,경형,승용차,중형,984664,1997943,127.3253693,37.98133081
2015,2015041316,38,주간,월,1,3,0,1,1,전북,부안군,차대차,추돌,진행중 추돌,운전자법규위반,안전운전 의무 불이행,단일로,기타단일로,승용차,중형,승용차,중형,935168,1745678,126.7833279,35.7052428
2015,2015041820,0,야간,토,1,1,0,0,0,경북,성주군,차대사람,횡단중,횡단중,운전자법규위반,안전운전 의무 불이행,기타/불명,기타/불명,승용차,경형,보행자,보행자,1078029,1765485,128.3644741,35.88285043
2015,2015041808,0,주간,토,1,1,0,0,0,충남,금산군,차대차,측면직각충돌,측면직각충돌,운전자법규위반,신호위반,교차로,교차로내,이륜차,소형,승용차,중형,999990,1789498,127.4998889,36.10246142
2015,2015041800,48,야간,토,1,1,0,0,0,대구,달서구,차대사람,기타,기타,운전자법규위반,안전운전 의무 불이행,단일로,횡단보도부근,승용차,중형,보행자,보행자,1093233,1757504,128.5319623,35.80957376
2015,2015042004,50,야간,월,1,1,0,0,0,전남,목포시,차대사람,길가장자리구역통행중,길가장자리구역통행중,운전자법규위반,안전운전 의무 불이행,단일로,기타단일로,승용차,중형,보행자,보행자,900941,1646883,126.4169393,34.81171675
2015,2015032201,49,야간,일,1,3,1,1,0,경기,의정부시,차량단독,공작물충돌,공작물충돌,운전자법규위반,안전운전 의무 불이행,교차로,교차로부근,원동기장치자전거,원동기장치자전거,0,0,960172,1969988,127.0480259,37.72863218
2015,2015021219,55,야간,목,1,2,1,0,0,대전,서구,차대차,정면충돌,정면충돌,운전자법규위반,중앙선 침범,단일로,기타단일로,화물차,소형,승용차,중형,983837,1810112,127.3200084,36.28817456
2015,2015021818,25,야간,수,1,1,0,0,0,전북,정읍시,차대차,기타,기타,운전자법규위반,중앙선 침범,단일로,기타단일로,자전거,자전거,승용차,중형,935053,1729671,126.7833462,35.56091952
2015,2015021714,15,주간,화,1,1,0,0,0,전북,부안군,차대차,측면직각충돌,측면직각충돌,운전자법규위반,신호위반,교차로,교차로내,이륜차,중형,승용차,대형,929619,1747693,126.7218159,35.72302826
2015,2015021815,10,주간,수,1,1,0,0,0,경남,양산시,차량단독,공작물충돌,공작물충돌,운전자법규위반,안전운전 의무 불이행,기타/불명,기타/불명,승용차,중형,0,0,1137273,1705389,129.0104518,35.33466707
2015,2015021820,5,야간,수,1,1,0,0,0,충남,부여군,차대사람,횡단중,횡단중,운전자법규위반,안전운전 의무 불이행,단일로,기타단일로,승합차,대형,보행자,보행자,940802,1807157,126.8410116,36.25985382
2015,2015021623,45,야간,월,1,1,0,0,0,충남,보령시,차대사람,기타,기타,운전자법규위반,안전운전 의무 불이행,단일로,기타단일로,승용차,대형,보행자,보행자,917815,1807248,126.5851374,36.25899076
2015,2015021800,5,야간,수,1,4,3,0,0,충남,아산시,차대차,측면직각충돌,측면직각충돌,운전자법규위반,중앙선 침범,단일로,기타단일로,승용차,대형,승용차,중형,959035,1863920,127.0409606,36.77251119
2015,2015022411,45,주간,화,1,1,0,0,0,대구,동구,차대사람,횡단중,횡단중,운전자법규위반,안전운전 의무 불이행,단일로,기타단일로,승용차,중형,보행자,보행자,1102121,1766035,128.6314159,35.88559104
2015,2015022311,30,주간,월,1,1,0,0,0,경기,안양시,차대사람,횡단중,횡단중,운전자법규위반,안전운전 의무 불이행,교차로,교차로내,승용차,중형,보행자,보행자,952861,1930823,126.9675798,37.3752831
2015,2015022815,35,주간,토,1,1,0,0,0,서울,강북구,차대사람,횡단중,횡단중,운전자법규위반,신호위반,교차로,교차로부근,승용차,중형,보행자,보행자,956977,1958510,127.0124472,37.62503559