발생년,발생년월일시,발생분,주야,요일,사망자수,사상자수,중상자수,경상자수,부상신고자수,발생지시도,발생지시군구,사고유형_대분류,사고유형_중분류,사고유형,법규위반_대분류,법규위반,도로형태_대분류,도로형태,당사자종별_1당_대분류,당사자종별_1당,당사자종별_2당_대분류,당사자종별_2당,발생위치X_UTMK,발생위치Y_UTMK,경도,위도
2015,2015113007,0,주간,월,1,1,0,0,0,경북,상주시,차대사람,횡단중,횡단중,운전자법규위반,안전운전 의무 불이행,교차로,교차로내,승용차,중형,보행자,보행자,1058401,1824075,128.1513854,36.41241566
2015,2015120707,25,주간,월,1,1,0,0,0,경기,포천시,차량단독,전도전복,전도전복,운전자법규위반,안전운전 의무 불이행,단일로,기타단일로,건설기계,건설기계,0,0,977282,1976058,127.2420004,37.78392672
2015,2015120318,15,야간,목,1,1,0,0,0,대구,북구,차대차,정면충돌,정면충돌,운전자법규위반,안전운전 의무 불이행,단일로,기타단일로,승용차,경형,불명,불명,1096538,1773166,128.5704367,35.95044007
2015,2015120317,45,주간,목,1,1,0,0,0,경남,함안군,차대사람,횡단중,횡단중,운전자법규위반,보행자 보호의무 위반,교차로,교차로부근,승용차,대형,보행자,보행자,1088825,1702360,128.4771248,35.31284407
2015,2015120707,6,주간,월,1,1,0,0,0,전남,강진군,차대사람,횡단중,횡단중,운전자법규위반,안전운전 의무 불이행,단일로,기타단일로,승합차,경형,보행자,보행자,933602,1627815,126.7755083,34.64243271
2015,2015120608,40,주간,일,1,3,2,0,0,경남,함안군,차대차,정면충돌,정면충돌,운전자법규위반,신호위반,교차로,교차로내,승용차,대형,승용차,중형,1084336,1694441,128.4269353,35.24183653
2015,2015120706,55,주간,월,1,1,0,0,0,충북,충주시,차대사람,기타,기타,운전자법규위반,안전운전 의무 불이행,교차로,교차로내,승용차,소형,보행자,보행자,1038611,1887730,127.9338745,36.98724181
2015,2015120323,22,야간,목,1,1,0,0,0,인천,계양구,차대사람,횡단중,횡단중,운전자법규위반,안전운전 의무 불이행,교차로,교차로내,승합차,대형,보행자,보행자,930278,1948215,126.7108853,37.53061196
2015,2015111301,45,야간,금,1,1,0,0,0,대전,서구,차대차,측면직각충돌,측면직각충돌,운전자법규위반,신호위반,교차로,교차로내,승용차,소형,원동기장치자전거,원동기장치자전거,988238,1817316,127.3689092,36.35318549
2015,2015121901,30,야간,토,1,4,0,0,3,경기,용인시,차대차,추돌,주정차중 추돌,운전자법규위반,안전운전 의무 불이행,단일로,기타단일로,승용차,중형,특수차,중형,964870,1921468,127.1036575,37.29149272
2015,2015010316,50,주간,토,1,2,0,1,0,경기,성남시,차량단독,전도전복,전도전복,운전자법규위반,안전운전 의무 불이행,단일로,기타단일로,승용차,중형,0,0,968953,1929945,127.1493668,37.36804763
2015,2015010423,50,야간,일,1,1,0,0,0,경기,평택시,차대사람,차도통행중,차도통행중,운전자법규위반,안전운전 의무 불이행,단일로,기타단일로,승용차,대형,보행자,보행자,961209,1897824,127.0635825,37.07822291
2015,2015010308,10,주간,토,1,1,0,0,0,경남,진주시,차대사람,횡단중,횡단중,운전자법규위반,안전운전 의무 불이행,단일로,기타단일로,화물차,중형,보행자,보행자,1059589,1687268,128.1544414,35.17893841
2015,2015010917,50,주간,금,1,1,0,0,0,경남,함양군,차량단독,공작물충돌,공작물충돌,운전자법규위반,안전운전 의무 불이행,단일로,기타단일로,화물차,소형,0,0,1017299,1720744,127.6907005,35.48240708
2015,2015010607,0,주간,화,1,2,1,0,0,경기,파주시,차대차,측면직각충돌,측면직각충돌,운전자법규위반,안전운전 의무 불이행,단일로,기타단일로,건설기계,건설기계,화물차,소형,935246,1985074,126.7638312,37.86317052
2015,2015010621,8,야간,화,1,1,0,0,0,서울,영등포구,차대사람,횡단중,횡단중,운전자법규위반,안전운전 의무 불이행,단일로,횡단보도상,승용차,중형,보행자,보행자,947727,1944613,126.9086183,37.49930101
2015,2015010509,52,주간,월,1,2,1,0,0,강원,삼척시,차대차,정면충돌,정면충돌,운전자법규위반,중앙선 침범,단일로,기타단일로,승용차,소형,건설기계,건설기계,1128015,1928693,128.9453392,37.34845141
2015,2015010607,0,주간,화,1,2,1,0,0,경북,김천시,차대차,측면직각충돌,측면직각충돌,운전자법규위반,안전운전 의무 불이행,교차로,교차로부근,승용차,소형,승용차,중형,1060251,1790581,128.1694368,36.11035525
2015,2015011219,38,야간,월,1,1,0,0,0,제주,서귀포시,차대사람,횡단중,횡단중,운전자법규위반,안전운전 의무 불이행,단일로,기타단일로,승용차,중형,보행자,보행자,943557,1494870,126.8927317,33.44408644
2015,2015011001,10,야간,토,1,1,0,0,0,충북,청주시,차대사람,횡단중,횡단중,운전자법규위반,안전운전 의무 불이행,단일로,기타단일로,승용차,중형,보행자,보행자,997095,1851601,127.4674939,36.66233831
2015,2015011614,38,주간,금,1,1,0,0,0,서울,영등포구,차대차,측면직각충돌,측면직각충돌,운전자법규위반,안전거리 미확보,단일로,횡단보도상,이륜차,소형,화물차,소형,947827,1946786,126.9095954,37.51889229
2015,2015011615,13,주간,금,1,1,0,0,0,광주,광산구,차대사람,보도통행중,보도통행중,운전자법규위반,안전운전 의무 불이행,단일로,기타단일로,승용차,중형,보행자,보행자,935690,1683210,126.7940294,35.14205816
2015,2015011617,55,주간,금,1,1,0,0,0,경북,경주시,차대사람,기타,기타,운전자법규위반,안전운전 의무 불이행,단일로,기타단일로,승용차,중형,보행자,보행자,1180624,1758646,129.4991193,35.80767357
2015,2015011618,30,야간,금,1,1,0,0,0,경북,포항시,차대차,기타,기타,운전자법규위반,안전운전 의무 불이행,단일로,기타단일로,승용차,소형,승용차,중형,1161259,1783626,129.2899565,36.0361576
2015,2015011520,3,야간,목,1,1,0,0,0,서울,서대문구,차대사람,횡단중,횡단중,운전자법규위반,안전운전 의무 불이행,단일로,횡단보도부근,승합차,중형,보행자,보행자,949255,1952045,126.9253906,37.56637211
2015,2015011615,44,주간,금,1,1,0,0,0,서울,영등포구,차대사람,기타,기타,운전자법규위반,안전운전 의무 불이행,교차로,교차로부근,승용차,중형,보행자,보행자,948652,1947639,126.9188712,37.52662682
2015,2015012207,5,주간,목,1,1,0,0,0,전남,완도군,차대사람,차도통행중,차도통행중,운전자법규위반,과속,단일로,기타단일로,화물차,소형,보행자,보행자,925475,1592745,126.6899023,34.32563699
2015,2015012119,58,야간,수,1,2,1,0,0,경기,남양주시,차대차,추돌,주정차중 추돌,운전자법규위반,안전운전 의무 불이행,단일로,기타단일로,화물차,중형,승용차,경형,976034,1952089,127.2286155,37.56785515
2015,2015011910,10,주간,월,1,1,0,0,0,서울,은평구,차대사람,횡단중,횡단중,운전자법규위반,신호위반,단일로,횡단보도상,특수차,중형,보행자,보행자,948843,1955948,126.9204529,37.60152734
2015,2015011907,0,주간,월,1,1,0,0,0,경남,사천시,차대사람,보도통행중,보도통행중,운전자법규위반,신호위반,단일로,기타단일로,승용차,중형,보행자,보행자,1058372,1673384,128.1400964,35.05382198
2015,2015012404,30,야간,토,1,1,0,0,0,경기,파주시,차대사람,횡단중,횡단중,운전자법규위반,안전운전 의무 불이행,교차로,교차로부근,승용차,중형,보행자,보행자,930453,1969832,126.7108083,37.72545089
2015,2015012316,24,주간,금,1,1,0,0,0,경기,의왕시,차대사람,길가장자리구역통행중,길가장자리구역통행중,운전자법규위반,안전운전 의무 불이행,단일로,기타단일로,화물차,소형,보행자,보행자,951450,1924566,126.9520537,37.3188129
2015,2015012222,0,야간,목,2,2,0,0,0,경기,광명시,차대사람,횡단중,횡단중,운전자법규위반,안전운전 의무 불이행,단일로,기타단일로,이륜차,중형,보행자,보행자,943014,1942695,126.8554501,37.48173492
2015,2015012520,15,야간,일,1,1,0,0,0,충남,부여군,차대사람,차도통행중,차도통행중,운전자법규위반,안전운전 의무 불이행,단일로,기타단일로,승용차,중형,보행자,보행자,944962,1806479,126.8873657,36.25398778
2015,2015020116,20,주간,일,1,1,0,0,0,전북,완주군,차대차,정면충돌,정면충돌,운전자법규위반,안전운전 의무 불이행,교차로,교차로부근,이륜차,사발이,승용차,중형,963722,1767010,127.0979947,35.89903807
2015,2015022602,25,야간,목,1,5,2,2,0,충북,음성군,차대차,기타,기타,운전자법규위반,안전운전 의무 불이행,단일로,기타단일로,화물차,중형,화물차,소형,1013370,1905005,127.6505488,37.14366161
2015,2015013106,0,주간,토,1,1,0,0,0,충북,청주시,차대차,기타,기타,운전자법규위반,안전운전 의무 불이행,단일로,기타단일로,승용차,중형,승용차,중형,985442,1857891,127.3369811,36.71893484
2015,2015041800,13,야간,토,1,2,1,0,0,경기,용인시,차대사람,기타,기타,운전자법규위반,안전운전 의무 불이행,단일로,기타단일로,화물차,중형,보행자,보행자,964882,1918257,127.1039445,37.26254989
2015,2015050115,0,주간,금,1,7,4,2,0,강원,횡성군,차대차,추돌,진행중 추돌,운전자법규위반,안전운전 의무 불이행,단일로,터널안,승용차,대형,승용차,경형,1069754,1948241,128.2910914,37.53206161
2015,2015051114,30,주간,월,1,3,1,1,0,강원,횡성군,차대차,추돌,진행중 추돌,운전자법규위반,안전운전 의무 불이행,단일로,기타단일로,화물차,소형,화물차,대형,1066078,1946356,128.2476428,37.51417631
2015,2015043011,0,주간,목,1,5,1,3,0,경기,여주시,차대차,추돌,진행중 추돌,운전자법규위반,안전거리 미확보,단일로,기타단일로,화물차,소형,화물차,대형,1009881,1911985,127.6113544,37.20662374
2015,2015061701,15,야간,수,1,2,1,0,0,대전,유성구,차대차,기타,기타,운전자법규위반,안전운전 의무 불이행,단일로,기타단일로,화물차,대형,승용차,경형,981106,1807437,127.2896608,36.26400854
2015,2015061211,38,주간,금,1,1,0,0,0,경북,경주시,차량단독,전도전복,전도전복,운전자법규위반,안전운전 의무 불이행,단일로,기타단일로,승용차,소형,0,0,1159469,1785032,129.27038,36.04912277
2015,2015063000,37,야간,화,1,2,1,0,0,충남,천안시,차대차,추돌,주정차중 추돌,운전자법규위반,안전운전 의무 불이행,단일로,기타단일로,화물차,대형,화물차,소형,971764,1884061,127.1828454,36.95453706
2015,2015121320,20,야간,일,1,6,0,4,1,강원,평창군,차대차,추돌,주정차중 추돌,운전자법규위반,안전운전 의무 불이행,단일로,기타단일로,승용차,중형,승용차,중형,1092545,1961402,128.5490664,37.6473982
2015,2015101914,0,주간,월,1,1,0,0,0,경남,함안군,차대차,추돌,진행중 추돌,운전자법규위반,안전운전 의무 불이행,단일로,기타단일로,화물차,대형,화물차,대형,1079504,1699874,128.3743586,35.29121549
2015,2015100702,0,야간,수,1,1,0,0,0,경남,밀양시,차대차,추돌,진행중 추돌,운전자법규위반,안전운전 의무 불이행,단일로,교량위,화물차,대형,승용차,소형,1115617,1720542,128.7743708,35.47400763
2015,2015092122,34,야간,월,1,1,0,0,0,인천,남동구,차대사람,차도통행중,차도통행중,운전자법규위반,안전운전 의무 불이행,단일로,기타단일로,승용차,경형,보행자,보행자,931962,1937402,126.7309428,37.43328151
2015,2015101304,15,야간,화,1,1,0,0,0,전남,순천시,차대차,추돌,진행중 추돌,운전자법규위반,안전운전 의무 불이행,단일로,기타단일로,화물차,대형,화물차,대형,988197,1668954,127.3706301,35.01549474
2015,2015061222,50,야간,금,1,4,3,0,0,경남,함안군,차대차,측면직각충돌,측면직각충돌,운전자법규위반,안전운전 의무 불이행,단일로,기타단일로,승용차,중형,승용차,소형,1091145,1702170,128.5026215,35.31092221
2015,2015071814,31,주간,토,1,1,0,0,0,경기,김포시,차대사람,길가장자리구역통행중,길가장자리구역통행중,운전자법규위반,안전운전 의무 불이행,단일로,기타단일로,승용차,중형,보행자,보행자,923208,1970561,126.6285263,37.73144184
2015,2015071917,5,주간,일,1,1,0,0,0,강원,강릉시,차대사람,횡단중,횡단중,운전자법규위반,안전운전 의무 불이행,교차로,교차로부근,승용차,소형,보행자,보행자,1125915,1976014,128.9297631,37.77513754
2015,2015071808,5,주간,토,1,1,0,0,0,충남,계룡시,차대사람,차도통행중,차도통행중,운전자법규위반,안전운전 의무 불이행,교차로,교차로내,화물차,소형,보행자,보행자,980104,1806136,127.2785391,36.25225926
2015,2015072502,34,야간,토,1,1,0,0,0,충남,홍성군,차량단독,공작물충돌,공작물충돌,운전자법규위반,안전운전 의무 불이행,교차로,교차로내,승용차,중형,0,0,922693,1835052,126.636666,36.51002846
2015,2015072309,57,주간,목,1,1,0,0,0,강원,태백시,차대사람,횡단중,횡단중,운전자법규위반,안전운전 의무 불이행,단일로,기타단일로,승용차,소형,보행자,보행자,1130280,1910314,128.967686,37.18252209
2015,2015072410,55,주간,금,1,1,0,0,0,부산,해운대구,차대차,측면직각충돌,측면직각충돌,운전자법규위반,부당한 회전,교차로,교차로내,자전거,자전거,승용차,중형,1150212,1686023,129.1492334,35.15825273
2015,2015072320,45,야간,목,1,3,2,0,0,경기,시흥시,차대차,정면충돌,정면충돌,운전자법규위반,안전운전 의무 불이행,단일로,기타단일로,승용차,중형,승용차,경형,935230,1933993,126.7681783,37.40279056
2015,2015072216,15,주간,수,1,1,0,0,0,서울,광진구,차대차,측면직각충돌,측면직각충돌,운전자법규위반,안전운전 의무 불이행,교차로,교차로내,승용차,중형,자전거,자전거,962642,1951071,127.077023,37.5582336
2015,2015072120,25,야간,화,1,1,0,0,0,전북,부안군,차량단독,기타,기타,운전자법규위반,안전운전 의무 불이행,단일로,기타단일로,화물차,소형,0,0,908380,1738367,126.4880731,35.63720665
2015,2015072216,0,주간,수,1,2,1,0,0,경북,성주군,차대차,측면직각충돌,측면직각충돌,운전자법규위반,신호위반,교차로,교차로내,승용차,소형,승용차,대형,1069100,1775298,128.2664125,35.97198823
2015,2015072216,53,주간,수,1,2,1,0,0,부산,해운대구,차대차,정면충돌,정면충돌,운전자법규위반,중앙선 침범,단일로,기타단일로,화물차,소형,승합차,소형,1148024,1692787,129.1264339,35.21954477
2015,2015072623,40,야간,일,1,1,0,0,0,전북,군산시,차대차,추돌,주정차중 추돌,운전자법규위반,안전운전 의무 불이행,단일로,기타단일로,원동기장치자전거,원동기장치자전거,화물차,대형,932036,1776808,126.7460568,35.98568098
2015,2015072701,40,야간,월,1,4,2,1,0,경기,수원시,차대차,기타,기타,운전자법규위반,신호위반,교차로,교차로내,승용차,중형,승용차,중형,957130,1921909,127.0163106,37.29514314
2015,2015072616,20,주간,일,1,1,0,0,0,경기,고양시,차대차,측면직각충돌,측면직각충돌,운전자법규위반,안전운전 의무 불이행,교차로,교차로내,승용차,중형,자전거,자전거,936013,1964160,126.7743946,37.6747367
2015,2015072413,30,주간,금,1,3,2,0,0,대구,북구,차대차,측면직각충돌,측면직각충돌,운전자법규위반,중앙선 침범,단일로,기타단일로,승용차,중형,승용차,중형,1094852,1774296,128.5518798,35.9607917
2015,2015073117,50,주간,금,2,60,54,4,0,경남,거제시,차량단독,공작물충돌,공작물충돌,운전자법규위반,안전운전 의무 불이행,단일로,기타단일로,승합차,대형,0,0,1097971,1656401,128.5722799,34.89763704
2015,2015080104,22,야간,토,1,1,0,0,0,광주,북구,차대사람,횡단중,횡단중,운전자법규위반,안전운전 의무 불이행,단일로,횡단보도상,화물차,소형,보행자,보행자,948497,1687457,126.9343479,35.18108983
2015,2015072901,20,야간,수,1,3,2,0,0,충북,청주시,차대사람,횡단중,횡단중,운전자법규위반,안전운전 의무 불이행,단일로,기타단일로,승용차,경형,보행자,보행자,995567,1848490,127.4504141,36.63428687
2015,2015072908,14,주간,수,1,15,5,8,1,부산,서구,차대차,추돌,주정차중 추돌,운전자법규위반,안전운전 의무 불이행,단일로,기타단일로,건설기계,건설기계,승용차,소형,1138412,1677029,129.0182139,35.07887427
2015,2015072922,15,야간,수,1,2,1,0,0,경북,칠곡군,차대차,기타,기타,운전자법규위반,안전운전 의무 불이행,단일로,기타단일로,이륜차,대형,자전거,자전거,1081722,1769902,128.4058376,35.9223681
2015,2015080308,55,주간,월,1,1,0,0,0,경북,포항시,차대차,기타,기타,운전자법규위반,안전운전 의무 불이행,교차로,교차로내,자전거,자전거,승용차,중형,1168539,1783466,129.3706917,36.03348253
2015,2015080317,5,주간,월,1,1,0,0,0,강원,강릉시,차량단독,공작물충돌,공작물충돌,운전자법규위반,안전운전 의무 불이행,단일로,기타단일로,승용차,중형,0,0,1122786,1973181,128.8937639,37.75003624
2015,2015080312,5,주간,월,1,1,0,0,0,전남,나주시,차대차,추돌,진행중 추돌,운전자법규위반,중앙선 침범,단일로,기타단일로,이륜차,소형,화물차,소형,918322,1673320,126.6043645,35.05162737
2015,2015080312,5,주간,월,1,2,0,1,0,충남,논산시,차대차,기타,기타,운전자법규위반,교차로 통행방법 위반,교차로,교차로내,화물차,소형,화물차,중형,958159,1804279,127.0343756,36.23481629
2015,2015073117,10,주간,금,1,1,0,0,0,경남,합천군,차대사람,길가장자리구역통행중,길가장자리구역통행중,운전자법규위반,안전운전 의무 불이행,단일로,기타단일로,화물차,중형,보행자,보행자,1071439,1729611,128.2882783,35.5599315
2015,2015080207,14,주간,일,1,1,0,0,0,울산,울주군,차량단독,기타,기타,운전자법규위반,안전운전 의무 불이행,단일로,기타단일로,이륜차,소형,0,0,1165450,1716928,129.3227016,35.43438969
2015,2015080205,10,야간,일,1,2,1,0,0,경북,영천시,차대차,추돌,진행중 추돌,운전자법규위반,안전운전 의무 불이행,단일로,기타단일로,승용차,중형,이륜차,사발이,1129517,1772458,128.9359103,35.94024096
2015,2015080607,15,주간,목,1,1,0,0,0,경북,경주시,차량단독,전도전복,전도전복,운전자법규위반,안전운전 의무 불이행,단일로,기타단일로,이륜차,소형,0,0,1146352,1763229,129.1207939,35.8546874
2015,2015080517,35,주간,수,3,9,5,1,0,전북,고창군,차대차,정면충돌,정면충돌,운전자법규위반,중앙선 침범,단일로,기타단일로,승용차,중형,승합차,대형,909593,1717732,126.5037723,35.45128858
2015,2015081018,10,야간,월,1,1,0,0,0,경기,수원시,차대차,측면직각충돌,측면직각충돌,운전자법규위반,신호위반,교차로,교차로내,승용차,중형,이륜차,대형,954953,1923624,126.991645,37.31049856
2015,2015080815,10,주간,토,1,1,0,0,0,충남,천안시,차량단독,공작물충돌,공작물충돌,운전자법규위반,안전운전 의무 불이행,단일로,기타단일로,화물차,소형,0,0,978383,1879657,127.2573171,36.91501272
2015,2015071322,55,야간,월,1,1,0,0,0,대구,남구,차대사람,횡단중,횡단중,운전자법규위반,안전운전 의무 불이행,단일로,기타단일로,승용차,중형,보행자,보행자,1096988,1761032,128.573947,35.84101339
2015,2015071019,45,야간,금,1,1,0,0,0,경북,안동시,차대사람,기타,기타,운전자법규위반,안전운전 의무 불이행,단일로,기타단일로,승용차,중형,보행자,보행자,1093927,1842011,128.5497617,36.57126668
2015,2015071022,29,야간,금,1,1,0,0,0,서울,서대문구,차량단독,공작물충돌,공작물충돌,운전자법규위반,안전운전 의무 불이행,단일로,기타단일로,승용차,중형,0,0,951511,1953693,126.9508262,37.58134733
2015,2015071322,40,야간,월,1,1,0,0,0,서울,강동구,차대사람,기타,기타,운전자법규위반,안전운전 의무 불이행,단일로,기타단일로,화물차,소형,보행자,보행자,971154,1949902,127.1734424,37.54800281
2015,2015072022,12,야간,월,1,1,0,0,0,경기,고양시,차대사람,기타,기타,운전자법규위반,보행자 보호의무 위반,단일로,횡단보도상,승합차,대형,보행자,보행자,935675,1965220,126.7704684,37.68426647
2015,2015072113,3,주간,화,1,1,0,0,0,충남,서산시,차대차,측면직각충돌,측면직각충돌,운전자법규위반,신호위반,교차로,교차로내,화물차,소형,이륜차,소형,907443,1864742,126.462801,36.7762852
2015,2015081919,20,야간,수,1,6,1,4,0,경기,안양시,차대차,기타,기타,운전자법규위반,안전거리 미확보,단일로,기타단일로,승합차,대형,승합차,대형,948638,1933690,126.9196853,37.40090011
2015,2015082214,45,주간,토,1,1,0,0,0,경남,함안군,차대사람,횡단중,횡단중,운전자법규위반,보행자 보호의무 위반,교차로,교차로내,건설기계,건설기계,보행자,보행자,1082597,1698421,128.4082244,35.27786476
2015,2015081916,50,주간,수,1,7,3,3,0,경기,안성시,차대차,추돌,주정차중 추돌,운전자법규위반,안전운전 의무 불이행,단일로,기타단일로,화물차,소형,화물차,소형,972956,1895550,127.1958218,37.05813728
2015,2015082019,30,야간,목,1,1,0,0,0,충북,영동군,차대사람,횡단중,횡단중,운전자법규위반,안전운전 의무 불이행,교차로,교차로내,승용차,중형,보행자,보행자,1025264,1798875,127.7808544,36.18660661
2015,2015082116,44,주간,금,1,1,0,0,0,서울,강남구,차량단독,공작물충돌,공작물충돌,운전자법규위반,안전운전 의무 불이행,단일로,기타단일로,이륜차,중형,0,0,965179,1941957,127.1061789,37.47618464
2015,2015110317,0,주간,화,1,1,0,0,0,경기,성남시,차대차,측면직각충돌,측면직각충돌,운전자법규위반,안전운전 의무 불이행,단일로,기타단일로,승합차,대형,이륜차,중형,970858,1935968,127.1706434,37.42239884
2015,2015110318,15,야간,화,1,1,0,0,0,충남,서산시,차대사람,길가장자리구역통행중,길가장자리구역통행중,운전자법규위반,안전운전 의무 불이행,단일로,기타단일로,승용차,중형,보행자,보행자,913860,1867254,126.5344165,36.79953223
2015,2015110622,50,야간,금,1,1,0,0,0,전북,전주시,차대사람,횡단중,횡단중,운전자법규위반,과속,단일로,기타단일로,승합차,대형,보행자,보행자,965108,1756689,127.1138045,35.80603477
2015,2015110819,50,야간,일,1,1,0,0,0,경북,영천시,차대사람,횡단중,횡단중,운전자법규위반,안전운전 의무 불이행,단일로,기타단일로,승합차,대형,보행자,보행자,1127004,1773962,128.9082977,35.95412697
2015,2015111001,40,야간,화,1,1,0,0,0,경기,용인시,차대사람,횡단중,횡단중,운전자법규위반,안전운전 의무 불이행,교차로,교차로내,승용차,중형,보행자,보행자,965541,1920269,127.1112832,37.2807103
2015,2015110621,10,야간,금,1,2,1,0,0,경북,성주군,차대차,정면충돌,정면충돌,운전자법규위반,중앙선 침범,단일로,기타단일로,승용차,경형,승용차,중형,1067055,1768669,128.2431727,35.91236872
2015,2015110903,20,야간,월,1,2,1,0,0,대구,서구,차대차,추돌,주정차중 추돌,운전자법규위반,안전운전 의무 불이행,단일로,기타단일로,승용차,소형,승합차,대형,1095386,1765249,128.5567153,35.87918524
2015,2015110709,45,주간,토,1,1,0,0,0,부산,동구,차대차,측면직각충돌,측면직각충돌,운전자법규위반,신호위반,교차로,교차로내,원동기장치자전거,원동기장치자전거,특수차,경형,1141667,1682364,129.0548189,35.12651158
2015,2015102113,20,주간,수,1,5,2,2,0,충북,보은군,차대차,측면직각충돌,측면직각충돌,운전자법규위반,신호위반,교차로,교차로내,승용차,소형,승합차,중형,1018492,1831387,127.7064336,36.47993334
2015,2015101702,0,야간,토,1,1,0,0,0,서울,노원구,차대사람,횡단중,횡단중,운전자법규위반,안전운전 의무 불이행,교차로,교차로부근,승합차,소형,보행자,보행자,961780,1958959,127.0668516,37.62929487
2015,2015101823,17,야간,일,2,3,0,0,1,경기,화성시,차량단독,전도전복,전도전복,운전자법규위반,안전운전 의무 불이행,단일로,기타단일로,승용차,중형,0,0,941843,1907531,126.844963,37.1647167
2015,2015102109,30,주간,수,1,1,0,0,0,경남,하동군,차량단독,도로이탈,도로이탈 추락,운전자법규위반,안전운전 의무 불이행,단일로,기타단일로,이륜차,사발이,0,0,1031836,1669712,127.8489736,35.02189715
2015,2015101920,30,야간,월,1,1,0,0,0,전북,고창군,차량단독,공작물충돌,공작물충돌,운전자법규위반,안전운전 의무 불이행,교차로,교차로내,화물차,소형,0,0,924946,1711815,126.6734804,35.39921924
2015,2015102008,50,주간,화,1,2,1,0,0,경기,양주시,차대차,측면직각충돌,측면직각충돌,운전자법규위반,안전운전 의무 불이행,교차로,교차로내,화물차,중형,승용차,중형,957317,1985612,127.0145512,37.86924898
2015,2015102008,45,주간,화,1,1,0,0,0,충남,천안시,차대차,기타,기타,운전자법규위반,안전거리 미확보,교차로,교차로부근,화물차,소형,이륜차,소형,967493,1880079,127.1350444,36.91850414
2015,2015102009,40,주간,화,1,1,0,0,0,충남,아산시,차대차,기타,기타,운전자법규위반,안전운전 의무 불이행,교차로,교차로내,승용차,중형,원동기장치자전거,원동기장치자전거,949669,1874219,126.9353311,36.8648979
2015,2015102010,10,주간,화,1,1,0,0,0,경북,구미시,차대사람,기타,기타,운전자법규위반,안전운전 의무 불이행,교차로,교차로내,화물차,중형,보행자,보행자,1077367,1791715,128.3597036,36.11936454
2015,2015102023,20,야간,화,1,1,0,0,0,충남,천안시,차대차,측면직각충돌,측면직각충돌,운전자법규위반,안전운전 의무 불이행,교차로,교차로내,승용차,중형,승용차,중형,967461,1882484,127.1345817,36.94018255
2015,2015101310,15,주간,화,1,1,0,0,0,경기,양평군,차량단독,공작물충돌,공작물충돌,운전자법규위반,안전운전 의무 불이행,단일로,기타단일로,승용차,소형,0,0,998183,1947833,127.4794352,37.52980343
2015,2015101318,35,야간,화,1,1,0,0,0,전남,장흥군,차대사람,횡단중,횡단중,운전자법규위반,안전운전 의무 불이행,단일로,기타단일로,화물차,소형,보행자,보행자,948054,1631662,126.9329551,34.67795788
2015,2015101402,27,야간,수,1,4,2,1,0,서울,서초구,차대차,추돌,진행중 추돌,운전자법규위반,안전운전 의무 불이행,단일로,기타단일로,승용차,중형,승용차,대형,957493,1944862,127.0190859,37.50204677
2015,2015101023,10,야간,토,1,1,0,0,0,경기,고양시,차대사람,횡단중,횡단중,운전자법규위반,안전운전 의무 불이행,교차로,교차로부근,화물차,소형,보행자,보행자,944758,1955684,126.8741971,37.5989116
2015,2015101410,40,주간,수,1,2,1,0,0,충북,청주시,차대차,정면충돌,정면충돌,운전자법규위반,안전운전 의무 불이행,교차로,교차로내,승용차,중형,승합차,경형,988270,1842889,127.3688781,36.58373193
2015,2015101203,46,야간,월,1,1,0,0,0,서울,양천구,차량단독,공작물충돌,공작물충돌,운전자법규위반,안전운전 의무 불이행,단일로,터널안,승용차,중형,0,0,942107,1945257,126.8449903,37.50477004
2015,2015092318,41,야간,수,2,51,21,17,11,서울,강서구,차대차,추돌,진행중 추돌,운전자법규위반,신호위반,교차로,교차로내,승합차,대형,승합차,대형,939638,1951489,126.8165451,37.5607807
2015,2015092206,0,주간,화,1,1,0,0,0,서울,광진구,차대사람,횡단중,횡단중,운전자법규위반,안전운전 의무 불이행,단일로,기타단일로,승용차,중형,보행자,보행자,961528,1949374,127.0644994,37.54289212
2015,2015092306,50,주간,수,1,2,0,1,0,강원,태백시,차대차,정면충돌,정면충돌,운전자법규위반,중앙선 침범,단일로,기타단일로,승용차,중형,건설기계,건설기계,1137562,1899234,129.0476606,37.08163655
2015,2015091917,0,주간,토,1,2,1,0,0,경기,양평군,차대사람,기타,기타,운전자법규위반,안전운전 의무 불이행,단일로,기타단일로,화물차,대형,보행자,보행자,1011663,1940960,127.6318925,37.46778067
2015,2015092314,0,주간,수,1,1,0,0,0,경기,양주시,차량단독,공작물충돌,공작물충돌,운전자법규위반,안전운전 의무 불이행,단일로,기타단일로,자전거,자전거,0,0,951778,1976068,126.9523694,37.7830267
2015,2015092411,37,주간,목,1,3,1,1,0,서울,서초구,차대사람,기타,기타,운전자법규위반,기타(운전자법규위반),단일로,기타단일로,승용차,중형,보행자,보행자,957276,1942891,127.0167454,37.48427142
2015,2015092419,43,야간,목,1,1,0,0,0,강원,속초시,차량단독,전도전복,전도전복,운전자법규위반,안전운전 의무 불이행,단일로,기타단일로,원동기장치자전거,원동기장치자전거,0,0,1092176,2023258,128.5527945,38.20489757