발생년,발생년월일시,발생분,주야,요일,사망자수,사상자수,중상자수,경상자수,부상신고자수,발생지시도,발생지시군구,사고유형_대분류,사고유형_중분류,사고유형,법규위반_대분류,법규위반,도로형태_대분류,도로형태,당사자종별_1당_대분류,당사자종별_1당,당사자종별_2당_대분류,당사자종별_2당,발생위치X_UTMK,발생위치Y_UTMK,경도,위도
2015,2015102715,30,주간,화,1,1,0,0,0,인천,강화군,차대사람,횡단중,횡단중,운전자법규위반,안전운전 의무 불이행,단일로,기타단일로,승합차,소형,보행자,보행자,910862,1971640,126.4883041,37.74004671
2015,2015102516,42,주간,일,1,1,0,0,0,경남,함양군,차량단독,전도전복,전도전복,운전자법규위반,안전운전 의무 불이행,단일로,기타단일로,이륜차,대형,0,0,1017100,1743402,127.6889862,35.68670682
2015,2015102822,37,야간,수,1,1,0,0,0,경남,사천시,차대차,기타,기타,운전자법규위반,교차로 통행방법 위반,교차로,교차로내,자전거,자전거,화물차,소형,1054452,1659764,128.0962213,34.93123015
2015,2015102920,30,야간,목,1,1,0,0,0,충남,천안시,차대사람,기타,기타,운전자법규위반,안전운전 의무 불이행,단일로,기타단일로,승용차,중형,보행자,보행자,963374,1881430,127.0887361,36.93053141
2015,2015102919,58,야간,목,1,1,0,0,0,경남,거제시,차대차,측면직각충돌,측면직각충돌,운전자법규위반,과속,교차로,교차로부근,승용차,경형,이륜차,중형,1109502,1652976,128.6980138,34.86557973
2015,2015102919,10,야간,목,1,1,0,0,0,서울,강동구,차대사람,기타,기타,운전자법규위반,안전운전 의무 불이행,교차로,교차로부근,승용차,중형,보행자,보행자,967435,1948839,127.1313886,37.53829762
2015,2015102616,25,주간,월,1,1,0,0,0,전북,전주시,차대차,측면직각충돌,측면직각충돌,운전자법규위반,안전운전 의무 불이행,단일로,횡단보도상,화물차,중형,자전거,자전거,968647,1760044,127.1528429,35.83640306
2015,2015110218,20,야간,월,1,1,0,0,0,경기,가평군,차량단독,공작물충돌,공작물충돌,운전자법규위반,안전운전 의무 불이행,단일로,기타단일로,승용차,중형,0,0,986568,1978116,127.3474193,37.80265957
2015,2015110913,55,주간,월,1,1,0,0,0,충남,천안시,차대차,측면직각충돌,측면직각충돌,운전자법규위반,안전운전 의무 불이행,단일로,기타단일로,화물차,소형,원동기장치자전거,원동기장치자전거,973457,1875244,127.2021706,36.87510603
2015,2015111018,8,야간,화,1,1,0,0,0,충남,예산군,차대차,기타,기타,운전자법규위반,안전운전 의무 불이행,단일로,기타단일로,승용차,중형,농기계,농기계,934566,1854541,126.7675896,36.68659408
2015,2015110718,0,야간,토,1,1,0,0,0,충남,부여군,차대사람,횡단중,횡단중,운전자법규위반,안전운전 의무 불이행,단일로,기타단일로,승용차,소형,보행자,보행자,947579,1808918,126.916938,36.27562289
2015,2015111514,45,주간,일,1,1,0,0,0,전남,신안군,차량단독,기타,기타,운전자법규위반,안전운전 의무 불이행,단일로,기타단일로,화물차,소형,0,0,901692,1663924,126.4231462,34.96543142
2015,2015111612,10,주간,월,1,3,2,0,0,강원,인제군,차대차,정면충돌,정면충돌,운전자법규위반,안전운전 의무 불이행,교차로,교차로내,화물차,소형,승용차,중형,1069669,1992142,128.292724,37.92650613
2015,2015111723,20,야간,화,1,1,0,0,0,경기,안산시,차대사람,횡단중,횡단중,운전자법규위반,안전운전 의무 불이행,단일로,기타단일로,승용차,중형,보행자,보행자,941535,1924176,126.8401877,37.31472663
2015,2015122217,33,주간,화,1,1,0,0,0,강원,양양군,차량단독,전도전복,전도전복,운전자법규위반,안전운전 의무 불이행,단일로,교량위,승용차,중형,0,0,1097481,2007331,128.6111972,38.06082053
2015,2015122106,0,주간,월,1,1,0,0,0,경기,부천시,차대사람,횡단중,횡단중,운전자법규위반,안전운전 의무 불이행,단일로,기타단일로,승용차,경형,보행자,보행자,935177,1943000,126.7667878,37.48396707
2015,2015121710,33,주간,목,1,1,0,0,0,서울,구로구,차대사람,횡단중,횡단중,운전자법규위반,안전운전 의무 불이행,단일로,횡단보도상,승합차,대형,보행자,보행자,946254,1944367,126.8919726,37.49699918
2015,2015122811,18,주간,월,2,4,0,0,2,제주,서귀포시,차대차,기타,기타,운전자법규위반,안전운전 의무 불이행,교차로,교차로내,화물차,중형,승합차,대형,916244,1479163,126.6003581,33.3006423
2015,2015122902,5,야간,화,1,1,0,0,0,충북,청주시,차대차,측면직각충돌,측면직각충돌,운전자법규위반,안전운전 의무 불이행,교차로,교차로내,승용차,경형,원동기장치자전거,원동기장치자전거,997308,1850824,127.4698801,36.65533432
2015,2015123001,59,야간,수,1,4,3,0,0,부산,연제구,차량단독,공작물충돌,공작물충돌,운전자법규위반,안전운전 의무 불이행,교차로,교차로부근,승용차,중형,0,0,1144225,1687438,129.08377,35.17188407
2015,2015122900,48,야간,화,1,1,0,0,0,울산,남구,차대사람,횡단중,횡단중,운전자법규위반,신호위반,교차로,교차로내,승용차,중형,보행자,보행자,1165175,1729668,129.3222648,35.54925005
2015,2015122602,25,야간,토,1,1,0,0,0,경기,용인시,차량단독,전도전복,전도전복,운전자법규위반,안전운전 의무 불이행,단일로,기타단일로,승용차,경형,0,0,976633,1922979,127.2363205,37.30548268
2015,2015122613,2,주간,토,1,2,1,0,0,경기,이천시,차대차,정면충돌,정면충돌,운전자법규위반,안전운전 의무 불이행,교차로,교차로내,승용차,중형,화물차,소형,1005837,1901118,127.5656955,37.10870068
2015,2015122613,10,주간,토,1,2,1,0,0,경기,이천시,차대차,기타,기타,운전자법규위반,안전운전 의무 불이행,교차로,교차로내,승용차,중형,화물차,소형,1005857,1901174,127.5659211,37.10920535
2015,2015121120,51,야간,금,1,2,0,1,0,전북,장수군,차대사람,기타,기타,운전자법규위반,안전운전 의무 불이행,교차로,교차로내,승용차,경형,보행자,보행자,999933,1731569,127.4992605,35.58016297
2015,2015121107,0,주간,금,1,1,0,0,0,전남,함평군,차대차,추돌,진행중 추돌,운전자법규위반,과속,단일로,기타단일로,화물차,중형,원동기장치자전거,원동기장치자전거,920562,1690272,126.6272954,35.20464889
2015,2015121617,45,주간,수,1,3,2,0,0,강원,홍천군,차대차,추돌,주정차중 추돌,운전자법규위반,안전운전 의무 불이행,단일로,기타단일로,화물차,소형,화물차,소형,1034254,1966172,127.8885413,37.6944636
2015,2015121006,20,주간,목,1,1,0,0,0,경기,남양주시,차대사람,횡단중,횡단중,운전자법규위반,안전운전 의무 불이행,단일로,기타단일로,승용차,경형,보행자,보행자,977128,1961896,127.2406968,37.65627741
2015,2015111801,30,야간,수,1,1,0,0,0,전남,장흥군,차량단독,공작물충돌,공작물충돌,운전자법규위반,안전운전 의무 불이행,단일로,기타단일로,화물차,소형,0,0,944477,1611968,126.8951984,34.50017843
2015,2015111820,40,야간,수,1,1,0,0,0,충남,보령시,차대사람,길가장자리구역통행중,길가장자리구역통행중,운전자법규위반,안전운전 의무 불이행,단일로,기타단일로,승용차,중형,보행자,보행자,921034,1799305,126.6217675,36.18765693
2015,2015112221,30,야간,일,1,18,6,10,1,경기,고양시,차대차,정면충돌,정면충돌,운전자법규위반,중앙선 침범,단일로,기타단일로,승합차,대형,승용차,경형,937957,1959875,126.7968021,37.63625063
2015,2015112319,20,야간,월,1,1,0,0,0,경남,양산시,차대사람,횡단중,횡단중,운전자법규위반,안전운전 의무 불이행,단일로,기타단일로,이륜차,소형,보행자,보행자,1139678,1707222,129.0372193,35.35085565
2015,2015112520,40,야간,수,1,4,3,0,0,경기,양평군,차대차,정면충돌,정면충돌,운전자법규위반,중앙선 침범,단일로,기타단일로,승용차,중형,승용차,소형,997058,1944974,127.4667139,37.50403053
2015,2015112618,15,야간,목,1,1,0,0,0,경북,안동시,차대사람,기타,기타,운전자법규위반,안전운전 의무 불이행,단일로,기타단일로,승용차,중형,보행자,보행자,1113127,1846855,128.7650169,36.61284248
2015,2015112912,40,주간,일,1,3,1,0,1,경남,함양군,차량단독,전도전복,전도전복,운전자법규위반,안전운전 의무 불이행,단일로,기타단일로,승용차,경형,0,0,1029644,1741314,127.8275417,35.66758338
2015,2015120705,55,야간,월,1,1,0,0,0,대구,수성구,차대사람,횡단중,횡단중,운전자법규위반,안전운전 의무 불이행,교차로,교차로부근,승용차,소형,보행자,보행자,1101852,1760870,128.6277762,35.8390597
2015,2015120908,53,주간,수,1,1,0,0,0,경기,광주시,차량단독,공작물충돌,공작물충돌,운전자법규위반,안전운전 의무 불이행,교차로,교차로부근,승용차,대형,0,0,980708,1942285,127.2817997,37.47959596
2015,2015120616,30,주간,일,1,1,0,0,0,경기,양주시,차대사람,횡단중,횡단중,운전자법규위반,보행자 보호의무 위반,교차로,교차로부근,화물차,중형,보행자,보행자,955279,1976474,126.9921018,37.786864
2015,2015111517,55,주간,일,1,1,0,0,0,경남,사천시,차대사람,횡단중,횡단중,운전자법규위반,안전운전 의무 불이행,단일로,횡단보도부근,승용차,대형,보행자,보행자,1054880,1660910,128.1009828,34.94154059
2015,2015111119,41,야간,수,1,1,0,0,0,충남,천안시,차대차,측면직각충돌,측면직각충돌,운전자법규위반,안전운전 의무 불이행,단일로,기타단일로,승용차,소형,자전거,자전거,966512,1865232,127.1246858,36.78463208
2015,2015111519,35,야간,일,1,1,0,0,0,서울,구로구,차대사람,기타,기타,운전자법규위반,안전운전 의무 불이행,단일로,기타단일로,승용차,중형,보행자,보행자,946016,1944099,126.8892999,37.49456976
2015,2015121804,30,야간,금,1,4,3,0,0,경북,상주시,차량단독,전도전복,전도전복,운전자법규위반,안전운전 의무 불이행,단일로,기타단일로,승용차,경형,0,0,1052970,1806544,128.0896207,36.25468943
2015,2015121801,30,야간,금,1,1,0,0,0,경기,용인시,차대사람,횡단중,횡단중,운전자법규위반,안전운전 의무 불이행,교차로,교차로내,화물차,소형,보행자,보행자,973449,1914933,127.200679,37.23287137
2015,2015121700,40,야간,목,1,1,0,0,0,충남,아산시,차량단독,공작물충돌,공작물충돌,운전자법규위반,안전운전 의무 불이행,단일로,기타단일로,승용차,중형,0,0,954513,1865591,126.9901906,36.78736796
2015,2015122118,35,야간,월,1,1,0,0,0,인천,강화군,차대사람,횡단중,횡단중,운전자법규위반,안전운전 의무 불이행,단일로,기타단일로,건설기계,건설기계,보행자,보행자,913160,1971339,126.514634,37.7377155
2015,2015122123,15,야간,월,1,1,0,0,0,경북,경주시,차량단독,도로이탈,도로이탈 추락,운전자법규위반,안전운전 의무 불이행,단일로,기타단일로,이륜차,소형,0,0,1153350,1778875,129.2012826,35.99462013
2015,2015121719,30,야간,목,1,2,0,1,0,울산,중구,차량단독,전도전복,전도전복,운전자법규위반,안전운전 의무 불이행,단일로,기타단일로,승용차,중형,0,0,1160052,1731878,129.2662076,35.57000803
2015,2015121808,50,주간,금,1,1,0,0,0,전남,순천시,차대사람,횡단중,횡단중,운전자법규위반,안전운전 의무 불이행,단일로,기타단일로,승용차,중형,보행자,보행자,999162,1661743,127.4907904,34.95065471
2015,2015121814,50,주간,금,1,1,0,0,0,전북,임실군,차량단독,전도전복,전도전복,운전자법규위반,안전운전 의무 불이행,단일로,기타단일로,이륜차,소형,0,0,978628,1733990,127.2640504,35.60176107
2015,2015121810,36,주간,금,1,2,0,0,1,충남,아산시,차대차,정면충돌,정면충돌,운전자법규위반,중앙선 침범,단일로,기타단일로,건설기계,건설기계,건설기계,건설기계,950078,1874120,126.939926,36.8640272
2015,2015122618,43,야간,토,1,1,0,0,0,충남,부여군,차대사람,횡단중,횡단중,운전자법규위반,안전운전 의무 불이행,교차로,교차로부근,승용차,소형,보행자,보행자,933986,1802524,126.7655324,36.21764599
2015,2015122712,50,주간,일,1,1,0,0,0,경기,안산시,차대사람,횡단중,횡단중,운전자법규위반,안전운전 의무 불이행,단일로,기타단일로,승합차,경형,보행자,보행자,944872,1929457,126.8774528,37.36253027
2015,2015122722,16,야간,일,1,1,0,0,0,경기,남양주시,차대사람,횡단중,횡단중,운전자법규위반,안전운전 의무 불이행,단일로,횡단보도상,승용차,중형,보행자,보행자,976363,1960724,127.2320619,37.6456944
2015,2015122515,0,주간,금,1,1,0,0,0,대구,달서구,차대사람,횡단중,횡단중,운전자법규위반,안전운전 의무 불이행,기타/불명,기타/불명,승용차,중형,보행자,보행자,1092155,1762276,128.5205828,35.85269404
2015,2015061611,37,주간,화,1,1,0,0,0,경남,함안군,차량단독,공작물충돌,공작물충돌,운전자법규위반,안전운전 의무 불이행,단일로,기타단일로,화물차,소형,0,0,1076844,1700053,128.3451245,35.29303728
2015,2015080814,58,주간,토,1,1,0,0,0,경북,영천시,차대차,기타,기타,운전자법규위반,안전운전 의무 불이행,단일로,기타단일로,화물차,대형,특수차,소형,1129788,1769873,128.9384917,35.91690586
2015,2015091811,10,주간,금,1,1,0,0,0,전남,영광군,차대사람,기타,기타,운전자법규위반,안전운전 의무 불이행,단일로,기타단일로,승용차,경형,보행자,보행자,914198,1700572,126.5563131,35.29698802
2015,2015091919,40,야간,토,1,3,1,0,1,강원,횡성군,차량단독,공작물충돌,공작물충돌,운전자법규위반,안전운전 의무 불이행,단일로,기타단일로,승용차,중형,0,0,1053716,1940696,128.106032,37.4662218
2015,2015090703,50,야간,월,1,13,3,9,0,경북,경주시,차대차,추돌,진행중 추돌,운전자법규위반,안전운전 의무 불이행,단일로,기타단일로,승합차,대형,화물차,대형,1152888,1755444,129.1916604,35.78352879
2015,2015083111,40,주간,월,2,2,0,0,0,경남,양산시,차대차,추돌,주정차중 추돌,운전자법규위반,안전운전 의무 불이행,단일로,기타단일로,승용차,중형,화물차,중형,1144371,1722328,129.0915265,35.48634326
2015,2015080709,40,주간,금,1,4,3,0,0,강원,춘천시,차대차,추돌,주정차중 추돌,운전자법규위반,안전운전 의무 불이행,단일로,기타단일로,화물차,대형,승용차,중형,1024953,1974503,127.7833276,37.76976917
2015,2015090416,40,주간,금,1,3,0,2,0,경기,안성시,차대차,측면직각충돌,측면직각충돌,운전자법규위반,안전거리 미확보,단일로,기타단일로,특수차,소형,승합차,소형,967843,1893502,127.1384017,37.03951485
2015,2015082105,55,야간,금,1,3,0,0,2,서울,송파구,차대차,추돌,주정차중 추돌,운전자법규위반,안전운전 의무 불이행,단일로,기타단일로,승용차,대형,화물차,경형,967931,1943482,127.1372366,37.49002988
2015,2015010105,57,야간,목,1,1,0,0,0,서울,영등포구,차대차,기타,기타,운전자법규위반,안전운전 의무 불이행,지하도로내,지하도로내,승용차,중형,건설기계,건설기계,949521,1946280,126.928799,37.51442589
2015,2015010304,50,야간,토,1,5,3,1,0,강원,강릉시,차대차,측면직각충돌,측면직각충돌,운전자법규위반,신호위반,교차로,교차로내,승용차,중형,화물차,대형,1122912,1973644,128.8952722,37.75419123
2015,2015010217,50,주간,금,1,1,0,0,0,경기,수원시,차대사람,기타,기타,운전자법규위반,과속,교차로,교차로내,승합차,중형,보행자,보행자,954929,1922294,126.9914549,37.29850929
2015,2015010707,7,주간,수,1,1,0,0,0,대전,동구,차대사람,횡단중,횡단중,운전자법규위반,안전운전 의무 불이행,단일로,횡단보도부근,승용차,중형,보행자,보행자,993709,1816497,127.4298916,36.34585321
2015,2015021419,0,야간,토,1,2,1,0,0,전남,신안군,차대차,기타,기타,운전자법규위반,중앙선 침범,단일로,기타단일로,화물차,소형,화물차,소형,884691,1651272,126.2387022,34.84957493
2015,2015021507,5,주간,일,1,1,0,0,0,전북,군산시,차대차,기타,기타,운전자법규위반,기타(운전자법규위반),기타/불명,기타/불명,건설기계,건설기계,건설기계,건설기계,930968,1775111,126.7343579,35.9703072
2015,2015021323,20,야간,금,1,1,0,0,0,광주,북구,차대사람,횡단중,횡단중,운전자법규위반,안전운전 의무 불이행,단일로,기타단일로,승용차,중형,보행자,보행자,946287,1687287,126.9100879,35.17944121
2015,2015021220,32,야간,목,1,1,0,0,0,부산,강서구,차대차,추돌,진행중 추돌,운전자법규위반,안전운전 의무 불이행,교차로,교차로내,승용차,중형,화물차,대형,1126427,1678601,128.8870285,35.09461972
2015,2015021314,43,주간,금,1,1,0,0,0,경남,함안군,차량단독,전도전복,전도전복,운전자법규위반,안전운전 의무 불이행,단일로,기타단일로,건설기계,건설기계,0,0,1077953,1698247,128.3571484,35.27666854
2015,2015021320,35,야간,금,1,2,0,1,0,서울,동대문구,차대사람,횡단중,횡단중,운전자법규위반,안전운전 의무 불이행,교차로,교차로내,이륜차,중형,보행자,보행자,960559,1952873,127.0533424,37.57438871
2015,2015021221,5,야간,목,1,1,0,0,0,경북,봉화군,차량단독,도로이탈,도로이탈 추락,운전자법규위반,안전운전 의무 불이행,교차로,교차로내,화물차,소형,0,0,1115583,1871484,128.7961997,36.83451773
2015,2015021317,15,주간,금,1,1,0,0,0,경기,파주시,차대차,정면충돌,정면충돌,운전자법규위반,신호위반,교차로,교차로내,승합차,대형,자전거,자전거,933858,1969563,126.7494682,37.72327884
2015,2015011705,8,야간,토,1,1,0,0,0,경기,의정부시,차대사람,기타,기타,운전자법규위반,안전운전 의무 불이행,단일로,횡단보도상,화물차,소형,보행자,보행자,962542,1970732,127.074882,37.73543794
2015,2015011718,17,야간,토,1,1,0,0,0,인천,남동구,차량단독,공작물충돌,공작물충돌,운전자법규위반,안전운전 의무 불이행,단일로,기타단일로,자전거,자전거,0,0,931469,1935096,126.7255848,37.41246124
2015,2015011521,40,야간,목,1,1,0,0,0,경기,화성시,차대사람,기타,기타,운전자법규위반,안전운전 의무 불이행,단일로,기타단일로,승용차,중형,보행자,보행자,946393,1907573,126.8962051,37.16536746
2015,2015011701,42,야간,토,1,1,0,0,0,서울,서초구,차대사람,보도통행중,보도통행중,운전자법규위반,과속,단일로,기타단일로,승용차,대형,보행자,보행자,955683,1942390,126.9987576,37.47968066
2015,2015011618,20,야간,금,1,3,1,1,0,부산,영도구,차대사람,기타,기타,운전자법규위반,기타(운전자법규위반),단일로,횡단보도상,승용차,경형,보행자,보행자,1143277,1676377,129.0714468,35.07231748
2015,2015011522,0,야간,목,1,1,0,0,0,울산,울주군,차대사람,차도통행중,차도통행중,운전자법규위반,과속,단일로,기타단일로,승용차,중형,보행자,보행자,1161037,1723128,129.2753341,35.49099065
2015,2015011318,45,야간,화,1,1,0,0,0,경북,경주시,차대차,기타,기타,운전자법규위반,안전운전 의무 불이행,교차로,교차로부근,화물차,소형,자전거,자전거,1154925,1762240,129.2155075,35.84445639
2015,2015011323,30,야간,화,1,1,0,0,0,경기,양주시,차량단독,공작물충돌,공작물충돌,운전자법규위반,안전운전 의무 불이행,단일로,기타단일로,승용차,중형,0,0,962624,1977860,127.0754455,37.79968602
2015,2015011405,30,야간,수,1,2,1,0,0,강원,동해시,차량단독,공작물충돌,공작물충돌,운전자법규위반,과속,단일로,기타단일로,승용차,중형,0,0,1143077,1949116,129.1192976,37.53026632
2015,2015012110,45,주간,수,2,4,1,1,0,전북,부안군,차대차,측면직각충돌,측면직각충돌,운전자법규위반,차로위반(진로변경 위반),교차로,교차로내,승용차,경형,화물차,대형,929625,1747699,126.7218817,35.72308278
2015,2015012112,30,주간,수,1,1,0,0,0,경북,영천시,차량단독,공작물충돌,공작물충돌,운전자법규위반,안전운전 의무 불이행,단일로,기타단일로,화물차,소형,0,0,1125525,1771614,128.8915309,35.9331549
2015,2015012105,10,야간,수,1,2,1,0,0,경남,창원시(통합),차량단독,기타,기타,운전자법규위반,안전운전 의무 불이행,단일로,기타단일로,승용차,중형,0,0,1106291,1692126,128.667903,35.21887786
2015,2015012501,30,야간,일,1,1,0,0,0,경북,경주시,차대사람,기타,기타,운전자법규위반,안전운전 의무 불이행,단일로,기타단일로,승용차,중형,보행자,보행자,1165701,1745069,129.3312274,35.6879546
2015,2015012518,27,야간,일,1,3,2,0,0,경기,수원시,차대사람,횡단중,횡단중,운전자법규위반,안전운전 의무 불이행,단일로,기타단일로,승용차,대형,보행자,보행자,956607,1921021,127.0104619,37.28711475
2015,2015012518,50,야간,일,1,1,0,0,0,강원,영월군,차대사람,길가장자리구역통행중,길가장자리구역통행중,운전자법규위반,안전운전 의무 불이행,단일로,기타단일로,승용차,중형,보행자,보행자,1081501,1912973,128.4185339,37.21202048
2015,2015012300,30,야간,금,1,1,0,0,0,경기,평택시,차대차,추돌,주정차중 추돌,운전자법규위반,안전운전 의무 불이행,교차로,교차로부근,승용차,소형,화물차,소형,943196,1885698,126.8618521,36.96800239
2015,2015012307,40,주간,금,1,1,0,0,0,전남,담양군,차대차,기타,기타,운전자법규위반,신호위반,교차로,교차로내,자전거,자전거,화물차,소형,952133,1692029,126.9740144,35.22249437
2015,2015012818,45,야간,수,1,3,2,0,0,제주,서귀포시,차대차,기타,기타,운전자법규위반,직진 및 우회전차의 통행방해,교차로,교차로내,승합차,대형,농기계,농기계,900382,1472415,126.4307465,33.23843596
2015,2015012704,40,야간,화,1,2,0,1,0,서울,동대문구,차량단독,공작물충돌,공작물충돌,운전자법규위반,안전운전 의무 불이행,단일로,기타단일로,이륜차,중형,0,0,961548,1952363,127.064569,37.56983377
2015,2015013121,12,야간,토,1,6,4,1,0,전남,목포시,차대차,측면직각충돌,측면직각충돌,운전자법규위반,신호위반,교차로,교차로내,승용차,중형,승용차,대형,900745,1645732,126.4149328,34.80132012
2015,2015020614,25,주간,금,1,8,3,4,0,광주,북구,차대차,추돌,주정차중 추돌,운전자법규위반,안전운전 의무 불이행,단일로,기타단일로,승용차,대형,화물차,소형,946734,1687665,126.9149725,35.18287333
2015,2015081911,57,주간,수,1,1,0,0,0,경기,고양시,차대사람,횡단중,횡단중,운전자법규위반,신호위반,단일로,횡단보도상,화물차,소형,보행자,보행자,938446,1963288,126.8020562,37.6670441
2015,2015072415,45,주간,금,1,2,1,0,0,경남,밀양시,차대차,추돌,주정차중 추돌,운전자법규위반,안전운전 의무 불이행,단일로,기타단일로,승용차,소형,화물차,대형,1109949,1711977,128.7107523,35.39743959
2015,2015072421,5,야간,금,1,1,0,0,0,충남,논산시,차량단독,공작물충돌,공작물충돌,운전자법규위반,안전운전 의무 불이행,단일로,기타단일로,승용차,중형,0,0,973618,1796502,127.206669,36.16524838
2015,2015072615,50,주간,일,1,1,0,0,0,전남,광양시,차량단독,공작물충돌,공작물충돌,운전자법규위반,안전운전 의무 불이행,단일로,기타단일로,이륜차,소형,0,0,1005685,1663335,127.5622736,34.96487863
2015,2015073002,57,야간,목,1,1,0,0,0,경북,경주시,차대사람,기타,기타,운전자법규위반,안전운전 의무 불이행,단일로,기타단일로,승합차,중형,보행자,보행자,1155633,1762546,129.2254443,35.84770909
2015,2015073012,57,주간,목,1,1,0,0,0,인천,동구,차대사람,기타,기타,운전자법규위반,안전운전 의무 불이행,교차로,교차로부근,화물차,대형,보행자,보행자,923370,1942314,126.6333233,37.47688018
2015,2015073110,17,주간,금,1,2,0,1,0,강원,철원군,차대차,측면직각충돌,측면직각충돌,운전자법규위반,교차로 통행방법 위반,교차로,교차로내,이륜차,중형,화물차,소형,993134,2027826,127.4188571,38.24974113
2015,2015073001,45,야간,목,1,1,0,0,0,충남,서산시,차량단독,전도전복,전도전복,운전자법규위반,안전운전 의무 불이행,단일로,기타단일로,승용차,소형,0,0,913872,1866585,126.5346267,36.79350332
2015,2015072822,33,야간,화,1,1,0,0,0,경기,용인시,차대차,추돌,주정차중 추돌,운전자법규위반,안전운전 의무 불이행,교차로,교차로부근,원동기장치자전거,원동기장치자전거,화물차,대형,976543,1922839,127.2353093,37.30421848
2015,2015072921,15,야간,수,1,1,0,0,0,전남,목포시,차대사람,기타,기타,운전자법규위반,안전운전 의무 불이행,교차로,교차로부근,승합차,경형,보행자,보행자,902255,1645635,126.431449,34.8005916
2015,2015073120,15,야간,금,1,1,0,0,0,충남,아산시,차대사람,길가장자리구역통행중,길가장자리구역통행중,운전자법규위반,안전운전 의무 불이행,기타/불명,기타/불명,화물차,중형,보행자,보행자,945054,1873892,126.8835812,36.86169304
2015,2015080515,25,주간,수,1,1,0,0,0,광주,서구,차대차,측면직각충돌,측면직각충돌,운전자법규위반,신호위반,교차로,교차로내,이륜차,소형,승용차,중형,941330,1685027,126.8558105,35.15878628
2015,2015080609,0,주간,목,1,2,0,1,0,충북,청주시,차대사람,횡단중,횡단중,운전자법규위반,안전운전 의무 불이행,단일로,기타단일로,승합차,대형,보행자,보행자,993484,1847505,127.4271228,36.62539514
2015,2015080610,43,주간,목,1,4,1,2,0,경기,안성시,차대차,측면직각충돌,측면직각충돌,운전자법규위반,직진 및 우회전차의 통행방해,교차로,교차로내,승합차,대형,화물차,소형,992708,1897165,127.4179668,37.07305702
2015,2015080912,0,주간,일,1,1,0,0,0,강원,춘천시,차량단독,공작물충돌,공작물충돌,운전자법규위반,안전운전 의무 불이행,단일로,기타단일로,이륜차,중형,0,0,1032399,1983015,127.8682526,37.84633812
2015,2015080819,58,야간,토,1,1,0,0,0,경북,경주시,차대사람,기타,기타,운전자법규위반,보행자 보호의무 위반,교차로,교차로내,승용차,중형,보행자,보행자,1163854,1754357,129.3127209,35.7719652
2015,2015080817,50,주간,토,1,2,1,0,0,경북,포항시,차량단독,공작물충돌,공작물충돌,운전자법규위반,안전운전 의무 불이행,단일로,기타단일로,원동기장치자전거,원동기장치자전거,0,0,1163935,1806516,129.3244171,36.24197611
2015,2015080811,0,주간,토,2,5,2,1,0,전남,고흥군,차대차,정면충돌,정면충돌,운전자법규위반,중앙선 침범,단일로,기타단일로,화물차,소형,승용차,소형,992862,1615132,127.4222187,34.53018401
2015,2015080721,20,야간,금,1,1,0,0,0,경북,포항시,차대사람,횡단중,횡단중,운전자법규위반,안전운전 의무 불이행,단일로,횡단보도상,승용차,소형,보행자,보행자,1167274,1780875,129.3561097,36.0103528
2015,2015080820,55,야간,토,1,1,0,0,0,충북,청주시,차대사람,횡단중,횡단중,운전자법규위반,안전운전 의무 불이행,단일로,횡단보도상,화물차,소형,보행자,보행자,1010402,1844595,127.6163001,36.59912698
2015,2015071007,37,주간,금,1,2,0,1,0,경기,안산시,차대차,추돌,주정차중 추돌,운전자법규위반,안전운전 의무 불이행,교차로,교차로부근,화물차,소형,승용차,중형,940571,1925836,126.829176,37.32962758
2015,2015070817,30,주간,수,1,1,0,0,0,대전,서구,차대사람,횡단중,횡단중,운전자법규위반,안전운전 의무 불이행,교차로,교차로내,승용차,중형,보행자,보행자,989610,1814878,127.384233,36.33122172
2015,2015071201,25,야간,일,1,1,0,0,0,광주,서구,차대사람,횡단중,횡단중,운전자법규위반,안전운전 의무 불이행,단일로,기타단일로,승용차,중형,보행자,보행자,943598,1684333,126.8807589,35.15265855
2015,2015071023,30,야간,금,1,1,0,0,0,전남,목포시,차대사람,횡단중,횡단중,운전자법규위반,보행자 보호의무 위반,단일로,횡단보도상,이륜차,대형,보행자,보행자,898031,1643817,126.3855002,34.78378627
2015,2015071112,15,주간,토,1,1,0,0,0,충남,금산군,차대차,측면직각충돌,측면직각충돌,운전자법규위반,안전거리 미확보,단일로,기타단일로,원동기장치자전거,원동기장치자전거,승용차,중형,999527,1791086,127.4947441,36.11677836
2015,2015071110,35,주간,토,1,1,0,0,0,전북,김제시,차대차,측면직각충돌,측면직각충돌,운전자법규위반,신호위반,교차로,교차로내,이륜차,사발이,승용차,대형,934786,1761622,126.7778067,35.84896171
2015,2015071620,0,야간,목,1,1,0,0,0,충북,청주시,차량단독,전도전복,전도전복,운전자법규위반,안전운전 의무 불이행,단일로,기타단일로,농기계,농기계,0,0,1006831,1852791,127.5764474,36.67304598
2015,2015071501,28,야간,수,1,1,0,0,0,강원,춘천시,차량단독,도로이탈,도로이탈 기타,운전자법규위반,안전운전 의무 불이행,단일로,기타단일로,승용차,중형,0,0,1018973,1983507,127.7156647,37.85115087