발생년,발생년월일시,발생분,주야,요일,사망자수,사상자수,중상자수,경상자수,부상신고자수,발생지시도,발생지시군구,사고유형_대분류,사고유형_중분류,사고유형,법규위반_대분류,법규위반,도로형태_대분류,도로형태,당사자종별_1당_대분류,당사자종별_1당,당사자종별_2당_대분류,당사자종별_2당,발생위치X_UTMK,발생위치Y_UTMK,경도,위도
2015,2015071517,55,주간,수,1,1,0,0,0,경남,진주시,차대사람,횡단중,횡단중,운전자법규위반,보행자 보호의무 위반,단일로,횡단보도상,승용차,경형,보행자,보행자,1056532,1686151,128.1207928,35.16904355
2015,2015072004,20,야간,월,1,1,0,0,0,경북,구미시,차대차,기타,기타,운전자법규위반,안전운전 의무 불이행,단일로,기타단일로,승합차,소형,자전거,자전거,1075938,1792549,128.3439065,36.12699576
2015,2015072419,50,야간,금,1,1,0,0,0,부산,강서구,차대사람,기타,기타,운전자법규위반,안전운전 의무 불이행,단일로,횡단보도부근,화물차,중형,보행자,보행자,1132117,1684084,128.9503119,35.14331541
2015,2015072315,51,주간,목,1,1,0,0,0,충북,제천시,차량단독,전도전복,전도전복,운전자법규위반,안전운전 의무 불이행,단일로,기타단일로,자전거,자전거,0,0,1060058,1882147,128.2406521,36.96443791
2015,2015072303,0,야간,목,1,1,0,0,0,인천,서구,차대사람,차도통행중,차도통행중,운전자법규위반,안전운전 의무 불이행,단일로,기타단일로,화물차,소형,보행자,보행자,927470,1950625,126.678869,37.55211589
2015,2015072213,15,주간,수,1,1,0,0,0,전북,정읍시,차대차,측면직각충돌,측면직각충돌,운전자법규위반,직진 및 우회전차의 통행방해,교차로,교차로내,농기계,농기계,원동기장치자전거,원동기장치자전거,950130,1738835,126.9491386,35.64441737
2015,2015072211,27,주간,수,1,1,0,0,0,충남,보령시,차대차,측면직각충돌,측면직각충돌,운전자법규위반,안전운전 의무 불이행,단일로,기타단일로,승용차,중형,자전거,자전거,917709,1816084,126.5830257,36.33863241
2015,2015072223,15,야간,수,1,1,0,0,0,경기,안양시,차대사람,횡단중,횡단중,운전자법규위반,안전운전 의무 불이행,교차로,교차로내,승합차,대형,보행자,보행자,951400,1932565,126.9509645,37.39090906
2015,2015072021,40,야간,월,1,1,0,0,0,서울,종로구,차대사람,횡단중,횡단중,운전자법규위반,안전운전 의무 불이행,단일로,횡단보도상,이륜차,중형,보행자,보행자,954914,1952442,126.9894432,37.57024484
2015,2015072606,50,주간,일,1,1,0,0,0,충남,논산시,차대사람,차도통행중,차도통행중,운전자법규위반,중앙선 침범,교차로,교차로부근,승용차,소형,보행자,보행자,955919,1795289,127.009954,36.15366896
2015,2015072506,30,주간,토,1,4,1,1,1,서울,마포구,차량단독,전도전복,전도전복,운전자법규위반,안전운전 의무 불이행,단일로,기타단일로,승용차,중형,0,0,945097,1953492,126.8782016,37.57917541
2015,2015072512,35,주간,토,1,2,1,0,0,강원,태백시,차대차,정면충돌,정면충돌,운전자법규위반,중앙선 침범,단일로,기타단일로,승용차,중형,건설기계,건설기계,1125691,1903319,128.9148276,37.12011611
2015,2015072505,50,야간,토,1,1,0,0,0,서울,광진구,차대사람,횡단중,횡단중,운전자법규위반,안전운전 의무 불이행,단일로,횡단보도부근,승용차,소형,보행자,보행자,963155,1951778,127.0827957,37.56462669
2015,2015073111,30,주간,금,1,3,2,0,0,제주,서귀포시,차대사람,횡단중,횡단중,운전자법규위반,보행자 보호의무 위반,교차로,교차로부근,승용차,중형,보행자,보행자,913485,1473522,126.5712652,33.24954924
2015,2015072800,40,야간,화,1,1,0,0,0,강원,삼척시,차량단독,공작물충돌,공작물충돌,운전자법규위반,안전운전 의무 불이행,단일로,기타단일로,승용차,중형,0,0,1148798,1939071,129.1819901,37.43885754
2015,2015110801,24,야간,일,1,1,0,0,0,서울,은평구,차대사람,횡단중,횡단중,운전자법규위반,과속,교차로,교차로부근,승용차,중형,보행자,보행자,949225,1957529,126.9246705,37.61579814
2015,2015110808,55,주간,일,1,2,1,0,0,부산,동구,차량단독,전도전복,전도전복,운전자법규위반,안전운전 의무 불이행,단일로,기타단일로,승용차,중형,0,0,1140897,1681416,129.0462092,35.11807444
2015,2015110705,50,야간,토,1,1,0,0,0,대구,남구,차대사람,기타,기타,운전자법규위반,안전운전 의무 불이행,단일로,횡단보도상,승용차,중형,보행자,보행자,1099523,1761458,128.6020656,35.84459946
2015,2015110917,55,주간,월,1,3,0,2,0,충북,괴산군,차대차,추돌,주정차중 추돌,운전자법규위반,안전운전 의무 불이행,단일로,기타단일로,승용차,중형,화물차,소형,1040475,1872662,127.9540139,36.85133642
2015,2015110717,52,주간,토,1,1,0,0,0,서울,양천구,차대사람,횡단중,횡단중,운전자법규위반,안전운전 의무 불이행,교차로,교차로내,원동기장치자전거,원동기장치자전거,보행자,보행자,940889,1949109,126.8309006,37.53941097
2015,2015102107,50,주간,수,1,5,2,2,0,경남,사천시,차대사람,기타,기타,운전자법규위반,중앙선 침범,단일로,기타단일로,승용차,소형,보행자,보행자,1056120,1661328,128.1145893,34.94524176
2015,2015102018,50,야간,화,1,1,0,0,0,경남,창원시(통합),차대사람,기타,기타,운전자법규위반,안전운전 의무 불이행,단일로,기타단일로,화물차,소형,보행자,보행자,1099056,1694001,128.5886454,35.23652263
2015,2015102015,5,주간,화,1,1,0,0,0,경기,안성시,차대차,측면직각충돌,측면직각충돌,운전자법규위반,직진 및 우회전차의 통행방해,교차로,교차로내,건설기계,건설기계,이륜차,중형,968299,1896119,127.1434189,37.06312047
2015,2015102103,40,야간,수,1,1,0,0,0,경기,파주시,차량단독,공작물충돌,공작물충돌,운전자법규위반,안전운전 의무 불이행,단일로,기타단일로,이륜차,중형,0,0,939466,1974059,126.8127248,37.76418762
2015,2015102118,25,야간,수,1,1,0,0,0,경북,상주시,차대사람,횡단중,횡단중,운전자법규위반,과속,단일로,기타단일로,화물차,소형,보행자,보행자,1053485,1840934,128.0977233,36.56468124
2015,2015101120,0,야간,일,1,1,0,0,0,경기,포천시,차대사람,횡단중,횡단중,운전자법규위반,안전운전 의무 불이행,단일로,기타단일로,승용차,중형,보행자,보행자,968398,1980448,127.1409182,37.82322979
2015,2015092111,35,주간,월,1,1,0,0,0,서울,동작구,차량단독,공작물충돌,공작물충돌,운전자법규위반,안전운전 의무 불이행,단일로,기타단일로,이륜차,중형,0,0,952844,1943299,126.9665905,37.48773317
2015,2015092421,50,야간,목,1,2,0,1,0,경남,창원시(통합),차대차,추돌,주정차중 추돌,운전자법규위반,안전운전 의무 불이행,단일로,횡단보도상,승용차,중형,이륜차,소형,1101930,1696825,128.6205762,35.26169376
2015,2015092306,0,주간,수,2,2,0,0,0,충남,서산시,차대사람,횡단중,횡단중,운전자법규위반,신호위반,단일로,횡단보도상,화물차,소형,보행자,보행자,905466,1882183,126.4384783,36.93328752
2015,2015092100,27,야간,월,1,1,0,0,0,경기,하남시,차대차,측면직각충돌,측면직각충돌,운전자법규위반,신호위반,교차로,교차로내,원동기장치자전거,원동기장치자전거,승합차,소형,969573,1946211,127.1556976,37.5146833
2015,2015092108,30,주간,월,1,1,0,0,0,충남,서천군,차량단독,도로이탈,도로이탈 추락,운전자법규위반,안전운전 의무 불이행,교차로,교차로부근,원동기장치자전거,원동기장치자전거,0,0,915046,1797056,126.5554223,36.16687635
2015,2015102704,37,야간,화,1,1,0,0,0,서울,구로구,차대사람,횡단중,횡단중,운전자법규위반,안전운전 의무 불이행,교차로,교차로내,승용차,중형,보행자,보행자,947208,1942977,126.9028644,37.4845259
2015,2015102519,10,야간,일,1,1,0,0,0,충남,예산군,차대사람,차도통행중,차도통행중,운전자법규위반,안전운전 의무 불이행,단일로,기타단일로,승용차,소형,보행자,보행자,941918,1845708,126.8505452,36.60744774
2015,2015102322,0,야간,금,1,1,0,0,0,인천,계양구,차대사람,횡단중,횡단중,운전자법규위반,안전운전 의무 불이행,교차로,교차로부근,화물차,소형,보행자,보행자,931784,1948203,126.7279299,37.53061647
2015,2015102400,47,야간,토,1,1,0,0,0,경기,과천시,차대사람,횡단중,횡단중,운전자법규위반,과속,단일로,기타단일로,승용차,중형,보행자,보행자,954782,1939958,126.9887167,37.45771651
2015,2015102406,55,주간,토,1,1,0,0,0,강원,춘천시,차대사람,횡단중,횡단중,운전자법규위반,안전운전 의무 불이행,교차로,교차로부근,승합차,소형,보행자,보행자,1020063,1986719,127.7281438,37.8800774
2015,2015102618,10,야간,월,1,3,0,2,0,충남,서산시,차대차,정면충돌,정면충돌,운전자법규위반,중앙선 침범,단일로,기타단일로,이륜차,중형,승용차,중형,915645,1860574,126.5551621,36.73948246
2015,2015102818,7,야간,수,1,1,0,0,0,광주,동구,차대사람,횡단중,횡단중,운전자법규위반,안전운전 의무 불이행,기타/불명,기타/불명,이륜차,소형,보행자,보행자,948057,1681790,126.9298722,35.12996918
2015,2015110318,0,야간,화,1,1,0,0,0,경북,의성군,차대차,추돌,진행중 추돌,운전자법규위반,안전운전 의무 불이행,단일로,기타단일로,승용차,소형,농기계,농기계,1113504,1813779,128.7643812,36.31468254
2015,2015110221,58,야간,월,1,1,0,0,0,충남,태안군,차량단독,전도전복,전도전복,운전자법규위반,안전운전 의무 불이행,단일로,기타단일로,승용차,소형,0,0,890241,1866367,126.2698374,36.78909417
2015,2015110313,13,주간,화,1,1,0,0,0,서울,강동구,차대사람,횡단중,횡단중,운전자법규위반,신호위반,교차로,교차로내,승합차,대형,보행자,보행자,969452,1950033,127.1541694,37.54912872
2015,2015110313,35,주간,화,1,1,0,0,0,충북,제천시,차량단독,기타,기타,운전자법규위반,안전운전 의무 불이행,단일로,기타단일로,이륜차,중형,0,0,1064916,1902145,128.2306929,37.11572487
2015,2015110306,15,주간,화,1,1,0,0,0,경남,합천군,차대사람,차도통행중,차도통행중,운전자법규위반,안전운전 의무 불이행,기타/불명,기타/불명,화물차,소형,보행자,보행자,1053563,1717893,128.0902667,35.45540791
2015,2015110800,15,야간,일,1,1,0,0,0,경북,안동시,차대사람,횡단중,횡단중,운전자법규위반,안전운전 의무 불이행,단일로,기타단일로,승용차,대형,보행자,보행자,1111629,1841141,128.7474404,36.56151933
2015,2015110619,15,야간,금,1,1,0,0,0,제주,제주시,차대사람,횡단중,횡단중,운전자법규위반,안전운전 의무 불이행,단일로,기타단일로,승용차,중형,보행자,보행자,885835,1491331,126.2722449,33.4075773
2015,2015111020,53,야간,화,1,1,0,0,0,전남,순천시,차대차,추돌,주정차중 추돌,운전자법규위반,안전운전 의무 불이행,단일로,기타단일로,이륜차,중형,화물차,중형,998935,1660602,127.4883375,34.94024918
2015,2015110806,40,주간,일,1,1,0,0,0,광주,북구,차대사람,횡단중,횡단중,운전자법규위반,보행자 보호의무 위반,단일로,기타단일로,승용차,소형,보행자,보행자,945978,1686529,126.906744,35.17258998
2015,2015101809,51,주간,일,1,1,0,0,0,경북,경주시,차대사람,차도통행중,차도통행중,운전자법규위반,안전운전 의무 불이행,단일로,기타단일로,화물차,소형,보행자,보행자,1177533,1747276,129.4624085,35.70578244
2015,2015101819,25,야간,일,1,2,1,0,0,전남,담양군,차대차,추돌,진행중 추돌,운전자법규위반,안전운전 의무 불이행,단일로,기타단일로,승용차,중형,자전거,자전거,952664,1692236,126.9798372,35.22438604
2015,2015102001,0,야간,화,1,1,0,0,0,울산,울주군,차대차,추돌,주정차중 추돌,운전자법규위반,안전운전 의무 불이행,단일로,기타단일로,승용차,대형,화물차,대형,1146940,1730491,129.1213161,35.55953995
2015,2015102018,55,야간,화,1,1,0,0,0,경북,구미시,차대사람,기타,기타,운전자법규위반,안전운전 의무 불이행,단일로,기타단일로,화물차,소형,보행자,보행자,1061013,1807696,128.1792337,36.26459984
2015,2015102013,35,주간,화,1,1,0,0,0,전북,전주시,차대차,측면직각충돌,측면직각충돌,운전자법규위반,안전운전 의무 불이행,단일로,횡단보도상,승용차,소형,자전거,자전거,968222,1758740,127.1481891,35.82463247
2015,2015101617,52,주간,금,1,1,0,0,0,전남,영광군,차대차,기타,기타,운전자법규위반,중앙선 침범,단일로,기타단일로,이륜차,소형,화물차,소형,907582,1695302,126.4841507,35.24888615
2015,2015091911,37,주간,토,1,3,1,1,0,충남,청양군,차대차,추돌,진행중 추돌,운전자법규위반,차로위반(진로변경 위반),단일로,기타단일로,농기계,농기계,원동기장치자전거,원동기장치자전거,936591,1827548,126.7924766,36.44340566
2015,2015092319,0,야간,수,1,1,0,0,0,경기,이천시,차대차,측면직각충돌,측면직각충돌,운전자법규위반,신호위반,교차로,교차로내,이륜차,소형,화물차,중형,997284,1918330,127.4693688,37.2638664
2015,2015092210,25,주간,화,1,2,0,1,0,경기,양평군,차대차,측면직각충돌,측면직각충돌,운전자법규위반,안전운전 의무 불이행,교차로,교차로내,이륜차,사발이,승용차,소형,1004886,1947789,127.5552994,37.52939567
2015,2015092201,5,야간,화,1,1,0,0,0,충남,계룡시,차량단독,전도전복,전도전복,운전자법규위반,안전운전 의무 불이행,단일로,기타단일로,이륜차,소형,0,0,976290,1811356,127.2359277,36.29923369
2015,2015122618,45,야간,토,1,1,0,0,0,경기,남양주시,차대사람,횡단중,횡단중,운전자법규위반,안전운전 의무 불이행,단일로,기타단일로,승용차,중형,보행자,보행자,973618,1959278,127.2009984,37.63258635
2015,2015122619,15,야간,토,1,5,1,2,1,서울,성동구,차대차,기타,기타,운전자법규위반,안전거리 미확보,단일로,기타단일로,승용차,중형,승합차,대형,961153,1949490,127.0602484,37.54392194
2015,2015122618,10,야간,토,1,1,0,0,0,부산,동구,차대사람,횡단중,횡단중,운전자법규위반,안전운전 의무 불이행,단일로,기타단일로,승용차,대형,보행자,보행자,1140308,1681077,129.0396901,35.11510097
2015,2015122708,45,주간,일,1,1,0,0,0,부산,연제구,차대차,측면직각충돌,측면직각충돌,운전자법규위반,안전운전 의무 불이행,단일로,기타단일로,건설기계,건설기계,자전거,자전거,1144566,1689544,129.0878826,35.19081791
2015,2015121020,17,야간,목,1,1,0,0,0,부산,사상구,차대사람,횡단중,횡단중,운전자법규위반,안전운전 의무 불이행,단일로,기타단일로,승용차,중형,보행자,보행자,1134584,1683980,128.9773685,35.14205081
2015,2015121107,55,주간,금,1,1,0,0,0,경기,광주시,차대사람,기타,기타,운전자법규위반,안전운전 의무 불이행,교차로,교차로부근,승용차,소형,보행자,보행자,977641,1935770,127.2473086,37.42080284
2015,2015121511,52,주간,화,1,1,0,0,0,인천,중구,차대사람,기타,기타,운전자법규위반,안전운전 의무 불이행,단일로,기타단일로,승용차,경형,보행자,보행자,922254,1939249,126.6210262,37.44916312
2015,2015121500,35,야간,화,1,1,0,0,0,전남,영암군,차량단독,전도전복,전도전복,운전자법규위반,안전운전 의무 불이행,단일로,기타단일로,이륜차,대형,0,0,907427,1639050,126.488706,34.74170206
2015,2015121010,20,주간,목,1,1,0,0,0,경기,연천군,차대사람,횡단중,횡단중,운전자법규위반,안전운전 의무 불이행,교차로,교차로부근,승합차,대형,보행자,보행자,962071,2003077,127.0678366,38.02693842
2015,2015121007,12,주간,목,1,1,0,0,0,충남,예산군,차대사람,횡단중,횡단중,운전자법규위반,안전운전 의무 불이행,교차로,교차로내,승합차,소형,보행자,보행자,941817,1859203,126.8483911,36.72909024
2015,2015121208,40,주간,토,1,1,0,0,0,서울,강동구,차대차,측면직각충돌,측면직각충돌,운전자법규위반,안전거리 미확보,단일로,기타단일로,이륜차,소형,승용차,중형,969511,1950698,127.1548097,37.5551246
2015,2015121706,35,주간,목,1,1,0,0,0,서울,서초구,차대사람,횡단중,횡단중,운전자법규위반,보행자 보호의무 위반,교차로,교차로부근,화물차,경형,보행자,보행자,954880,1943813,126.9895885,37.49246775
2015,2015120917,54,주간,수,1,1,0,0,0,경기,광주시,차대사람,횡단중,횡단중,운전자법규위반,안전운전 의무 불이행,교차로,교차로부근,화물차,대형,보행자,보행자,986818,1927268,127.351174,37.34434358
2015,2015111817,55,주간,수,1,1,0,0,0,전북,남원시,차대사람,횡단중,횡단중,운전자법규위반,안전운전 의무 불이행,교차로,교차로부근,화물차,소형,보행자,보행자,1008850,1719316,127.5975451,35.46964244
2015,2015112306,0,주간,월,1,1,0,0,0,전남,나주시,차량단독,공작물충돌,공작물충돌,운전자법규위반,안전운전 의무 불이행,단일로,기타단일로,원동기장치자전거,원동기장치자전거,0,0,922538,1669268,126.6509681,35.01542541
2015,2015112315,0,주간,월,1,1,0,0,0,대구,수성구,차대사람,횡단중,횡단중,운전자법규위반,안전운전 의무 불이행,교차로,교차로내,승용차,대형,보행자,보행자,1103421,1758568,128.6448481,35.81814428
2015,2015120114,36,주간,화,1,1,0,0,0,충남,서천군,차량단독,전도전복,전도전복,운전자법규위반,안전운전 의무 불이행,단일로,기타단일로,원동기장치자전거,원동기장치자전거,0,0,927882,1780783,126.6996172,36.02121742
2015,2015120101,2,야간,화,1,1,0,0,0,서울,영등포구,차대사람,횡단중,횡단중,운전자법규위반,안전운전 의무 불이행,단일로,기타단일로,승용차,중형,보행자,보행자,947864,1945115,126.9102169,37.50375538
2015,2015112603,50,야간,목,1,1,0,0,0,제주,서귀포시,차량단독,공작물충돌,공작물충돌,운전자법규위반,안전운전 의무 불이행,단일로,기타단일로,승용차,중형,0,0,931181,1492198,126.7597922,33.41926418
2015,2015120116,35,주간,화,1,1,0,0,0,경기,수원시,차대차,정면충돌,정면충돌,운전자법규위반,신호위반,교차로,교차로내,자전거,자전거,승합차,경형,953796,1919808,126.9788261,37.27604582
2015,2015112618,40,야간,목,1,1,0,0,0,강원,양구군,차대차,추돌,진행중 추돌,운전자법규위반,안전거리 미확보,단일로,기타단일로,승용차,소형,농기계,농기계,1043206,2013472,127.9929161,38.1203865
2015,2015112702,43,야간,금,2,2,0,0,0,서울,광진구,차량단독,공작물충돌,공작물충돌,운전자법규위반,안전운전 의무 불이행,단일로,기타단일로,승용차,중형,0,0,963127,1950825,127.0825266,37.55603586
2015,2015111607,13,주간,월,1,1,0,0,0,울산,북구,차량단독,공작물충돌,공작물충돌,운전자법규위반,안전운전 의무 불이행,단일로,기타단일로,이륜차,중형,0,0,1165812,1738182,129.3310358,35.6258714
2015,2015122221,43,야간,화,1,1,0,0,0,서울,종로구,차량단독,기타,기타,운전자법규위반,안전운전 의무 불이행,단일로,기타단일로,이륜차,중형,0,0,952563,1952686,126.9614819,37.57230816
2015,2015121722,40,야간,목,1,1,0,0,0,울산,동구,차량단독,전도전복,전도전복,운전자법규위반,안전운전 의무 불이행,단일로,기타단일로,이륜차,소형,0,0,1173390,1727985,129.4124911,35.53268008
2015,2015121801,3,야간,금,1,5,2,2,0,서울,관악구,차대사람,횡단중,횡단중,운전자법규위반,보행자 보호의무 위반,교차로,교차로내,승용차,중형,보행자,보행자,949573,1942904,126.9296189,37.4840001
2015,2015121922,20,야간,토,1,1,0,0,0,경기,이천시,차대사람,횡단중,횡단중,운전자법규위반,안전운전 의무 불이행,교차로,교차로부근,승용차,대형,보행자,보행자,996022,1919128,127.4551316,37.27105505
2015,2015122323,15,야간,수,1,1,0,0,0,경북,성주군,차량단독,공작물충돌,공작물충돌,운전자법규위반,안전운전 의무 불이행,단일로,기타단일로,승용차,중형,0,0,1077716,1763515,128.3608146,35.86511556
2015,2015121810,50,주간,금,1,3,1,1,0,경기,양주시,차대차,정면충돌,정면충돌,운전자법규위반,중앙선 침범,단일로,기타단일로,승용차,중형,승용차,중형,957740,1988234,127.0193633,37.89297202
2015,2015121823,30,야간,금,1,1,0,0,0,대구,중구,차대사람,횡단중,횡단중,운전자법규위반,과속,단일로,기타단일로,승용차,대형,보행자,보행자,1099297,1763912,128.5998689,35.86674396
2015,2015123017,50,주간,수,1,1,0,0,0,전북,김제시,차대사람,횡단중,횡단중,운전자법규위반,안전운전 의무 불이행,단일로,기타단일로,화물차,소형,보행자,보행자,950770,1762267,126.9547687,35.85571034
2015,2015123018,3,야간,수,1,1,0,0,0,경북,칠곡군,차대사람,횡단중,횡단중,운전자법규위반,안전운전 의무 불이행,단일로,기타단일로,승용차,경형,보행자,보행자,1093436,1785884,128.5375473,36.06538768
2015,2015123002,11,야간,수,1,1,0,0,0,서울,중랑구,차량단독,전도전복,전도전복,운전자법규위반,안전운전 의무 불이행,단일로,기타단일로,승용차,중형,0,0,966921,1955837,127.1252547,37.60135485
2015,2015121218,22,야간,토,1,1,0,0,0,경북,군위군,차대사람,기타,기타,운전자법규위반,안전운전 의무 불이행,단일로,기타단일로,승용차,중형,보행자,보행자,1112124,1797028,128.746612,36.16386002
2015,2015121218,38,야간,토,1,1,0,0,0,경기,안성시,차대사람,길가장자리구역통행중,길가장자리구역통행중,운전자법규위반,안전운전 의무 불이행,단일로,기타단일로,화물차,중형,보행자,보행자,986818,1892629,127.3517855,37.03210373
2015,2015121217,39,주간,토,1,1,0,0,0,경북,문경시,차대사람,횡단중,횡단중,운전자법규위반,보행자 보호의무 위반,단일로,횡단보도상,승용차,경형,보행자,보행자,1059702,1846925,128.1676626,36.61831818
2015,2015121615,15,주간,수,1,2,0,1,0,전남,화순군,차대차,정면충돌,정면충돌,운전자법규위반,중앙선 침범,단일로,기타단일로,화물차,소형,건설기계,건설기계,955858,1670448,127.0160975,35.02807089
2015,2015121513,25,주간,화,1,1,0,0,0,서울,영등포구,차대사람,횡단중,횡단중,운전자법규위반,보행자 보호의무 위반,교차로,교차로부근,승용차,중형,보행자,보행자,946279,1948301,126.8919678,37.53245831
2015,2015121504,10,야간,화,1,1,0,0,0,서울,서초구,차대차,기타,기타,운전자법규위반,안전운전 의무 불이행,단일로,기타단일로,이륜차,소형,건설기계,건설기계,954339,1941402,126.9836183,37.47071002
2015,2015121306,27,주간,일,1,1,0,0,0,제주,서귀포시,차대사람,횡단중,횡단중,운전자법규위반,안전운전 의무 불이행,교차로,교차로내,승용차,대형,보행자,보행자,883764,1471207,126.2525654,33.22588133
2015,2015121218,10,야간,토,1,1,0,0,0,서울,서대문구,차대차,기타,기타,운전자법규위반,중앙선 침범,단일로,기타단일로,이륜차,중형,원동기장치자전거,원동기장치자전거,951256,1955075,126.9478462,37.59378998
2015,2015111917,15,주간,목,1,1,0,0,0,전남,장흥군,차대사람,길가장자리구역통행중,길가장자리구역통행중,운전자법규위반,안전운전 의무 불이행,단일로,터널안,승용차,중형,보행자,보행자,948735,1636674,126.9400842,34.72318772
2015,2015062020,5,야간,토,1,1,0,0,0,경기,안산시,차량단독,공작물충돌,공작물충돌,운전자법규위반,안전운전 의무 불이행,단일로,기타단일로,승용차,소형,0,0,943417,1928239,126.8611158,37.35146442
2015,2015120921,0,야간,수,1,2,0,1,0,충북,청주시,차대차,추돌,진행중 추돌,운전자법규위반,안전거리 미확보,단일로,기타단일로,화물차,소형,화물차,대형,993344,1854767,127.4254939,36.69086067
2015,2015100406,15,주간,일,1,2,1,0,0,광주,광산구,차대차,정면충돌,정면충돌,운전자법규위반,기타(운전자법규위반),단일로,기타단일로,승용차,대형,승용차,중형,941349,1688786,126.8557517,35.19268082
2015,2015090713,44,주간,월,1,4,1,2,0,경기,용인시,차대차,기타,기타,운전자법규위반,안전거리 미확보,단일로,기타단일로,화물차,소형,승용차,소형,966230,1899953,127.1364307,37.04960125
2015,2015081515,20,주간,토,1,7,3,3,0,충남,천안시,차대차,추돌,진행중 추돌,운전자법규위반,안전운전 의무 불이행,기타/불명,기타/불명,화물차,소형,승합차,대형,965579,1852657,127.1147961,36.67123955
2015,2015092612,55,주간,토,1,3,1,1,0,경남,창녕군,차량단독,도로이탈,도로이탈 추락,운전자법규위반,안전운전 의무 불이행,단일로,기타단일로,승용차,중형,0,0,1090321,1726246,128.4962272,35.52805304
2015,2015092607,57,주간,토,1,1,0,0,0,경남,진주시,차대차,기타,기타,운전자법규위반,안전운전 의무 불이행,단일로,기타단일로,승용차,중형,화물차,대형,1066244,1688985,128.2276635,35.19400269
2015,2015112617,58,주간,목,2,3,1,0,0,충남,예산군,차대차,기타,기타,운전자법규위반,안전운전 의무 불이행,단일로,기타단일로,승용차,중형,승용차,소형,943200,1844666,126.8649563,36.59813191
2015,2015010907,49,주간,금,1,1,0,0,0,부산,연제구,차대차,측면직각충돌,측면직각충돌,운전자법규위반,안전운전 의무 불이행,단일로,기타단일로,원동기장치자전거,원동기장치자전거,승합차,대형,1143616,1689163,129.0773851,35.18752003
2015,2015010517,55,주간,월,1,1,0,0,0,울산,울주군,차대사람,횡단중,횡단중,운전자법규위반,보행자 보호의무 위반,교차로,교차로부근,승용차,중형,보행자,보행자,1155411,1739419,129.2164653,35.63871055
2015,2015010619,19,야간,화,1,1,0,0,0,경기,안산시,차대사람,횡단중,횡단중,운전자법규위반,안전운전 의무 불이행,단일로,기타단일로,승용차,경형,보행자,보행자,934459,1922899,126.7604493,37.30274457
2015,2015010616,50,주간,화,1,1,0,0,0,전남,담양군,차량단독,전도전복,전도전복,운전자법규위반,안전운전 의무 불이행,기타/불명,기타/불명,농기계,농기계,0,0,955977,1695438,127.0160702,35.25340867
2015,2015010509,25,주간,월,1,2,1,0,0,충남,보령시,차대차,정면충돌,정면충돌,운전자법규위반,과속,교차로,교차로내,건설기계,건설기계,승용차,중형,909032,1835118,126.4841176,36.50942181
2015,2015010605,40,야간,화,1,1,0,0,0,서울,용산구,차대사람,기타,기타,운전자법규위반,안전운전 의무 불이행,교차로,교차로내,승용차,중형,보행자,보행자,953874,1950002,126.9778201,37.54820111
2015,2015010615,0,주간,화,1,1,0,0,0,충북,음성군,차대차,기타,기타,운전자법규위반,안전운전 의무 불이행,단일로,기타단일로,화물차,중형,자전거,자전거,1003458,1893064,127.5388828,37.03611118
2015,2015010608,50,주간,화,1,1,0,0,0,충남,보령시,차대차,기타,기타,운전자법규위반,안전운전 의무 불이행,단일로,기타단일로,승용차,중형,원동기장치자전거,원동기장치자전거,919609,1812561,126.6045586,36.30703541
2015,2015010519,10,야간,월,1,1,0,0,0,경기,고양시,차대사람,횡단중,횡단중,운전자법규위반,안전운전 의무 불이행,단일로,횡단보도상,승합차,대형,보행자,보행자,941742,1958123,126.8398384,37.62070796
2015,2015010623,45,야간,화,2,3,1,0,0,대전,서구,차대차,정면충돌,정면충돌,운전자법규위반,중앙선 침범,단일로,기타단일로,화물차,소형,승용차,중형,991183,1816098,127.4017458,36.34223623
2015,2015011122,12,야간,일,2,5,1,2,0,강원,태백시,차대차,정면충돌,정면충돌,운전자법규위반,중앙선 침범,단일로,기타단일로,승용차,중형,승용차,대형,1136587,1900793,129.0369785,37.09582739
2015,2015011206,10,주간,월,1,5,0,3,1,인천,남동구,차대사람,횡단중,횡단중,운전자법규위반,신호위반,교차로,교차로부근,승용차,대형,보행자,보행자,929907,1939252,126.7075406,37.44980196
2015,2015010918,27,야간,금,1,1,0,0,0,경기,고양시,차대차,추돌,진행중 추돌,운전자법규위반,안전운전 의무 불이행,교차로,교차로내,승합차,대형,이륜차,소형,947227,1968549,126.901235,37.71500798
2015,2015011518,0,야간,목,1,1,0,0,0,경기,양평군,차대차,정면충돌,정면충돌,운전자법규위반,중앙선 침범,단일로,기타단일로,승용차,소형,이륜차,소형,1009284,1944409,127.6050329,37.49889581
2015,2015011701,10,야간,토,1,1,0,0,0,경남,양산시,차대사람,횡단중,횡단중,운전자법규위반,안전운전 의무 불이행,단일로,기타단일로,승용차,중형,보행자,보행자,1149404,1708968,129.1445394,35.36518414
2015,2015011720,30,야간,토,1,1,0,0,0,경북,문경시,차량단독,공작물충돌,공작물충돌,운전자법규위반,안전운전 의무 불이행,단일로,기타단일로,승용차,대형,0,0,1047674,1852402,128.0334968,36.66836879
2015,2015011708,20,주간,토,1,1,0,0,0,경북,안동시,차대사람,기타,기타,운전자법규위반,안전운전 의무 불이행,단일로,기타단일로,화물차,중형,보행자,보행자,1107480,1854938,128.7030164,36.6863479