발생년,발생년월일시,발생분,주야,요일,사망자수,사상자수,중상자수,경상자수,부상신고자수,발생지시도,발생지시군구,사고유형_대분류,사고유형_중분류,사고유형,법규위반_대분류,법규위반,도로형태_대분류,도로형태,당사자종별_1당_대분류,당사자종별_1당,당사자종별_2당_대분류,당사자종별_2당,발생위치X_UTMK,발생위치Y_UTMK,경도,위도
2015,2015011514,18,주간,목,1,1,0,0,0,충남,태안군,차량단독,공작물충돌,공작물충돌,운전자법규위반,안전운전 의무 불이행,단일로,기타단일로,승용차,중형,0,0,896374,1862973,126.3390234,36.75919532
2015,2015011414,0,주간,수,1,1,0,0,0,경남,김해시,차대차,추돌,주정차중 추돌,운전자법규위반,안전운전 의무 불이행,교차로,교차로부근,화물차,소형,승용차,중형,1115219,1698861,128.7669258,35.27860694
2015,2015011506,15,주간,목,1,2,1,0,0,세종,세종,차량단독,전도전복,전도전복,운전자법규위반,안전운전 의무 불이행,단일로,기타단일로,승용차,중형,0,0,988558,1837071,127.3721839,36.53128569
2015,2015012006,50,주간,화,1,1,0,0,0,서울,금천구,차대사람,횡단중,횡단중,운전자법규위반,안전운전 의무 불이행,단일로,횡단보도상,화물차,소형,보행자,보행자,947402,1940054,126.9052674,37.45819131
2015,2015012006,10,주간,화,1,1,0,0,0,광주,광산구,차대사람,길가장자리구역통행중,길가장자리구역통행중,운전자법규위반,안전운전 의무 불이행,단일로,기타단일로,화물차,소형,보행자,보행자,937622,1682259,126.8153086,35.13360508
2015,2015012605,46,야간,월,1,1,0,0,0,경남,창원시(통합),차대사람,길가장자리구역통행중,길가장자리구역통행중,운전자법규위반,안전운전 의무 불이행,단일로,기타단일로,승용차,소형,보행자,보행자,1089776,1694024,128.486673,35.23760431
2015,2015012404,10,야간,토,1,1,0,0,0,경기,광주시,차량단독,공작물충돌,공작물충돌,운전자법규위반,안전운전 의무 불이행,단일로,기타단일로,화물차,소형,0,0,972625,1935692,127.1906236,37.41996502
2015,2015012208,15,주간,목,1,2,0,1,0,강원,동해시,차대차,측면직각충돌,측면직각충돌,운전자법규위반,신호위반,교차로,교차로내,승용차,경형,승용차,중형,1145046,1943606,129.1404868,37.48031387
2015,2015012200,35,야간,목,1,1,0,0,0,경기,안산시,차대차,추돌,진행중 추돌,운전자법규위반,안전운전 의무 불이행,교차로,교차로내,화물차,소형,원동기장치자전거,원동기장치자전거,941051,1920577,126.8350114,37.28225694
2015,2015012907,45,주간,목,1,1,0,0,0,경북,포항시,차량단독,도로이탈,도로이탈 추락,운전자법규위반,안전운전 의무 불이행,고가도로위,고가도로위,승용차,중형,0,0,1176184,1778752,129.4544544,35.98965269
2015,2015012918,45,야간,목,1,1,0,0,0,경남,하동군,차대차,추돌,주정차중 추돌,운전자법규위반,안전운전 의무 불이행,단일로,기타단일로,화물차,소형,화물차,대형,1028037,1667027,127.8072405,34.99779831
2015,2015012920,40,야간,목,1,2,1,0,0,서울,광진구,차대차,기타,기타,운전자법규위반,신호위반,교차로,교차로내,승용차,중형,승합차,대형,965366,1950060,127.1079119,37.54922754
2015,2015012816,15,주간,수,1,1,0,0,0,서울,성북구,차대사람,횡단중,횡단중,운전자법규위반,안전운전 의무 불이행,단일로,기타단일로,승합차,중형,보행자,보행자,960893,1957549,127.0568749,37.61654891
2015,2015013008,58,주간,금,1,1,0,0,0,광주,북구,차대차,측면직각충돌,측면직각충돌,운전자법규위반,신호위반,교차로,교차로부근,이륜차,소형,승용차,소형,945261,1688704,126.8987261,35.19216242
2015,2015012720,10,야간,화,1,1,0,0,0,경남,진주시,차대사람,길가장자리구역통행중,길가장자리구역통행중,운전자법규위반,안전운전 의무 불이행,단일로,기타단일로,승용차,중형,보행자,보행자,1068541,1688497,128.2528526,35.18944847
2015,2015012720,30,야간,화,1,1,0,0,0,경남,합천군,차대차,추돌,진행중 추돌,운전자법규위반,안전운전 의무 불이행,단일로,기타단일로,화물차,대형,화물차,소형,1062774,1734779,128.1930743,35.60711291
2015,2015020303,24,야간,화,4,5,0,1,0,경북,구미시,차대차,기타,기타,운전자법규위반,안전운전 의무 불이행,단일로,기타단일로,승용차,대형,승용차,소형,1076262,1794498,128.3476958,36.14454009
2015,2015080209,0,주간,일,1,1,0,0,0,강원,홍천군,차량단독,전도전복,전도전복,운전자법규위반,안전운전 의무 불이행,단일로,기타단일로,농기계,농기계,0,0,1050021,1962044,128.0670955,37.65653325
2015,2015080218,0,야간,일,1,1,0,0,0,세종,세종,차대차,측면직각충돌,측면직각충돌,운전자법규위반,신호위반,교차로,교차로내,승용차,중형,원동기장치자전거,원동기장치자전거,981658,1836907,127.2951098,36.52969971
2015,2015080309,55,주간,월,1,1,0,0,0,인천,옹진군,차대사람,횡단중,횡단중,운전자법규위반,안전운전 의무 불이행,교차로,교차로내,승용차,중형,보행자,보행자,750342,1995365,124.6596472,37.92392947
2015,2015080319,55,야간,월,1,1,0,0,0,충남,당진시,차대차,정면충돌,정면충돌,운전자법규위반,중앙선 침범,단일로,기타단일로,이륜차,소형,승용차,중형,918963,1887832,126.589411,36.98546171
2015,2015080100,20,야간,토,1,1,0,0,0,경기,포천시,차대차,추돌,진행중 추돌,운전자법규위반,안전운전 의무 불이행,단일로,기타단일로,승용차,중형,특수차,대형,981446,1984081,127.2890833,37.856333
2015,2015080604,24,야간,목,1,1,0,0,0,경남,밀양시,차대사람,횡단중,횡단중,운전자법규위반,보행자 보호의무 위반,교차로,교차로내,화물차,대형,보행자,보행자,1114482,1719932,128.7617773,35.4686402
2015,2015080403,40,야간,화,1,5,3,1,0,충남,태안군,차대차,정면충돌,정면충돌,운전자법규위반,중앙선 침범,교차로,교차로부근,승용차,소형,화물차,중형,892907,1861258,126.3004291,36.74335301
2015,2015081119,30,야간,화,1,1,0,0,0,경남,창원시(통합),차대사람,횡단중,횡단중,운전자법규위반,안전운전 의무 불이행,단일로,기타단일로,승합차,대형,보행자,보행자,1110133,1704408,128.711758,35.32918568
2015,2015080921,50,야간,일,1,1,0,0,0,경기,고양시,차대사람,횡단중,횡단중,운전자법규위반,안전운전 의무 불이행,단일로,기타단일로,승용차,중형,보행자,보행자,935934,1965152,126.7734116,37.68367175
2015,2015081014,25,주간,월,1,2,1,0,0,경기,안산시,차대차,정면충돌,정면충돌,운전자법규위반,중앙선 침범,단일로,기타단일로,승용차,소형,승용차,중형,917765,1921151,126.5722915,37.28566328
2015,2015080818,17,야간,토,1,1,0,0,0,경기,안양시,차대사람,기타,기타,운전자법규위반,안전운전 의무 불이행,교차로,교차로부근,승용차,중형,보행자,보행자,949877,1935657,126.9335501,37.41869727
2015,2015081008,40,주간,월,1,1,0,0,0,인천,동구,차대차,측면직각충돌,측면직각충돌,운전자법규위반,안전운전 의무 불이행,단일로,기타단일로,자전거,자전거,화물차,대형,924036,1942921,126.6407922,37.48240588
2015,2015080919,20,야간,일,1,1,0,0,0,경기,동두천시,차대차,추돌,진행중 추돌,운전자법규위반,안전운전 의무 불이행,단일로,기타단일로,승용차,중형,자전거,자전거,961327,1993930,127.0598524,37.9444682
2015,2015081008,20,주간,월,1,1,0,0,0,경남,함양군,차량단독,전도전복,전도전복,운전자법규위반,안전운전 의무 불이행,단일로,기타단일로,이륜차,사발이,0,0,1024627,1730343,127.7717738,35.5688023
2015,2015080901,25,야간,일,1,1,0,0,0,충남,홍성군,차량단독,공작물충돌,공작물충돌,운전자법규위반,안전운전 의무 불이행,단일로,기타단일로,승용차,소형,0,0,922347,1843436,126.6319577,36.58557448
2015,2015071411,18,주간,화,1,2,1,0,0,충남,아산시,차량단독,공작물충돌,공작물충돌,운전자법규위반,안전운전 의무 불이행,단일로,기타단일로,이륜차,소형,0,0,954621,1865234,126.9914223,36.784155
2015,2015071312,30,주간,월,1,1,0,0,0,경기,하남시,차량단독,전도전복,전도전복,운전자법규위반,안전운전 의무 불이행,단일로,기타단일로,원동기장치자전거,원동기장치자전거,0,0,969852,1946081,127.15886,37.5135207
2015,2015071015,5,주간,금,1,1,0,0,0,인천,동구,차대사람,횡단중,횡단중,운전자법규위반,안전거리 미확보,단일로,횡단보도상,화물차,중형,보행자,보행자,923493,1942439,126.6347013,37.47801696
2015,2015071605,0,야간,목,1,1,0,0,0,전남,목포시,차대사람,횡단중,횡단중,운전자법규위반,안전운전 의무 불이행,단일로,기타단일로,승합차,소형,보행자,보행자,901601,1646203,126.424234,34.80564979
2015,2015071609,38,주간,목,1,1,0,0,0,충남,예산군,차대차,기타,기타,운전자법규위반,안전운전 의무 불이행,단일로,기타단일로,이륜차,소형,이륜차,소형,931880,1861142,126.7369389,36.74590718
2015,2015072015,15,주간,월,1,2,1,0,0,제주,서귀포시,차대차,측면직각충돌,측면직각충돌,운전자법규위반,신호위반,교차로,교차로내,승용차,경형,화물차,대형,896886,1480773,126.3922765,33.31348261
2015,2015072017,10,주간,월,1,1,0,0,0,경기,성남시,차대사람,기타,기타,운전자법규위반,안전운전 의무 불이행,단일로,기타단일로,화물차,중형,보행자,보행자,965626,1930056,127.1117885,37.3689308
2015,2015072306,40,주간,목,1,1,0,0,0,경기,부천시,차대차,측면직각충돌,측면직각충돌,운전자법규위반,안전거리 미확보,단일로,기타단일로,승용차,대형,자전거,자전거,936249,1944154,126.7788123,37.49444266
2015,2015072201,4,야간,수,1,3,2,0,0,경기,시흥시,차대사람,횡단중,횡단중,운전자법규위반,안전운전 의무 불이행,교차로,교차로내,승용차,중형,보행자,보행자,933440,1926981,126.7485858,37.3394639
2015,2015072705,50,야간,월,1,1,0,0,0,충북,청주시,차량단독,전도전복,전도전복,운전자법규위반,안전운전 의무 불이행,교차로,교차로부근,이륜차,소형,0,0,994173,1846926,127.4348332,36.62017992
2015,2015072721,55,야간,월,1,1,0,0,0,인천,서구,차대사람,횡단중,횡단중,운전자법규위반,안전운전 의무 불이행,교차로,교차로내,승용차,소형,보행자,보행자,922419,1947798,126.6219901,37.52622592
2015,2015072420,0,야간,금,1,1,0,0,0,광주,북구,차대차,기타,기타,운전자법규위반,중앙선 침범,단일로,기타단일로,원동기장치자전거,원동기장치자전거,승용차,중형,940157,1686969,126.8427909,35.17622735
2015,2015072816,40,주간,화,1,1,0,0,0,전남,담양군,차대차,기타,기타,운전자법규위반,과속,교차로,교차로부근,화물차,소형,자전거,자전거,947641,1700076,126.9241433,35.29482643
2015,2015072911,40,주간,수,1,2,0,0,1,제주,제주시,차대차,측면직각충돌,측면직각충돌,운전자법규위반,신호위반,교차로,교차로내,승용차,중형,이륜차,중형,907484,1501808,126.503903,33.50420887
2015,2015080714,5,주간,금,1,1,0,0,0,대전,대덕구,차대사람,기타,기타,운전자법규위반,안전운전 의무 불이행,단일로,횡단보도상,화물차,대형,보행자,보행자,993617,1828449,127.4287426,36.45211273
2015,2015080612,55,주간,목,1,3,1,1,0,서울,금천구,차대사람,기타,기타,운전자법규위반,기타(운전자법규위반),기타/불명,기타/불명,승용차,중형,보행자,보행자,945642,1940218,126.8853558,37.45956766
2015,2015080612,55,주간,목,1,3,1,1,0,경기,광명시,차대사람,기타,기타,운전자법규위반,기타(운전자법규위반),단일로,기타단일로,승용차,중형,보행자,보행자,945642,1940204,126.8853568,37.45944147
2015,2015080504,30,야간,수,1,1,0,0,0,경기,양평군,차대차,추돌,진행중 추돌,운전자법규위반,안전운전 의무 불이행,단일로,기타단일로,승용차,중형,원동기장치자전거,원동기장치자전거,1009611,1935357,127.6086142,37.41730032
2015,2015080611,15,주간,목,1,1,0,0,0,강원,춘천시,차량단독,전도전복,전도전복,운전자법규위반,안전운전 의무 불이행,단일로,기타단일로,원동기장치자전거,원동기장치자전거,0,0,1043978,1990929,128.0003399,37.91717985
2015,2015080518,55,야간,수,1,1,0,0,0,경기,고양시,차대차,추돌,진행중 추돌,운전자법규위반,신호위반,교차로,교차로내,승용차,중형,이륜차,소형,945460,1959169,126.8818893,37.63036369
2015,2015080915,25,주간,일,1,1,0,0,0,경북,영주시,차대차,측면직각충돌,측면직각충돌,운전자법규위반,안전운전 의무 불이행,단일로,기타단일로,이륜차,대형,승용차,중형,1099817,1869784,128.6192025,36.82099174
2015,2015080811,9,주간,토,1,1,0,0,0,대전,동구,차대차,측면직각충돌,측면직각충돌,운전자법규위반,안전운전 의무 불이행,교차로,교차로내,원동기장치자전거,원동기장치자전거,승용차,중형,994367,1817428,127.4372178,36.35425063
2015,2015081416,20,주간,금,1,1,0,0,0,부산,연제구,차대사람,길가장자리구역통행중,길가장자리구역통행중,운전자법규위반,안전운전 의무 불이행,단일로,기타단일로,승용차,중형,보행자,보행자,1144390,1688769,129.0858143,35.18385762
2015,2015070800,50,야간,수,1,1,0,0,0,충남,아산시,차량단독,공작물충돌,공작물충돌,운전자법규위반,안전운전 의무 불이행,단일로,기타단일로,승용차,중형,0,0,964967,1865533,127.1073568,36.78728957
2015,2015071321,28,야간,월,1,1,0,0,0,경북,경주시,차대사람,기타,기타,운전자법규위반,안전운전 의무 불이행,단일로,기타단일로,승용차,중형,보행자,보행자,1138381,1752381,129.0306696,35.75807258
2015,2015071017,15,주간,금,1,1,0,0,0,경기,연천군,차대차,추돌,진행중 추돌,운전자법규위반,안전운전 의무 불이행,단일로,기타단일로,화물차,소형,농기계,농기계,962871,2013545,127.0764078,38.12131483
2015,2015071111,20,주간,토,2,2,0,0,0,경북,울진군,차대사람,기타,기타,운전자법규위반,안전운전 의무 불이행,단일로,기타단일로,건설기계,건설기계,보행자,보행자,1174516,1863295,129.4549339,36.75169973
2015,2015071711,0,주간,금,1,2,0,1,0,충남,아산시,차대차,추돌,진행중 추돌,운전자법규위반,안전거리 미확보,단일로,기타단일로,화물차,소형,승용차,중형,957820,1881035,127.0263955,36.92673849
2015,2015071515,32,주간,수,1,1,0,0,0,전북,군산시,차대차,측면직각충돌,측면직각충돌,운전자법규위반,안전운전 의무 불이행,교차로,교차로내,승용차,중형,이륜차,중형,939670,1771841,126.8311151,35.94140385
2015,2015092211,10,주간,화,1,2,1,0,0,부산,강서구,차대차,측면직각충돌,측면직각충돌,운전자법규위반,신호위반,교차로,교차로내,특수차,대형,승용차,경형,1129904,1679114,128.9252448,35.09880183
2015,2015102401,20,야간,토,1,1,0,0,0,전남,여수시,차대사람,길가장자리구역통행중,길가장자리구역통행중,운전자법규위반,안전운전 의무 불이행,단일로,기타단일로,승용차,중형,보행자,보행자,1007737,1653264,127.584658,34.87404926
2015,2015102318,0,야간,금,1,1,0,0,0,대전,대덕구,차대차,측면직각충돌,측면직각충돌,운전자법규위반,안전운전 의무 불이행,교차로,교차로내,화물차,소형,자전거,자전거,990588,1816559,127.3951097,36.3463867
2015,2015102418,17,야간,토,1,1,0,0,0,경남,창원시(통합),차대차,기타,기타,운전자법규위반,안전운전 의무 불이행,단일로,횡단보도상,승용차,중형,승용차,중형,1105131,1694472,128.6554593,35.24014994
2015,2015102617,10,주간,월,1,1,0,0,0,전남,장성군,차대사람,기타,기타,운전자법규위반,안전운전 의무 불이행,교차로,교차로내,건설기계,건설기계,보행자,보행자,934361,1716382,126.7767857,35.44106063
2015,2015102913,5,주간,목,1,1,0,0,0,충남,청양군,차량단독,도로이탈,도로이탈 추락,운전자법규위반,안전운전 의무 불이행,단일로,기타단일로,농기계,농기계,0,0,934614,1836038,126.7697008,36.51980585
2015,2015110406,51,주간,수,1,1,0,0,0,경기,성남시,차량단독,공작물충돌,공작물충돌,운전자법규위반,안전운전 의무 불이행,단일로,기타단일로,승용차,경형,0,0,971016,1940355,127.1722566,37.46194649
2015,2015110311,30,주간,화,1,1,0,0,0,충남,부여군,차대차,정면충돌,정면충돌,운전자법규위반,안전운전 의무 불이행,단일로,기타단일로,이륜차,소형,화물차,소형,950366,1798149,126.9480433,36.17918412
2015,2015110408,20,주간,수,1,1,0,0,0,경북,영양군,차대차,측면직각충돌,측면직각충돌,운전자법규위반,교차로 통행방법 위반,교차로,교차로내,이륜차,소형,승용차,중형,1144340,1852962,129.1150859,36.66365946
2015,2015110604,0,야간,금,2,2,0,0,0,대전,서구,차량단독,공작물충돌,공작물충돌,운전자법규위반,안전운전 의무 불이행,교차로,교차로내,이륜차,중형,0,0,991197,1816385,127.4018986,36.34482378
2015,2015110817,45,주간,일,1,1,0,0,0,충남,홍성군,차대사람,횡단중,횡단중,운전자법규위반,보행자 보호의무 위반,단일로,기타단일로,화물차,소형,보행자,보행자,925648,1845124,126.668691,36.60105327
2015,2015110517,20,주간,목,1,1,0,0,0,경기,시흥시,차대차,측면직각충돌,측면직각충돌,운전자법규위반,교차로 통행방법 위반,교차로,교차로내,화물차,대형,이륜차,중형,928978,1926757,126.6982388,37.33711434
2015,2015110911,56,주간,월,1,1,0,0,0,서울,마포구,차대차,측면직각충돌,측면직각충돌,운전자법규위반,신호위반,교차로,교차로내,이륜차,중형,승합차,대형,951803,1950101,126.9543693,37.54898741
2015,2015110806,55,주간,일,1,1,0,0,0,경기,부천시,차대사람,횡단중,횡단중,운전자법규위반,안전운전 의무 불이행,단일로,기타단일로,화물차,소형,보행자,보행자,935254,1947480,126.7672641,37.52435036
2015,2015110820,30,야간,일,1,1,0,0,0,경북,김천시,차대사람,차도통행중,차도통행중,운전자법규위반,안전운전 의무 불이행,단일로,기타단일로,승합차,대형,보행자,보행자,1047297,1794373,128.0257417,36.14525927
2015,2015101913,45,주간,월,1,4,3,0,0,강원,인제군,차대차,측면직각충돌,측면직각충돌,운전자법규위반,안전운전 의무 불이행,단일로,기타단일로,승용차,소형,화물차,소형,1060122,2008747,128.1854936,38.07683618
2015,2015101819,5,야간,일,1,1,0,0,0,광주,광산구,차대사람,횡단중,횡단중,운전자법규위반,과속,단일로,기타단일로,특수차,중형,보행자,보행자,935175,1684045,126.7883108,35.14955389
2015,2015101916,45,주간,월,1,1,0,0,0,전남,강진군,차대사람,횡단중,횡단중,운전자법규위반,안전운전 의무 불이행,단일로,기타단일로,건설기계,건설기계,보행자,보행자,928420,1619006,126.7197135,34.56265126
2015,2015102214,35,주간,목,1,1,0,0,0,전북,익산시,차량단독,공작물충돌,공작물충돌,운전자법규위반,안전운전 의무 불이행,단일로,기타단일로,원동기장치자전거,원동기장치자전거,0,0,949907,1779973,126.9440946,36.01529709
2015,2015102314,17,주간,금,1,1,0,0,0,경남,고성군,차대사람,횡단중,횡단중,운전자법규위반,과속,교차로,교차로내,승용차,중형,보행자,보행자,1081813,1669306,128.3967203,35.01542507
2015,2015102305,25,야간,금,1,1,0,0,0,충북,충주시,차대차,기타,기타,운전자법규위반,안전운전 의무 불이행,교차로,교차로부근,승용차,중형,특수차,소형,1039324,1897311,127.942387,37.07357649
2015,2015102214,30,주간,목,1,1,0,0,0,서울,영등포구,차대사람,횡단중,횡단중,운전자법규위반,안전운전 의무 불이행,단일로,기타단일로,승용차,소형,보행자,보행자,947710,1944268,126.9084505,37.4961905
2015,2015101902,57,야간,월,1,5,3,1,0,경기,평택시,차대차,기타,기타,운전자법규위반,신호위반,교차로,교차로내,승용차,중형,승합차,소형,963356,1889525,127.088141,37.00350103
2015,2015101121,15,야간,일,1,1,0,0,0,경기,용인시,차량단독,공작물충돌,공작물충돌,운전자법규위반,중앙선 침범,단일로,기타단일로,승용차,중형,0,0,977295,1914409,127.2440522,37.22824969
2015,2015101517,10,주간,목,1,1,0,0,0,충남,천안시,차대사람,횡단중,횡단중,운전자법규위반,보행자 보호의무 위반,단일로,기타단일로,화물차,소형,보행자,보행자,971978,1879198,127.1854293,36.91070645
2015,2015101219,20,야간,월,1,4,0,3,0,전남,담양군,차대차,측면직각충돌,측면직각충돌,운전자법규위반,중앙선 침범,단일로,교량위,승용차,중형,화물차,소형,949382,1695676,126.9435618,35.25524301
2015,2015092318,45,야간,수,1,2,1,0,0,강원,원주시,차대차,추돌,진행중 추돌,운전자법규위반,안전운전 의무 불이행,단일로,기타단일로,승용차,소형,농기계,농기계,1029045,1926395,127.8278845,37.33611371
2015,2015092401,55,야간,목,1,1,0,0,0,서울,종로구,차대사람,차도통행중,차도통행중,운전자법규위반,안전운전 의무 불이행,단일로,기타단일로,승용차,대형,보행자,보행자,954495,1952447,126.9846983,37.57026929
2015,2015092121,50,야간,월,1,1,0,0,0,대구,남구,차대사람,차도통행중,차도통행중,운전자법규위반,안전운전 의무 불이행,단일로,기타단일로,승용차,중형,보행자,보행자,1098787,1762781,128.5940807,35.85660013
2015,2015092322,25,야간,수,1,4,3,0,0,울산,남구,차대차,측면직각충돌,측면직각충돌,운전자법규위반,신호위반,교차로,교차로내,승용차,소형,승용차,중형,1166974,1726104,129.3413685,35.51682984
2015,2015102502,10,야간,일,1,1,0,0,0,경기,성남시,차대사람,횡단중,횡단중,운전자법규위반,안전운전 의무 불이행,단일로,기타단일로,승용차,소형,보행자,보행자,971066,1939810,127.1728434,37.45703566
2015,2015102611,25,주간,월,1,1,0,0,0,대전,유성구,차대차,측면직각충돌,측면직각충돌,운전자법규위반,신호위반,교차로,교차로내,승용차,중형,원동기장치자전거,원동기장치자전거,984162,1818834,127.3234503,36.36681233
2015,2015110516,7,주간,목,1,1,0,0,0,서울,양천구,차대사람,기타,기타,운전자법규위반,안전운전 의무 불이행,단일로,기타단일로,승용차,중형,보행자,보행자,940176,1948634,126.8228691,37.5350838
2015,2015110500,2,야간,목,1,1,0,0,0,경기,남양주시,차대사람,횡단중,횡단중,운전자법규위반,안전운전 의무 불이행,단일로,횡단보도상,승용차,중형,보행자,보행자,976567,1960833,127.2343708,37.64668208
2015,2015110513,12,주간,목,1,1,0,0,0,충북,영동군,차대사람,길가장자리구역통행중,길가장자리구역통행중,운전자법규위반,안전운전 의무 불이행,단일로,기타단일로,승용차,경형,보행자,보행자,1019587,1804653,127.7179844,36.23889557
2015,2015110607,55,주간,금,1,1,0,0,0,서울,강동구,차대사람,기타,기타,운전자법규위반,신호위반,교차로,교차로부근,승용차,경형,보행자,보행자,970884,1951461,127.170324,37.56204626
2015,2015110518,22,야간,목,1,1,0,0,0,전북,군산시,차대사람,길가장자리구역통행중,길가장자리구역통행중,운전자법규위반,안전운전 의무 불이행,단일로,기타단일로,승용차,대형,보행자,보행자,937099,1772745,126.8025404,35.94939151
2015,2015110618,20,야간,금,1,1,0,0,0,울산,북구,차량단독,공작물충돌,공작물충돌,운전자법규위반,안전운전 의무 불이행,단일로,기타단일로,화물차,중형,0,0,1174889,1736396,129.4308351,35.60821219
2015,2015110612,5,주간,금,1,1,0,0,0,부산,사하구,차대차,측면직각충돌,측면직각충돌,운전자법규위반,안전운전 의무 불이행,교차로,교차로부근,승용차,중형,자전거,자전거,1132845,1677156,128.9571888,35.08076811
2015,2015110717,32,주간,토,1,10,4,5,0,경북,영덕군,차대차,추돌,진행중 추돌,운전자법규위반,안전운전 의무 불이행,단일로,기타단일로,승합차,대형,승용차,중형,1170712,1836204,129.4063195,36.50830292
2015,2015110810,40,주간,일,1,4,2,1,0,경남,밀양시,차량단독,도로이탈,도로이탈 추락,운전자법규위반,안전운전 의무 불이행,단일로,기타단일로,승용차,소형,0,0,1126027,1734253,128.8912171,35.59633236
2015,2015110809,30,주간,일,1,1,0,0,0,부산,해운대구,차대차,추돌,주정차중 추돌,운전자법규위반,안전운전 의무 불이행,단일로,기타단일로,승용차,중형,건설기계,건설기계,1147607,1691840,129.1216839,35.21107045
2015,2015101901,30,야간,월,1,1,0,0,0,경북,상주시,차량단독,전도전복,전도전복,운전자법규위반,안전운전 의무 불이행,단일로,기타단일로,이륜차,중형,0,0,1058385,1824257,128.1512207,36.41405732
2015,2015101914,5,주간,월,1,1,0,0,0,대전,중구,차대사람,기타,기타,운전자법규위반,기타(운전자법규위반),교차로,교차로부근,승용차,소형,보행자,보행자,991767,1815374,127.4082614,36.33571423
2015,2015112110,59,주간,토,1,1,0,0,0,전북,김제시,차대차,정면충돌,정면충돌,운전자법규위반,부당한 회전,교차로,교차로내,승용차,중형,원동기장치자전거,원동기장치자전거,944477,1757183,126.8854295,35.80953817
2015,2015111904,27,야간,목,1,1,0,0,0,서울,서초구,차대사람,보도통행중,보도통행중,운전자법규위반,신호위반,단일로,기타단일로,승용차,대형,보행자,보행자,955682,1942401,126.9987457,37.47977976
2015,2015120117,40,주간,화,1,1,0,0,0,경북,안동시,차대사람,기타,기타,운전자법규위반,안전운전 의무 불이행,단일로,기타단일로,승용차,중형,보행자,보행자,1096025,1842393,128.5732537,36.57450107
2015,2015112923,35,야간,일,1,1,0,0,0,경남,창원시(통합),차대차,정면충돌,정면충돌,운전자법규위반,안전운전 의무 불이행,단일로,기타단일로,승용차,중형,화물차,소형,1106760,1701503,128.6742743,35.30336315
2015,2015113016,10,주간,월,1,1,0,0,0,경북,구미시,차대차,기타,기타,운전자법규위반,안전운전 의무 불이행,단일로,기타단일로,건설기계,건설기계,이륜차,소형,1073176,1802720,128.314163,36.21889731
2015,2015113019,32,야간,월,1,2,1,0,0,전북,전주시,차대차,기타,기타,운전자법규위반,보행자 보호의무 위반,교차로,교차로부근,승용차,대형,승용차,대형,963916,1762269,127.1003592,35.85630083
2015,2015120117,40,주간,화,2,2,0,0,0,울산,남구,차대사람,횡단중,횡단중,운전자법규위반,보행자 보호의무 위반,단일로,횡단보도상,승용차,대형,보행자,보행자,1163948,1728288,129.3084548,35.53701709
2015,2015120118,20,야간,화,1,1,0,0,0,전북,전주시,차대사람,횡단중,횡단중,운전자법규위반,안전운전 의무 불이행,교차로,교차로부근,승용차,중형,보행자,보행자,968032,1756407,127.146179,35.80359185
2015,2015120906,45,주간,수,1,1,0,0,0,인천,남구,차대사람,횡단중,횡단중,운전자법규위반,안전운전 의무 불이행,단일로,기타단일로,승합차,대형,보행자,보행자,927261,1940257,126.6786302,37.45865591
2015,2015120523,50,야간,토,1,1,0,0,0,충남,서산시,차대사람,횡단중,횡단중,운전자법규위반,안전운전 의무 불이행,단일로,기타단일로,승용차,중형,보행자,보행자,911098,1865364,126.5036808,36.78224157
2015,2015111619,15,야간,월,2,2,0,0,0,강원,홍천군,차량단독,전도전복,전도전복,운전자법규위반,안전운전 의무 불이행,단일로,기타단일로,화물차,소형,0,0,1029592,1969342,127.8357903,37.72319779
2015,2015111301,40,야간,금,1,1,0,0,0,부산,동래구,차대차,측면직각충돌,측면직각충돌,운전자법규위반,신호위반,교차로,교차로내,원동기장치자전거,원동기장치자전거,화물차,소형,1146506,1690059,129.1092753,35.19517868
2015,2015111617,45,주간,월,1,1,0,0,0,인천,계양구,차대사람,횡단중,횡단중,운전자법규위반,안전운전 의무 불이행,교차로,교차로내,승용차,중형,보행자,보행자,930777,1947785,126.716573,37.52677407
2015,2015122206,40,주간,화,1,3,2,0,0,경북,칠곡군,차대차,정면충돌,정면충돌,운전자법규위반,중앙선 침범,단일로,기타단일로,승용차,중형,화물차,소형,1097835,1777047,128.5852946,35.98529573
2015,2015122118,10,야간,월,1,1,0,0,0,경북,칠곡군,차대사람,기타,기타,운전자법규위반,안전운전 의무 불이행,단일로,기타단일로,승용차,경형,보행자,보행자,1087440,1784021,128.4707682,36.04915135
2015,2015122001,35,야간,일,1,1,0,0,0,서울,중구,차대사람,차도통행중,차도통행중,운전자법규위반,안전운전 의무 불이행,단일로,횡단보도부근,승용차,중형,보행자,보행자,955173,1951411,126.9924391,37.56096486
2015,2015122705,50,야간,일,1,1,0,0,0,경남,창원시(통합),차대차,정면충돌,정면충돌,운전자법규위반,안전운전 의무 불이행,단일로,기타단일로,화물차,소형,화물차,대형,1118296,1681013,128.7981893,35.11735139
2015,2015122709,10,주간,일,1,1,0,0,0,경기,안양시,차대사람,횡단중,횡단중,운전자법규위반,안전운전 의무 불이행,교차로,교차로내,승용차,중형,보행자,보행자,948197,1934368,126.9146554,37.4069866