발생년,발생년월일시,발생분,주야,요일,사망자수,사상자수,중상자수,경상자수,부상신고자수,발생지시도,발생지시군구,사고유형_대분류,사고유형_중분류,사고유형,법규위반_대분류,법규위반,도로형태_대분류,도로형태,당사자종별_1당_대분류,당사자종별_1당,당사자종별_2당_대분류,당사자종별_2당,발생위치X_UTMK,발생위치Y_UTMK,경도,위도
2015,2015122918,5,야간,화,1,1,0,0,0,전남,영암군,차대사람,횡단중,횡단중,운전자법규위반,안전운전 의무 불이행,단일로,기타단일로,승용차,중형,보행자,보행자,904029,1641498,126.4513117,34.76346009
2015,2015122916,10,주간,화,1,1,0,0,0,부산,중구,차대차,측면직각충돌,측면직각충돌,운전자법규위반,부당한 회전,교차로,교차로부근,원동기장치자전거,원동기장치자전거,승합차,소형,1139267,1679746,129.0280461,35.1032478
2015,2015122518,25,야간,금,1,1,0,0,0,전남,나주시,차대사람,횡단중,횡단중,운전자법규위반,안전운전 의무 불이행,단일로,기타단일로,승합차,소형,보행자,보행자,941174,1671039,126.8550916,35.03265121
2015,2015123000,50,야간,수,1,1,0,0,0,경남,창원시(통합),차대사람,길가장자리구역통행중,길가장자리구역통행중,운전자법규위반,안전운전 의무 불이행,교차로,교차로부근,화물차,중형,보행자,보행자,1098079,1693677,128.577871,35.2336977
2015,2015121200,13,야간,토,1,1,0,0,0,제주,제주시,차대사람,기타,기타,운전자법규위반,안전운전 의무 불이행,단일로,기타단일로,화물차,소형,보행자,보행자,885137,1491751,126.2646864,33.41129023
2015,2015121007,50,주간,목,1,3,0,2,0,경기,화성시,차대차,정면충돌,정면충돌,운전자법규위반,중앙선 침범,단일로,기타단일로,승용차,소형,화물차,소형,950117,1897499,126.9388186,37.0747686
2015,2015121018,30,야간,목,1,1,0,0,0,충남,논산시,차대사람,횡단중,횡단중,운전자법규위반,과속,교차로,교차로내,승용차,중형,보행자,보행자,964345,1794443,127.1036615,36.14638852
2015,2015121612,50,주간,수,1,1,0,0,0,전북,정읍시,차대차,측면직각충돌,측면직각충돌,운전자법규위반,직진 및 우회전차의 통행방해,교차로,교차로내,승용차,중형,승용차,소형,953835,1734852,126.9902903,35.60868627
2015,2015121022,56,야간,목,1,3,2,0,0,대구,북구,차대사람,횡단중,횡단중,운전자법규위반,안전운전 의무 불이행,단일로,횡단보도상,승용차,대형,보행자,보행자,1099863,1765813,128.6063755,35.88382286
2015,2015121315,50,주간,일,1,1,0,0,0,경기,김포시,차대차,정면충돌,정면충돌,운전자법규위반,안전운전 의무 불이행,교차로,교차로부근,화물차,대형,원동기장치자전거,원동기장치자전거,923285,1958143,126.6307068,37.61953285
2015,2015112010,55,주간,금,1,1,0,0,0,경북,경주시,차대차,기타,기타,운전자법규위반,중앙선 침범,단일로,기타단일로,원동기장치자전거,원동기장치자전거,화물차,소형,1155683,1764951,129.2244267,35.868768
2015,2015111923,10,야간,목,1,2,0,0,1,경기,구리시,차량단독,전도전복,전도전복,운전자법규위반,안전운전 의무 불이행,교차로,교차로내,원동기장치자전거,원동기장치자전거,0,0,968930,1954170,127.1479529,37.58646597
2015,2015111915,10,주간,목,1,1,0,0,0,대전,유성구,차대사람,횡단중,횡단중,운전자법규위반,신호위반,단일로,횡단보도상,승용차,중형,보행자,보행자,986270,1820776,127.3469142,36.38435255
2015,2015120208,8,주간,수,1,3,0,2,0,전남,해남군,차대차,정면충돌,정면충돌,운전자법규위반,중앙선 침범,단일로,기타단일로,승용차,중형,승합차,소형,915426,1601905,126.5797772,34.40746346
2015,2015112421,50,야간,화,1,1,0,0,0,경기,화성시,차대사람,횡단중,횡단중,운전자법규위반,안전운전 의무 불이행,단일로,기타단일로,승용차,중형,보행자,보행자,965589,1912361,127.1121901,37.20943056
2015,2015112502,20,야간,수,1,1,0,0,0,서울,은평구,차대사람,횡단중,횡단중,운전자법규위반,안전운전 의무 불이행,교차로,교차로부근,승용차,중형,보행자,보행자,949660,1956960,126.9295779,37.61076005
2015,2015112810,28,주간,토,1,1,0,0,0,전남,고흥군,차대차,정면충돌,정면충돌,운전자법규위반,안전운전 의무 불이행,단일로,기타단일로,화물차,소형,농기계,농기계,981720,1629278,127.3005024,34.65761483
2015,2015112706,15,주간,금,1,1,0,0,0,경북,경주시,차대차,기타,기타,운전자법규위반,안전운전 의무 불이행,단일로,기타단일로,승용차,중형,이륜차,중형,1157437,1774292,129.2456957,35.95266762
2015,2015120119,55,야간,화,1,2,0,1,0,충북,청주시,차대차,정면충돌,정면충돌,운전자법규위반,중앙선 침범,단일로,기타단일로,승용차,경형,승용차,대형,993570,1842858,127.4281235,36.58350291
2015,2015112422,0,야간,화,1,1,0,0,0,제주,제주시,차대차,기타,기타,운전자법규위반,안전운전 의무 불이행,단일로,기타단일로,승용차,대형,승용차,대형,899184,1499546,126.4148569,33.48299854
2015,2015112800,10,야간,토,2,2,0,0,0,경북,경산시,차량단독,전도전복,전도전복,운전자법규위반,안전운전 의무 불이행,단일로,기타단일로,승용차,경형,0,0,1114925,1758231,128.7721197,35.81382637
2015,2015120704,30,야간,월,1,1,0,0,0,경남,김해시,차량단독,전도전복,전도전복,운전자법규위반,안전운전 의무 불이행,교차로,교차로부근,승용차,경형,0,0,1120566,1688236,128.8241492,35.182196
2015,2015120606,40,주간,일,1,1,0,0,0,경기,평택시,차대사람,길가장자리구역통행중,길가장자리구역통행중,운전자법규위반,안전운전 의무 불이행,단일로,기타단일로,승용차,중형,보행자,보행자,956287,1895318,127.0083552,37.05541716
2015,2015111616,55,주간,월,1,3,0,2,0,경북,영덕군,차대차,정면충돌,정면충돌,운전자법규위반,중앙선 침범,단일로,기타단일로,화물차,소형,승합차,중형,1159122,1829107,129.2754938,36.4463505
2015,2015020313,15,주간,화,1,2,1,0,0,인천,강화군,차량단독,전도전복,전도전복,운전자법규위반,안전운전 의무 불이행,단일로,기타단일로,화물차,소형,0,0,893666,1977303,126.2923404,37.78924094
2015,2015020905,28,야간,월,1,2,0,1,0,경북,김천시,차대차,추돌,진행중 추돌,운전자법규위반,안전운전 의무 불이행,단일로,기타단일로,화물차,대형,화물차,대형,1046254,1797939,128.0152156,36.17353915
2015,2015013106,40,주간,토,1,3,1,1,0,경북,칠곡군,차대차,기타,기타,운전자법규위반,안전운전 의무 불이행,단일로,기타단일로,화물차,소형,승용차,소형,1080914,1785917,128.3969413,36.06814333
2015,2015021507,50,주간,일,1,1,0,0,0,충북,청주시,차량단독,공작물충돌,공작물충돌,운전자법규위반,안전운전 의무 불이행,단일로,기타단일로,승용차,중형,0,0,993509,1841881,127.4165704,36.46315213
2015,2015020812,20,주간,일,1,3,0,2,0,경기,성남시,차대차,추돌,진행중 추돌,운전자법규위반,안전운전 의무 불이행,단일로,기타단일로,승용차,소형,승용차,중형,964859,1930792,127.1030914,37.37553609
2015,2015051721,53,야간,일,1,1,0,0,0,경북,문경시,차량단독,공작물충돌,공작물충돌,운전자법규위반,안전운전 의무 불이행,단일로,터널안,승용차,중형,0,0,1048015,1861104,128.037859,36.74679561
2015,2015050423,50,야간,월,1,1,0,0,0,경남,산청군,차대차,측면직각충돌,측면직각충돌,운전자법규위반,안전운전 의무 불이행,단일로,기타단일로,승용차,중형,화물차,대형,1042657,1698259,127.9690609,35.27890401
2015,2015041711,3,주간,금,1,1,0,0,0,경남,진주시,차대사람,기타,기타,운전자법규위반,안전운전 의무 불이행,단일로,기타단일로,화물차,중형,보행자,보행자,1059227,1686294,128.150396,35.17017766
2015,2015051521,22,야간,금,1,4,2,1,0,충남,금산군,차대차,기타,기타,운전자법규위반,안전운전 의무 불이행,단일로,기타단일로,승용차,대형,승용차,중형,1004844,1784498,127.553785,36.05737024
2015,2015071011,45,주간,금,2,5,1,1,1,경북,칠곡군,차대차,추돌,진행중 추돌,운전자법규위반,안전운전 의무 불이행,단일로,기타단일로,화물차,대형,화물차,중형,1084249,1775847,128.4344755,35.97574662
2015,2015122818,30,야간,월,1,1,0,0,0,강원,원주시,차대사람,횡단중,횡단중,운전자법규위반,안전운전 의무 불이행,단일로,기타단일로,화물차,대형,보행자,보행자,1035684,1929674,127.9038791,37.36573341
2015,2015111119,5,야간,수,1,1,0,0,0,경남,김해시,차량단독,공작물충돌,공작물충돌,운전자법규위반,안전운전 의무 불이행,단일로,기타단일로,승용차,중형,0,0,1129071,1693041,128.9182861,35.22445294
2015,2015063020,24,야간,화,1,7,5,1,0,경남,함안군,차량단독,도로이탈,도로이탈 추락,운전자법규위반,안전운전 의무 불이행,단일로,기타단일로,승합차,대형,0,0,1076154,1699877,128.3375203,35.29150324
2015,2015010206,50,주간,금,1,1,0,0,0,부산,영도구,차대사람,횡단중,횡단중,운전자법규위반,안전운전 의무 불이행,단일로,기타단일로,승용차,중형,보행자,보행자,1142714,1678614,129.0656593,35.09256151
2015,2015010318,55,야간,토,1,1,0,0,0,전북,정읍시,차대사람,보도통행중,보도통행중,운전자법규위반,안전운전 의무 불이행,단일로,기타단일로,화물차,경형,보행자,보행자,937878,1739747,126.8137411,35.65194486
2015,2015010506,30,주간,월,1,1,0,0,0,전북,전주시,차대사람,보도통행중,보도통행중,운전자법규위반,보행자 보호의무 위반,단일로,기타단일로,승용차,소형,보행자,보행자,967409,1759592,127.1391538,35.83228744
2015,2015010421,13,야간,일,1,1,0,0,0,전남,목포시,차대사람,기타,기타,운전자법규위반,안전운전 의무 불이행,교차로,교차로부근,원동기장치자전거,원동기장치자전거,보행자,보행자,899399,1647185,126.4000464,34.81428838
2015,2015010418,0,야간,일,1,1,0,0,0,인천,서구,차대사람,횡단중,횡단중,운전자법규위반,안전운전 의무 불이행,단일로,기타단일로,승용차,중형,보행자,보행자,927071,1947476,126.6759199,37.5247569
2015,2015010403,32,야간,일,1,1,0,0,0,인천,계양구,차대사람,차도통행중,차도통행중,운전자법규위반,안전운전 의무 불이행,단일로,기타단일로,건설기계,건설기계,보행자,보행자,931279,1949630,126.7220812,37.5434402
2015,2015010311,50,주간,토,1,1,0,0,0,전남,광양시,차량단독,기타,기타,운전자법규위반,안전운전 의무 불이행,단일로,기타단일로,농기계,농기계,0,0,1014990,1673854,127.6643903,35.05963748
2015,2015010708,30,주간,수,1,1,0,0,0,전남,목포시,차대사람,기타,기타,운전자법규위반,안전운전 의무 불이행,단일로,기타단일로,화물차,중형,보행자,보행자,896980,1646515,126.3736842,34.80800573
2015,2015010706,50,주간,수,1,1,0,0,0,충남,천안시,차대사람,횡단중,횡단중,운전자법규위반,보행자 보호의무 위반,단일로,기타단일로,화물차,소형,보행자,보행자,966388,1869214,127.1231202,36.82052357
2015,2015010623,0,야간,화,1,3,0,1,1,경기,수원시,차대차,측면직각충돌,측면직각충돌,운전자법규위반,중앙선 침범,단일로,기타단일로,승용차,중형,화물차,소형,959738,1921961,127.0457322,37.29572844
2015,2015010612,32,주간,화,1,5,3,1,0,서울,성북구,차대차,추돌,진행중 추돌,운전자법규위반,안전운전 의무 불이행,단일로,터널안,승합차,대형,화물차,소형,955425,1956850,126.9949612,37.60999981
2015,2015010523,19,야간,월,1,1,0,0,0,경기,시흥시,차대차,측면직각충돌,측면직각충돌,운전자법규위반,안전운전 의무 불이행,교차로,교차로내,승합차,대형,승용차,중형,932503,1929695,126.7377613,37.36385778
2015,2015010706,30,주간,수,1,1,0,0,0,대구,달성군,차대사람,횡단중,횡단중,운전자법규위반,안전운전 의무 불이행,단일로,기타단일로,승용차,중형,보행자,보행자,1081258,1751868,128.3988588,35.75982905
2015,2015011406,21,주간,수,1,1,0,0,0,부산,사상구,차대사람,횡단중,횡단중,운전자법규위반,안전운전 의무 불이행,교차로,교차로내,승용차,중형,보행자,보행자,1134486,1687041,128.9767917,35.16965641
2015,2015011618,40,야간,금,1,1,0,0,0,경북,청송군,차대사람,길가장자리구역통행중,길가장자리구역통행중,운전자법규위반,안전운전 의무 불이행,단일로,기타단일로,승용차,대형,보행자,보행자,1130568,1809859,128.9537587,36.27719185
2015,2015011609,55,주간,금,1,1,0,0,0,경남,창원시(통합),차대차,측면직각충돌,측면직각충돌,운전자법규위반,안전운전 의무 불이행,교차로,교차로내,이륜차,소형,승합차,대형,1097377,1690256,128.5697526,35.20292399
2015,2015011706,25,주간,토,1,1,0,0,0,경기,수원시,차대사람,횡단중,횡단중,운전자법규위반,안전운전 의무 불이행,교차로,교차로내,승용차,중형,보행자,보행자,952937,1919594,126.9691506,37.27407385
2015,2015011622,30,야간,금,1,1,0,0,0,서울,영등포구,차대사람,기타,기타,운전자법규위반,안전운전 의무 불이행,교차로,교차로부근,승용차,중형,보행자,보행자,946908,1947707,126.8991828,37.52729175
2015,2015011701,55,야간,토,1,1,0,0,0,경북,문경시,차대사람,차도통행중,차도통행중,운전자법규위반,안전운전 의무 불이행,단일로,기타단일로,승용차,소형,보행자,보행자,1055137,1857893,128.1174032,36.71746334
2015,2015011521,10,야간,목,2,2,0,0,0,광주,북구,차대사람,횡단중,횡단중,운전자법규위반,과속,단일로,기타단일로,승용차,중형,보행자,보행자,943724,1686771,126.881462,35.17522813
2015,2015011514,10,주간,목,1,1,0,0,0,충남,태안군,차량단독,도로이탈,도로이탈 추락,운전자법규위반,안전운전 의무 불이행,교차로,교차로내,화물차,소형,0,0,902706,1826327,126.4145887,36.42956067
2015,2015012000,30,야간,화,1,1,0,0,0,경기,고양시,차량단독,공작물충돌,공작물충돌,운전자법규위반,안전운전 의무 불이행,단일로,기타단일로,승용차,중형,0,0,932907,1961443,126.7394256,37.65002746
2015,2015011910,0,주간,월,1,1,0,0,0,경북,청도군,차량단독,도로이탈,도로이탈 추락,운전자법규위반,안전운전 의무 불이행,단일로,기타단일로,이륜차,소형,0,0,1116183,1748085,128.7845699,35.72222199
2015,2015011719,50,야간,토,1,2,1,0,0,경남,함양군,차대차,정면충돌,정면충돌,운전자법규위반,중앙선 침범,단일로,기타단일로,화물차,소형,승합차,대형,1025805,1736755,127.7849784,35.62658569
2015,2015012918,5,야간,목,1,1,0,0,0,제주,제주시,차대사람,기타,기타,운전자법규위반,보행자 보호의무 위반,단일로,횡단보도상,승용차,중형,보행자,보행자,909613,1503156,126.5267313,33.51648677
2015,2015012701,0,야간,화,1,1,0,0,0,전북,전주시,차량단독,공작물충돌,공작물충돌,운전자법규위반,안전운전 의무 불이행,교차로,교차로내,승용차,중형,0,0,970135,1760034,127.169319,35.83635936
2015,2015020300,50,야간,화,1,1,0,0,0,충남,당진시,차량단독,도로이탈,도로이탈 기타,운전자법규위반,안전운전 의무 불이행,단일로,기타단일로,원동기장치자전거,원동기장치자전거,0,0,936465,1877453,126.7869324,36.89325285
2015,2015013018,15,야간,금,1,1,0,0,0,대전,동구,차대사람,횡단중,횡단중,운전자법규위반,보행자 보호의무 위반,단일로,횡단보도상,승합차,소형,보행자,보행자,993585,1815240,127.4285201,36.33452
2015,2015013108,35,주간,토,1,1,0,0,0,부산,사하구,차대사람,기타,기타,운전자법규위반,안전운전 의무 불이행,단일로,기타단일로,승합차,대형,보행자,보행자,1134835,1673625,128.9752065,35.04847737
2015,2015011103,25,야간,일,1,5,1,3,0,경기,성남시,차대차,추돌,주정차중 추돌,운전자법규위반,안전운전 의무 불이행,단일로,기타단일로,승용차,중형,특수차,소형,962023,1936802,127.0707514,37.42959577
2015,2015071322,40,야간,월,1,3,0,2,0,서울,광진구,차대차,추돌,진행중 추돌,운전자법규위반,안전운전 의무 불이행,단일로,기타단일로,승합차,대형,승용차,소형,965345,1949523,127.1076996,37.54438656
2015,2015071920,0,야간,일,1,1,0,0,0,경북,안동시,차대사람,횡단중,횡단중,운전자법규위반,안전운전 의무 불이행,단일로,기타단일로,승용차,소형,보행자,보행자,1110614,1840980,128.7360772,36.56018637
2015,2015071717,40,주간,금,1,1,0,0,0,경기,이천시,차대사람,기타,기타,운전자법규위반,안전운전 의무 불이행,단일로,기타단일로,화물차,소형,보행자,보행자,1004158,1899648,127.5467902,37.09545867
2015,2015071717,50,주간,금,1,4,2,1,0,충북,청주시,차량단독,공작물충돌,공작물충돌,운전자법규위반,안전운전 의무 불이행,단일로,기타단일로,승용차,중형,0,0,1018779,1853017,127.7101653,36.67492244
2015,2015071807,20,주간,토,1,1,0,0,0,충북,청주시,차량단독,공작물충돌,공작물충돌,운전자법규위반,안전운전 의무 불이행,단일로,기타단일로,농기계,농기계,0,0,987033,1842969,127.3550492,36.58443712
2015,2015072414,55,주간,금,1,2,1,0,0,강원,태백시,차대차,기타,기타,운전자법규위반,중앙선 침범,단일로,기타단일로,화물차,소형,승용차,소형,1129179,1912558,128.9556744,37.20289624
2015,2015072307,5,주간,목,1,1,0,0,0,경북,안동시,차량단독,공작물충돌,공작물충돌,운전자법규위반,안전운전 의무 불이행,단일로,기타단일로,승용차,경형,0,0,1110751,1839635,128.7374145,36.548048
2015,2015072500,10,야간,토,1,1,0,0,0,경남,창원시(통합),차대차,측면직각충돌,측면직각충돌,운전자법규위반,신호위반,교차로,교차로내,화물차,소형,이륜차,중형,1107257,1692889,128.6786147,35.2256536
2015,2015072315,30,주간,목,1,1,0,0,0,경북,김천시,차량단독,전도전복,전도전복,운전자법규위반,안전운전 의무 불이행,단일로,기타단일로,화물차,소형,0,0,1067846,1787288,128.2535337,36.08016759
2015,2015072605,35,야간,일,1,1,0,0,0,인천,부평구,차대사람,기타,기타,운전자법규위반,안전운전 의무 불이행,단일로,기타단일로,승합차,대형,보행자,보행자,931173,1945341,126.7212833,37.50477641
2015,2015072517,0,주간,토,1,1,0,0,0,세종,세종,차대차,기타,기타,운전자법규위반,안전운전 의무 불이행,교차로,교차로내,승합차,대형,자전거,자전거,982433,1831566,127.3038884,36.48156447
2015,2015072523,30,야간,토,1,2,1,0,0,서울,마포구,차대차,측면직각충돌,측면직각충돌,운전자법규위반,안전운전 의무 불이행,교차로,교차로내,이륜차,소형,승용차,중형,948931,1951731,126.9217438,37.56352408
2015,2015072418,0,야간,금,1,1,0,0,0,충북,괴산군,차량단독,도로이탈,도로이탈 추락,운전자법규위반,안전운전 의무 불이행,단일로,기타단일로,농기계,농기계,0,0,1027552,1881247,127.8093692,36.92919085
2015,2015073021,30,야간,목,1,4,2,1,0,전남,무안군,차대차,정면충돌,정면충돌,운전자법규위반,안전운전 의무 불이행,교차로,교차로내,화물차,소형,승용차,소형,909717,1663548,126.5110797,34.96278895
2015,2015073100,4,야간,금,1,2,0,1,0,충남,서산시,차대사람,길가장자리구역통행중,길가장자리구역통행중,운전자법규위반,안전운전 의무 불이행,단일로,기타단일로,승용차,대형,보행자,보행자,905277,1873119,126.4374893,36.85157436
2015,2015072807,40,주간,화,1,1,0,0,0,경기,파주시,차대사람,횡단중,횡단중,운전자법규위반,안전운전 의무 불이행,단일로,기타단일로,승용차,소형,보행자,보행자,936797,1979135,126.7819818,37.80975455
2015,2015080317,23,주간,월,1,1,0,0,0,경기,파주시,차대차,기타,기타,운전자법규위반,안전운전 의무 불이행,단일로,기타단일로,원동기장치자전거,원동기장치자전거,화물차,소형,938833,1970730,126.8058188,37.73414247
2015,2015080115,50,주간,토,1,1,0,0,0,경기,포천시,차량단독,공작물충돌,공작물충돌,운전자법규위반,과속,단일로,기타단일로,승합차,소형,0,0,978326,2002518,127.2530609,38.02243514
2015,2015080204,25,야간,일,1,1,0,0,0,전남,목포시,차대사람,기타,기타,운전자법규위반,안전운전 의무 불이행,단일로,기타단일로,승용차,소형,보행자,보행자,902158,1646516,126.4302861,34.80852552
2015,2015080617,5,주간,목,1,1,0,0,0,경기,안산시,차대차,기타,기타,운전자법규위반,안전거리 미확보,단일로,기타단일로,자전거,자전거,화물차,소형,936246,1922809,126.7806197,37.30205766
2015,2015080419,54,야간,화,1,1,0,0,0,경북,포항시,차대사람,기타,기타,운전자법규위반,중앙선 침범,단일로,기타단일로,승용차,중형,보행자,보행자,1166878,1780875,129.3517177,36.01042071
2015,2015080517,0,주간,수,1,1,0,0,0,경북,경주시,차량단독,공작물충돌,공작물충돌,운전자법규위반,안전운전 의무 불이행,단일로,기타단일로,이륜차,소형,0,0,1135612,1756368,129.0007257,35.79439395
2015,2015080515,28,주간,수,1,3,2,0,0,충남,논산시,차대차,추돌,주정차중 추돌,운전자법규위반,안전운전 의무 불이행,교차로,교차로부근,화물차,대형,승용차,중형,962656,1799944,127.0846255,36.1959189
2015,2015081019,17,야간,월,1,1,0,0,0,경기,광명시,차대사람,횡단중,횡단중,운전자법규위반,신호위반,교차로,교차로부근,승합차,대형,보행자,보행자,944023,1941524,126.866951,37.47124223
2015,2015081409,30,주간,금,1,1,0,0,0,경기,여주시,차대차,측면직각충돌,측면직각충돌,운전자법규위반,교차로 통행방법 위반,교차로,교차로내,승용차,중형,원동기장치자전거,원동기장치자전거,1004008,1919699,127.5452099,37.27620192
2015,2015081220,10,야간,수,1,2,1,0,0,대구,달성군,차대차,추돌,진행중 추돌,운전자법규위반,안전운전 의무 불이행,단일로,기타단일로,화물차,소형,화물차,중형,1084987,1767486,128.4417656,35.90030973
2015,2015081302,40,야간,목,1,1,0,0,0,전북,임실군,차량단독,도로이탈,도로이탈 기타,운전자법규위반,안전운전 의무 불이행,단일로,기타단일로,승용차,중형,0,0,982825,1730236,127.3104653,35.56799487
2015,2015070700,2,야간,화,1,1,0,0,0,서울,성북구,차대차,측면직각충돌,측면직각충돌,운전자법규위반,중앙선 침범,단일로,기타단일로,불명,불명,승용차,중형,956245,1954374,127.0043996,37.58772257
2015,2015070801,55,야간,수,1,1,0,0,0,경기,화성시,차량단독,공작물충돌,공작물충돌,운전자법규위반,안전운전 의무 불이행,교차로,교차로부근,승용차,중형,0,0,952240,1915564,126.9615477,37.23771337
2015,2015071711,20,주간,금,1,1,0,0,0,전남,나주시,차대사람,기타,기타,운전자법규위반,안전운전 의무 불이행,교차로,교차로부근,화물차,소형,보행자,보행자,930389,1664948,126.7373743,34.97704494
2015,2015071514,20,주간,수,1,1,0,0,0,전북,고창군,차대차,정면충돌,정면충돌,운전자법규위반,부당한 회전,교차로,교차로내,화물차,대형,원동기장치자전거,원동기장치자전거,917505,1705880,126.5921459,35.34512234
2015,2015071820,27,야간,토,1,1,0,0,0,전남,목포시,차대차,측면직각충돌,측면직각충돌,운전자법규위반,중앙선 침범,교차로,교차로내,승용차,중형,원동기장치자전거,원동기장치자전거,899750,1646276,126.4039921,34.8061274
2015,2015071819,15,야간,토,1,1,0,0,0,대전,유성구,차량단독,전도전복,전도전복,운전자법규위반,안전운전 의무 불이행,단일로,기타단일로,원동기장치자전거,원동기장치자전거,0,0,982921,1819269,127.3096071,36.37071276
2015,2015072311,47,주간,목,1,1,0,0,0,전북,전주시,차대차,정면충돌,정면충돌,운전자법규위반,중앙선 침범,단일로,기타단일로,승용차,대형,원동기장치자전거,원동기장치자전거,966173,1767065,127.125152,35.89962179
2015,2015072400,5,야간,금,1,1,0,0,0,충남,서산시,차대사람,차도통행중,차도통행중,운전자법규위반,안전운전 의무 불이행,단일로,기타단일로,승용차,대형,보행자,보행자,904060,1884582,126.4223883,36.95476737
2015,2015072318,0,야간,목,1,1,0,0,0,전남,무안군,차량단독,공작물충돌,공작물충돌,운전자법규위반,안전운전 의무 불이행,단일로,기타단일로,농기계,농기계,0,0,890345,1677217,126.2971212,35.08410775
2015,2015072123,35,야간,화,1,1,0,0,0,부산,해운대구,차대차,측면직각충돌,측면직각충돌,운전자법규위반,신호위반,교차로,교차로내,승용차,소형,승용차,중형,1151905,1686977,129.1679901,35.16659705
2015,2015072211,41,주간,수,1,1,0,0,0,경기,하남시,차대차,추돌,주정차중 추돌,운전자법규위반,안전운전 의무 불이행,교차로,교차로부근,건설기계,건설기계,이륜차,소형,973823,1951250,127.2036089,37.56023266
2015,2015072621,10,야간,일,1,1,0,0,0,강원,인제군,차대사람,차도통행중,차도통행중,운전자법규위반,안전운전 의무 불이행,교차로,교차로부근,승용차,중형,보행자,보행자,1058759,2007409,128.169844,38.0648675
2015,2015072606,8,주간,일,1,1,0,0,0,경북,김천시,차대차,정면충돌,정면충돌,운전자법규위반,중앙선 침범,단일로,기타단일로,화물차,소형,이륜차,소형,1059517,1794647,128.1615896,36.14705613
2015,2015072506,40,주간,토,1,1,0,0,0,전북,고창군,차량단독,전도전복,전도전복,운전자법규위반,안전운전 의무 불이행,단일로,기타단일로,농기계,농기계,0,0,909240,1717348,126.4999258,35.44779451
2015,2015073004,30,야간,목,1,1,0,0,0,전남,고흥군,차대차,추돌,진행중 추돌,운전자법규위반,안전운전 의무 불이행,단일로,기타단일로,승용차,대형,자전거,자전거,988015,1631404,127.3691722,34.67687996
2015,2015073020,50,야간,목,1,1,0,0,0,경기,파주시,차대사람,기타,기타,운전자법규위반,안전운전 의무 불이행,단일로,기타단일로,승용차,대형,보행자,보행자,943696,1978120,126.8604321,37.80105836
2015,2015101923,50,야간,월,1,1,0,0,0,경기,성남시,차대사람,횡단중,횡단중,운전자법규위반,안전운전 의무 불이행,단일로,기타단일로,승용차,중형,보행자,보행자,968294,1937694,127.1415919,37.43787202
2015,2015102117,40,주간,수,1,2,0,1,0,강원,양구군,차대차,정면충돌,정면충돌,운전자법규위반,중앙선 침범,단일로,기타단일로,승용차,중형,승용차,소형,1043223,2013502,127.9931118,38.12065606
2015,2015102302,5,야간,금,1,1,0,0,0,경기,하남시,차대사람,길가장자리구역통행중,길가장자리구역통행중,운전자법규위반,안전운전 의무 불이행,교차로,교차로내,화물차,중형,보행자,보행자,973219,1946659,127.1969377,37.51883441
2015,2015102304,0,야간,금,1,2,0,1,0,경북,경주시,차량단독,전도전복,전도전복,운전자법규위반,안전운전 의무 불이행,단일로,교량위,화물차,소형,0,0,1152434,1758610,129.1872423,35.81213238
2015,2015102220,31,야간,목,1,1,0,0,0,인천,남동구,차대차,측면직각충돌,측면직각충돌,운전자법규위반,안전운전 의무 불이행,단일로,기타단일로,자전거,자전거,승용차,중형,930342,1933612,126.7129904,37.39900191
2015,2015102310,0,주간,금,1,1,0,0,0,서울,중구,차대사람,기타,기타,운전자법규위반,안전운전 의무 불이행,기타/불명,기타/불명,승합차,소형,보행자,보행자,953899,1951347,126.9780186,37.56032512
2015,2015102220,10,야간,목,1,1,0,0,0,충북,청주시,차대사람,횡단중,횡단중,운전자법규위반,신호위반,교차로,교차로내,승용차,소형,보행자,보행자,995265,1846601,127.4470477,36.61725609
2015,2015102220,5,야간,목,1,1,0,0,0,서울,동대문구,차대차,기타,기타,운전자법규위반,안전운전 의무 불이행,단일로,기타단일로,이륜차,대형,승용차,중형,960280,1953948,127.0501246,37.58406597
2015,2015102220,45,야간,목,1,1,0,0,0,강원,영월군,차대사람,길가장자리구역통행중,길가장자리구역통행중,운전자법규위반,안전운전 의무 불이행,단일로,기타단일로,승용차,경형,보행자,보행자,1067430,1918343,128.2604508,37.26154531
2015,2015102200,7,야간,목,1,1,0,0,0,경남,창원시(통합),차대사람,기타,기타,운전자법규위반,안전운전 의무 불이행,단일로,기타단일로,승용차,중형,보행자,보행자,1088514,1680463,128.4713493,35.11545226
2015,2015101823,50,야간,일,1,1,0,0,0,경기,양평군,차대사람,길가장자리구역통행중,길가장자리구역통행중,운전자법규위반,안전운전 의무 불이행,교차로,교차로내,화물차,중형,보행자,보행자,991254,1945802,127.4010371,37.51145707
2015,2015112410,9,주간,화,1,1,0,0,0,전북,김제시,차대차,추돌,진행중 추돌,운전자법규위반,안전운전 의무 불이행,단일로,기타단일로,화물차,소형,자전거,자전거,940375,1762367,126.8396409,35.85603434