발생년,발생년월일시,발생분,주야,요일,사망자수,사상자수,중상자수,경상자수,부상신고자수,발생지시도,발생지시군구,사고유형_대분류,사고유형_중분류,사고유형,법규위반_대분류,법규위반,도로형태_대분류,도로형태,당사자종별_1당_대분류,당사자종별_1당,당사자종별_2당_대분류,당사자종별_2당,발생위치X_UTMK,발생위치Y_UTMK,경도,위도
2015,2015101615,23,주간,금,1,3,1,1,0,경기,용인시,차대차,기타,기타,운전자법규위반,안전운전 의무 불이행,단일로,기타단일로,화물차,소형,승합차,대형,964868,1921273,127.1036441,37.28973496
2015,2015092222,25,야간,화,1,1,0,0,0,경기,오산시,차대차,기타,기타,운전자법규위반,안전운전 의무 불이행,단일로,기타단일로,승용차,경형,승용차,중형,955387,1908823,126.9974292,37.17710758
2015,2015122205,35,야간,화,1,1,0,0,0,인천,계양구,차대차,정면충돌,정면충돌,운전자법규위반,안전운전 의무 불이행,단일로,교량위,승용차,중형,화물차,대형,934164,1953078,126.754427,37.57472699
2015,2015082106,24,주간,금,1,2,1,0,0,경남,양산시,차량단독,전도전복,전도전복,운전자법규위반,안전운전 의무 불이행,단일로,기타단일로,승용차,중형,0,0,1141053,1704336,129.0518493,35.32464896
2015,2015100116,50,주간,목,1,1,0,0,0,강원,횡성군,차량단독,공작물충돌,공작물충돌,운전자법규위반,안전운전 의무 불이행,단일로,터널안,화물차,대형,0,0,1071135,1949586,128.3115499,37.54731041
2015,2015093000,10,야간,수,2,2,0,0,0,경남,밀양시,차대차,추돌,주정차중 추돌,운전자법규위반,안전운전 의무 불이행,단일로,기타단일로,승합차,대형,승용차,중형,1116821,1723371,128.7880457,35.49936861
2015,2015120319,50,야간,목,1,2,0,1,0,전북,익산시,차대차,정면충돌,정면충돌,운전자법규위반,안전운전 의무 불이행,단일로,기타단일로,화물차,소형,화물차,대형,964248,1779838,127.1031754,36.01472442
2015,2015111721,15,야간,화,1,1,0,0,0,전북,정읍시,차대차,추돌,진행중 추돌,운전자법규위반,안전운전 의무 불이행,단일로,기타단일로,화물차,중형,승용차,경형,939593,1731889,126.8332737,35.58120431
2015,2015122606,22,주간,토,1,6,4,0,1,경기,안성시,차대차,추돌,진행중 추돌,운전자법규위반,안전운전 의무 불이행,단일로,기타단일로,승합차,대형,승용차,경형,979614,1885674,127.2709745,36.96928007
2015,2015011308,0,주간,화,1,2,1,0,0,충북,괴산군,차대차,측면직각충돌,측면직각충돌,운전자법규위반,중앙선 침범,단일로,기타단일로,승용차,중형,특수차,대형,1020845,1874141,127.7338644,36.86530601
2015,2015011401,45,야간,수,1,1,0,0,0,전남,여수시,차대차,정면충돌,정면충돌,운전자법규위반,중앙선 침범,단일로,기타단일로,승용차,중형,승용차,경형,1013459,1642151,127.6470895,34.77377614
2015,2015011319,45,야간,화,2,5,3,0,0,전북,순창군,차대차,측면직각충돌,측면직각충돌,운전자법규위반,신호위반,교차로,교차로내,승용차,경형,화물차,소형,968136,1708500,127.1492191,35.37164687
2015,2015011312,15,주간,화,1,2,0,0,1,충북,괴산군,차대차,측면직각충돌,측면직각충돌,운전자법규위반,중앙선 침범,단일로,기타단일로,특수차,대형,화물차,소형,1020970,1858321,127.7348311,36.72269121
2015,2015011218,22,야간,월,1,1,0,0,0,전남,순천시,차대사람,기타,기타,운전자법규위반,과속,교차로,교차로부근,승용차,중형,보행자,보행자,997105,1654599,127.4683184,34.88611313
2015,2015011105,50,야간,일,1,1,0,0,0,경기,이천시,차대사람,길가장자리구역통행중,길가장자리구역통행중,운전자법규위반,안전운전 의무 불이행,단일로,기타단일로,승용차,중형,보행자,보행자,989751,1922648,127.3843516,37.3027363
2015,2015011618,0,야간,금,1,1,0,0,0,광주,북구,차대차,측면직각충돌,측면직각충돌,운전자법규위반,중앙선 침범,단일로,기타단일로,자전거,자전거,이륜차,소형,945707,1685306,126.9038486,35.16154794
2015,2015011716,38,주간,토,1,1,0,0,0,서울,동대문구,차대사람,기타,기타,운전자법규위반,보행자 보호의무 위반,교차로,교차로내,화물차,경형,보행자,보행자,961568,1955100,127.0646519,37.59450395
2015,2015011907,10,주간,월,1,1,0,0,0,전남,무안군,차대사람,길가장자리구역통행중,길가장자리구역통행중,운전자법규위반,중앙선 침범,단일로,기타단일로,승용차,중형,보행자,보행자,903499,1662039,126.4431551,34.94861021
2015,2015011822,15,야간,일,1,1,0,0,0,경북,경주시,차대사람,횡단중,횡단중,운전자법규위반,안전운전 의무 불이행,단일로,기타단일로,승용차,대형,보행자,보행자,1165992,1743912,129.3342031,35.67747901
2015,2015011800,40,야간,일,1,1,0,0,0,전남,화순군,차대사람,횡단중,횡단중,운전자법규위반,안전운전 의무 불이행,단일로,기타단일로,승용차,중형,보행자,보행자,950462,1667118,126.957145,34.99779393
2015,2015011919,25,야간,월,4,6,1,1,0,강원,인제군,차량단독,공작물충돌,공작물충돌,운전자법규위반,안전운전 의무 불이행,단일로,기타단일로,승용차,대형,0,0,1049711,1994123,128.0657823,37.94567063
2015,2015011907,15,주간,월,1,1,0,0,0,인천,중구,차대사람,횡단중,횡단중,운전자법규위반,신호위반,교차로,교차로부근,승용차,중형,보행자,보행자,922987,1941818,126.6290439,37.47237805
2015,2015012421,39,야간,토,1,1,0,0,0,경북,구미시,차대차,추돌,진행중 추돌,운전자법규위반,안전운전 의무 불이행,단일로,기타단일로,승용차,소형,자전거,자전거,1073886,1808310,128.3225897,36.26923517
2015,2015012206,35,주간,목,1,1,0,0,0,서울,강남구,차대사람,횡단중,횡단중,운전자법규위반,안전운전 의무 불이행,단일로,기타단일로,승용차,중형,보행자,보행자,964830,1943143,127.1023688,37.48683231
2015,2015012306,18,주간,금,1,1,0,0,0,대구,수성구,차대사람,횡단중,횡단중,운전자법규위반,안전운전 의무 불이행,단일로,기타단일로,승용차,중형,보행자,보행자,1104516,1765005,128.6578105,35.87605347
2015,2015012401,25,야간,토,1,1,0,0,0,경북,포항시,차대차,기타,기타,운전자법규위반,안전운전 의무 불이행,단일로,기타단일로,승용차,중형,건설기계,건설기계,1166550,1784811,129.3489087,36.0459449
2015,2015012920,40,야간,목,1,1,0,0,0,경기,부천시,차대사람,횡단중,횡단중,운전자법규위반,보행자 보호의무 위반,교차로,교차로내,승합차,대형,보행자,보행자,934894,1946458,126.7632809,37.51511385
2015,2015013006,50,주간,금,1,1,0,0,0,경남,창원시(통합),차대사람,횡단중,횡단중,운전자법규위반,안전운전 의무 불이행,단일로,기타단일로,승용차,중형,보행자,보행자,1106001,1691035,128.6645766,35.20907291
2015,2015012518,22,야간,일,1,1,0,0,0,전남,영암군,차대사람,기타,기타,운전자법규위반,안전운전 의무 불이행,단일로,기타단일로,승용차,중형,보행자,보행자,904886,1639995,126.4608447,34.74998886
2015,2015012806,55,주간,수,1,1,0,0,0,울산,울주군,차대사람,횡단중,횡단중,운전자법규위반,안전운전 의무 불이행,교차로,교차로부근,승용차,중형,보행자,보행자,1153037,1746321,129.1915677,35.70128558
2015,2015012610,10,주간,월,1,1,0,0,0,경북,포항시,차대사람,기타,기타,운전자법규위반,안전운전 의무 불이행,교차로,교차로내,화물차,경형,보행자,보행자,1166305,1791946,129.3476942,36.11028121
2015,2015020221,20,야간,월,1,1,0,0,0,전북,전주시,차대사람,횡단중,횡단중,운전자법규위반,안전운전 의무 불이행,교차로,교차로내,승용차,중형,보행자,보행자,967326,1759659,127.1382321,35.83288875
2015,2015020617,12,주간,금,1,3,0,1,1,울산,울주군,차대차,정면충돌,정면충돌,운전자법규위반,중앙선 침범,단일로,기타단일로,승용차,중형,승용차,중형,1154184,1747157,129.2044013,35.70864112
2015,2015020623,32,야간,금,1,1,0,0,0,경북,경산시,차대사람,기타,기타,운전자법규위반,안전운전 의무 불이행,단일로,기타단일로,승합차,대형,보행자,보행자,1113625,1761105,128.7581418,35.83988409
2015,2015020418,10,야간,수,1,3,2,0,0,경남,밀양시,차대차,정면충돌,정면충돌,운전자법규위반,중앙선 침범,단일로,기타단일로,승합차,소형,승용차,중형,1113881,1721119,128.755321,35.47940955
2015,2015020422,20,야간,수,1,1,0,0,0,경기,안성시,차대사람,기타,기타,운전자법규위반,안전운전 의무 불이행,교차로,교차로내,화물차,경형,보행자,보행자,982071,1895872,127.2983346,37.06125845
2015,2015020417,35,주간,수,1,1,0,0,0,서울,관악구,차대사람,횡단중,횡단중,운전자법규위반,안전운전 의무 불이행,단일로,기타단일로,승용차,중형,보행자,보행자,949633,1943377,126.9302652,37.48826664
2015,2015021714,50,주간,화,1,2,0,1,0,충남,천안시,차대차,측면직각충돌,측면직각충돌,운전자법규위반,안전운전 의무 불이행,단일로,기타단일로,화물차,경형,화물차,소형,970399,1869768,127.1880121,36.87491015
2015,2015072401,10,야간,금,1,1,0,0,0,서울,중랑구,차대사람,횡단중,횡단중,운전자법규위반,안전운전 의무 불이행,단일로,횡단보도상,승용차,중형,보행자,보행자,962707,1957062,127.0774538,37.61223486
2015,2015072217,3,주간,수,1,2,1,0,0,전북,익산시,차대차,추돌,주정차중 추돌,운전자법규위반,안전운전 의무 불이행,교차로,교차로부근,승용차,중형,화물차,소형,963124,1776959,127.0909062,35.98871389
2015,2015072809,30,주간,화,1,2,1,0,0,경기,평택시,차대차,정면충돌,정면충돌,운전자법규위반,중앙선 침범,단일로,기타단일로,승용차,경형,화물차,중형,959788,1894913,127.0477518,37.05192311
2015,2015072419,48,야간,금,1,1,0,0,0,경북,영천시,차대사람,보도통행중,보도통행중,운전자법규위반,안전운전 의무 불이행,단일로,횡단보도상,승용차,소형,보행자,보행자,1129310,1772636,128.933645,35.94187274
2015,2015080321,30,야간,월,1,1,0,0,0,경기,남양주시,차대사람,횡단중,횡단중,운전자법규위반,안전운전 의무 불이행,단일로,기타단일로,승용차,중형,보행자,보행자,966968,1966576,127.1253012,37.69814977
2015,2015080317,13,주간,월,1,1,0,0,0,충북,제천시,차대차,측면직각충돌,측면직각충돌,운전자법규위반,과속,단일로,기타단일로,승용차,중형,원동기장치자전거,원동기장치자전거,1061068,1903750,128.1873364,37.13039854
2015,2015080112,50,주간,토,1,4,3,0,0,전남,진도군,차대차,측면직각충돌,측면직각충돌,운전자법규위반,교차로 통행방법 위반,교차로,교차로내,화물차,소형,화물차,소형,879741,1608937,126.1905874,34.467327
2015,2015080815,0,주간,토,1,1,0,0,0,전북,임실군,차량단독,전도전복,전도전복,운전자법규위반,안전운전 의무 불이행,단일로,교량위,자전거,자전거,0,0,968356,1722088,127.1511129,35.49417182
2015,2015080607,30,주간,목,1,1,0,0,0,경기,안성시,차량단독,도로이탈,도로이탈 추락,운전자법규위반,안전운전 의무 불이행,단일로,기타단일로,특수차,중형,0,0,983835,1882663,127.3184593,36.94221955
2015,2015081312,40,주간,목,1,1,0,0,0,경기,양평군,차대차,기타,기타,운전자법규위반,중앙선 침범,단일로,기타단일로,자전거,자전거,승용차,중형,993928,1960031,127.4311761,37.63973227
2015,2015081808,0,주간,화,1,3,2,0,0,대전,동구,차대차,추돌,주정차중 추돌,운전자법규위반,안전운전 의무 불이행,단일로,기타단일로,화물차,소형,화물차,소형,996450,1813317,127.4604524,36.31719812
2015,2015081906,46,주간,수,1,1,0,0,0,인천,연수구,차대차,측면직각충돌,측면직각충돌,운전자법규위반,신호위반,교차로,교차로내,화물차,소형,원동기장치자전거,원동기장치자전거,924077,1936314,126.6419365,37.42286218
2015,2015081718,15,야간,월,1,1,0,0,0,경기,양주시,차대차,기타,기타,운전자법규위반,과속,단일로,기타단일로,화물차,소형,자전거,자전거,964952,1981041,127.1017347,37.8284486
2015,2015081606,30,주간,일,1,2,1,0,0,부산,강서구,차대차,측면직각충돌,측면직각충돌,운전자법규위반,교차로 통행방법 위반,교차로,교차로내,건설기계,건설기계,승용차,중형,1123121,1683472,128.8514926,35.13894003
2015,2015070816,8,주간,수,1,1,0,0,0,전북,전주시,차대사람,횡단중,횡단중,운전자법규위반,안전운전 의무 불이행,단일로,기타단일로,승용차,중형,보행자,보행자,968898,1757559,127.1557188,35.81400618
2015,2015071100,40,야간,토,1,2,1,0,0,충남,예산군,차대차,기타,기타,운전자법규위반,안전운전 의무 불이행,단일로,기타단일로,승용차,소형,승용차,중형,938172,1854323,126.8079668,36.68487039
2015,2015071119,50,야간,토,1,1,0,0,0,충남,당진시,차대사람,횡단중,횡단중,운전자법규위반,안전운전 의무 불이행,단일로,기타단일로,승용차,중형,보행자,보행자,936111,1885097,126.782314,36.96213067
2015,2015071422,50,야간,화,1,1,0,0,0,전남,함평군,차량단독,도로이탈,도로이탈 추락,운전자법규위반,안전운전 의무 불이행,단일로,기타단일로,원동기장치자전거,원동기장치자전거,0,0,914485,1668978,126.562742,35.0121612
2015,2015071403,20,야간,화,1,1,0,0,0,경북,포항시,차대사람,차도통행중,차도통행중,운전자법규위반,안전운전 의무 불이행,교차로,교차로부근,화물차,소형,보행자,보행자,1166355,1795836,129.3490717,36.14532561
2015,2015071804,50,야간,토,1,2,1,0,0,경기,용인시,차량단독,공작물충돌,공작물충돌,운전자법규위반,안전운전 의무 불이행,교차로,교차로부근,승용차,소형,0,0,965928,1919768,127.1156717,37.27620864
2015,2015072116,55,주간,화,1,1,0,0,0,충북,보은군,차량단독,전도전복,전도전복,운전자법규위반,안전운전 의무 불이행,단일로,기타단일로,농기계,농기계,0,0,1018343,1835388,127.7048653,36.51600576
2015,2015072222,5,야간,수,1,1,0,0,0,충남,부여군,차대차,기타,기타,운전자법규위반,중앙선 침범,단일로,기타단일로,이륜차,소형,승용차,중형,936463,1803679,126.7929957,36.22822419
2015,2015072811,30,주간,화,1,1,0,0,0,충북,충주시,차대차,추돌,진행중 추돌,운전자법규위반,안전거리 미확보,단일로,기타단일로,원동기장치자전거,원동기장치자전거,승용차,중형,1024077,1890619,127.7706494,37.01376876
2015,2015072708,30,주간,월,1,2,0,1,0,서울,성북구,차대차,측면직각충돌,측면직각충돌,운전자법규위반,안전운전 의무 불이행,단일로,기타단일로,이륜차,중형,승용차,중형,959019,1955218,127.0358825,37.59494054
2015,2015072711,45,주간,월,1,1,0,0,0,경북,영천시,차량단독,전도전복,전도전복,운전자법규위반,안전운전 의무 불이행,단일로,기타단일로,화물차,소형,0,0,1137756,1774706,129.027615,35.95937448
2015,2015072506,45,주간,토,1,1,0,0,0,전남,순천시,차대차,기타,기타,운전자법규위반,안전운전 의무 불이행,단일로,기타단일로,화물차,소형,이륜차,소형,986800,1652147,127.3555838,34.86392028
2015,2015073122,30,야간,금,1,1,0,0,0,인천,남구,차대사람,횡단중,횡단중,운전자법규위반,안전운전 의무 불이행,단일로,기타단일로,승용차,중형,보행자,보행자,924654,1940471,126.6480322,37.46037536
2015,2015080406,40,주간,화,1,1,0,0,0,충남,부여군,차량단독,공작물충돌,공작물충돌,운전자법규위반,안전운전 의무 불이행,교차로,교차로내,승용차,중형,0,0,932928,1801059,126.7538875,36.2043664
2015,2015080117,10,주간,토,1,12,2,9,0,인천,남동구,차대차,측면직각충돌,측면직각충돌,운전자법규위반,중앙선 침범,단일로,기타단일로,건설기계,건설기계,승용차,중형,929383,1939631,126.7015805,37.45317796
2015,2015080303,35,야간,월,1,1,0,0,0,강원,원주시,차대사람,기타,기타,운전자법규위반,안전운전 의무 불이행,단일로,기타단일로,화물차,소형,보행자,보행자,1040573,1934551,127.9584662,37.40919619
2015,2015080401,16,야간,화,1,1,0,0,0,부산,금정구,차량단독,기타,기타,운전자법규위반,안전운전 의무 불이행,단일로,기타단일로,이륜차,중형,0,0,1144483,1694934,129.0879173,35.23941343
2015,2015080503,34,야간,수,1,1,0,0,0,인천,남구,차대사람,횡단중,횡단중,운전자법규위반,안전운전 의무 불이행,단일로,기타단일로,승용차,중형,보행자,보행자,927391,1940234,126.6788652,37.45847187
2015,2015080509,35,주간,수,1,1,0,0,0,경남,양산시,차대사람,기타,기타,운전자법규위반,안전운전 의무 불이행,기타/불명,기타/불명,승용차,중형,보행자,보행자,1139946,1706509,129.0400458,35.34439137
2015,2015080518,20,야간,수,1,1,0,0,0,서울,강동구,차대차,측면직각충돌,측면직각충돌,운전자법규위반,신호위반,교차로,교차로내,화물차,소형,이륜차,중형,971166,1949775,127.1735833,37.54685848
2015,2015081014,0,주간,월,1,1,0,0,0,경기,평택시,차대차,측면직각충돌,측면직각충돌,운전자법규위반,안전운전 의무 불이행,교차로,교차로내,화물차,중형,원동기장치자전거,원동기장치자전거,961861,1888599,127.0713853,36.99509441
2015,2015080905,10,야간,일,2,2,0,0,0,제주,서귀포시,차대차,추돌,진행중 추돌,운전자법규위반,안전운전 의무 불이행,단일로,기타단일로,승합차,소형,농기계,농기계,918473,1475021,126.6246708,33.26345697
2015,2015081215,13,주간,수,1,1,0,0,0,경남,고성군,차대사람,길가장자리구역통행중,길가장자리구역통행중,운전자법규위반,안전운전 의무 불이행,단일로,기타단일로,승용차,소형,보행자,보행자,1087541,1672583,128.4598404,35.04449086
2015,2015081620,50,야간,일,1,1,0,0,0,경기,부천시,차대사람,횡단중,횡단중,운전자법규위반,안전운전 의무 불이행,교차로,교차로내,승용차,경형,보행자,보행자,939272,1946922,126.8127792,37.51959447
2015,2015081514,50,주간,토,1,3,2,0,0,전남,영광군,차대차,정면충돌,정면충돌,운전자법규위반,중앙선 침범,단일로,기타단일로,승용차,중형,화물차,소형,908006,1696705,126.4886535,35.26157414
2015,2015081705,23,야간,월,1,1,0,0,0,부산,사상구,차대차,기타,기타,운전자법규위반,신호위반,단일로,기타단일로,승용차,중형,이륜차,소형,1135901,1689617,128.9927497,35.19268634
2015,2015071308,10,주간,월,1,1,0,0,0,경기,고양시,차대사람,횡단중,횡단중,운전자법규위반,신호위반,단일로,기타단일로,승용차,중형,보행자,보행자,941406,1962413,126.835687,37.65935171
2015,2015071310,25,주간,월,1,1,0,0,0,충남,보령시,차대사람,횡단중,횡단중,운전자법규위반,과속,단일로,횡단보도부근,승용차,대형,보행자,보행자,919342,1829650,126.599811,36.46105763
2015,2015071518,30,야간,수,1,1,0,0,0,세종,세종,차량단독,전도전복,전도전복,운전자법규위반,안전운전 의무 불이행,단일로,기타단일로,농기계,농기계,0,0,975534,1855037,127.2261246,36.69300303
2015,2015112223,41,야간,일,1,1,0,0,0,경북,의성군,차대사람,차도통행중,차도통행중,운전자법규위반,안전운전 의무 불이행,단일로,기타단일로,승용차,중형,보행자,보행자,1083847,1820494,128.4347861,36.37825075
2015,2015101313,45,주간,화,1,1,0,0,0,충북,음성군,차대차,측면직각충돌,측면직각충돌,운전자법규위반,안전운전 의무 불이행,교차로,교차로내,승용차,경형,자전거,자전거,998648,1890731,127.4848019,37.015086
2015,2015101417,37,주간,수,1,1,0,0,0,경기,포천시,차대사람,횡단중,횡단중,운전자법규위반,보행자 보호의무 위반,단일로,횡단보도상,화물차,소형,보행자,보행자,974471,1988169,127.2096497,37.89300933
2015,2015101203,55,야간,월,1,3,0,2,0,경기,안산시,차대차,추돌,진행중 추돌,운전자법규위반,안전운전 의무 불이행,교차로,교차로부근,승용차,중형,승용차,중형,940247,1924458,126.82563,37.31718644
2015,2015101418,30,야간,수,1,4,0,3,0,경북,안동시,차대사람,기타,기타,운전자법규위반,보행자 보호의무 위반,교차로,교차로내,화물차,소형,보행자,보행자,1124112,1839594,128.8866521,36.54603614
2015,2015101201,10,야간,월,1,1,0,0,0,경북,구미시,차대사람,보도통행중,보도통행중,운전자법규위반,안전운전 의무 불이행,교차로,교차로내,승용차,소형,보행자,보행자,1076505,1786445,128.3496144,36.07192487
2015,2015092411,45,주간,목,1,1,0,0,0,광주,광산구,차대차,측면직각충돌,측면직각충돌,운전자법규위반,안전운전 의무 불이행,단일로,기타단일로,화물차,대형,원동기장치자전거,원동기장치자전거,927029,1685609,126.698748,35.16309717
2015,2015092114,0,주간,월,1,2,0,1,0,전남,여수시,차량단독,도로이탈,도로이탈 추락,운전자법규위반,안전운전 의무 불이행,단일로,기타단일로,농기계,농기계,0,0,1008394,1632738,127.5916419,34.68894561
2015,2015092212,10,주간,화,1,1,0,0,0,경기,고양시,차대차,측면직각충돌,측면직각충돌,운전자법규위반,안전운전 의무 불이행,단일로,기타단일로,승용차,중형,자전거,자전거,933081,1964030,126.7411606,37.67335583
2015,2015091909,35,주간,토,1,1,0,0,0,서울,강서구,차대사람,횡단중,횡단중,운전자법규위반,신호위반,단일로,횡단보도상,화물차,소형,보행자,보행자,943469,1948268,126.8601676,37.53199285
2015,2015092307,40,주간,수,1,2,0,1,0,전남,완도군,차대차,추돌,진행중 추돌,운전자법규위반,안전운전 의무 불이행,교차로,교차로내,승용차,소형,승용차,소형,931645,1591198,126.7570889,34.31211189
2015,2015091922,50,야간,토,1,1,0,0,0,경북,포항시,차대사람,기타,기타,운전자법규위반,안전운전 의무 불이행,단일로,기타단일로,승용차,중형,보행자,보행자,1167182,1782926,129.3555227,36.02885051
2015,2015092116,55,주간,월,1,1,0,0,0,서울,강서구,차대사람,차도통행중,차도통행중,운전자법규위반,안전운전 의무 불이행,단일로,기타단일로,승합차,중형,보행자,보행자,942488,1948443,126.8490513,37.53350945
2015,2015102917,30,주간,목,1,1,0,0,0,충남,논산시,차량단독,도로이탈,도로이탈 추락,운전자법규위반,안전운전 의무 불이행,단일로,기타단일로,농기계,농기계,0,0,963420,1786924,127.0937288,36.07856615
2015,2015103005,28,야간,금,1,1,0,0,0,전남,장성군,차량단독,전도전복,전도전복,운전자법규위반,안전운전 의무 불이행,단일로,기타단일로,승용차,소형,0,0,935006,1699518,126.7852334,35.28905393
2015,2015110218,2,야간,월,1,1,0,0,0,경기,동두천시,차대사람,보도통행중,보도통행중,운전자법규위반,보행자 보호의무 위반,단일로,횡단보도상,화물차,중형,보행자,보행자,963133,1988361,127.0806915,37.89435111
2015,2015110316,22,주간,화,1,1,0,0,0,부산,강서구,차대사람,횡단중,횡단중,운전자법규위반,안전운전 의무 불이행,단일로,횡단보도부근,화물차,대형,보행자,보행자,1126334,1680801,128.8863443,35.11446359
2015,2015110407,40,주간,수,1,5,2,2,0,경기,화성시,차대차,측면직각충돌,측면직각충돌,운전자법규위반,안전운전 의무 불이행,단일로,기타단일로,승용차,중형,승합차,대형,944231,1906111,126.871964,37.15206294
2015,2015110408,0,주간,수,1,1,0,0,0,경북,영주시,차대차,추돌,진행중 추돌,운전자법규위반,안전운전 의무 불이행,단일로,기타단일로,승용차,중형,농기계,농기계,1093360,1877938,128.5478174,36.89514421
2015,2015110714,40,주간,토,1,5,2,2,0,전남,나주시,차량단독,공작물충돌,공작물충돌,운전자법규위반,안전운전 의무 불이행,단일로,기타단일로,화물차,소형,0,0,932871,1676110,126.7638137,35.07780248
2015,2015111106,32,주간,수,1,2,0,0,1,경남,남해군,차대차,추돌,진행중 추돌,운전자법규위반,과속,단일로,기타단일로,화물차,소형,농기계,농기계,1033572,1642171,127.8668966,34.77349251
2015,2015110517,55,주간,목,1,1,0,0,0,경기,양주시,차대차,측면직각충돌,측면직각충돌,운전자법규위반,교차로 통행방법 위반,교차로,교차로내,건설기계,건설기계,원동기장치자전거,원동기장치자전거,960787,1980332,127.0544457,37.82188891
2015,2015110702,40,야간,토,1,1,0,0,0,경남,함안군,차대사람,기타,기타,운전자법규위반,안전운전 의무 불이행,단일로,기타단일로,승용차,중형,보행자,보행자,1079108,1700017,128.3700178,35.29253618
2015,2015102304,45,야간,금,1,1,0,0,0,전남,강진군,차대차,추돌,진행중 추돌,운전자법규위반,과속,단일로,기타단일로,승용차,소형,원동기장치자전거,원동기장치자전거,936688,1627976,126.8091664,34.64407988
2015,2015101712,30,주간,토,1,1,0,0,0,경기,화성시,차대사람,기타,기타,운전자법규위반,안전운전 의무 불이행,단일로,기타단일로,승용차,중형,보행자,보행자,953568,1914085,126.9766113,37.22444923
2015,2015101720,0,야간,토,1,1,0,0,0,충북,괴산군,차량단독,기타,기타,운전자법규위반,안전운전 의무 불이행,단일로,기타단일로,이륜차,사발이,0,0,1031118,1875284,127.8491646,36.87532688
2015,2015101800,20,야간,일,1,1,0,0,0,광주,북구,차대사람,횡단중,횡단중,운전자법규위반,안전운전 의무 불이행,단일로,기타단일로,승용차,중형,보행자,보행자,945574,1684625,126.9024332,35.15540036
2015,2015102308,10,주간,금,1,1,0,0,0,대전,대덕구,차대차,측면직각충돌,측면직각충돌,운전자법규위반,안전거리 미확보,단일로,기타단일로,승용차,대형,이륜차,소형,991936,1817847,127.4101189,36.35801077
2015,2015102119,25,야간,수,1,1,0,0,0,전남,해남군,차량단독,공작물충돌,공작물충돌,운전자법규위반,안전운전 의무 불이행,단일로,기타단일로,화물차,소형,0,0,905084,1622706,126.4649487,34.5941219
2015,2015111900,32,야간,목,1,1,0,0,0,전남,여수시,차량단독,공작물충돌,공작물충돌,운전자법규위반,안전운전 의무 불이행,교차로,교차로내,승용차,중형,0,0,1015971,1649521,127.6746825,34.84020023
2015,2015112023,15,야간,금,1,1,0,0,0,전북,김제시,차대사람,횡단중,횡단중,운전자법규위반,안전운전 의무 불이행,단일로,기타단일로,승용차,경형,보행자,보행자,947072,1761707,126.9138516,35.85046873
2015,2015101106,20,주간,일,1,1,0,0,0,경기,고양시,차대사람,횡단중,횡단중,운전자법규위반,안전운전 의무 불이행,단일로,기타단일로,승용차,중형,보행자,보행자,947562,1967843,126.9050866,37.70866415
2015,2015101210,15,주간,월,1,3,0,2,0,경기,양주시,차대차,추돌,진행중 추돌,운전자법규위반,안전운전 의무 불이행,단일로,기타단일로,승용차,중형,화물차,대형,958820,1987986,127.0316602,37.89078637
2015,2015092416,45,주간,목,1,1,0,0,0,경남,함안군,차대차,기타,기타,운전자법규위반,안전운전 의무 불이행,단일로,기타단일로,화물차,중형,이륜차,중형,1077269,1696010,128.3494175,35.25655269
2015,2015092221,15,야간,화,1,2,1,0,0,경남,하동군,차대사람,차도통행중,차도통행중,운전자법규위반,안전운전 의무 불이행,단일로,기타단일로,원동기장치자전거,원동기장치자전거,보행자,보행자,1022848,1675722,127.7506172,35.07633432
2015,2015092120,6,야간,월,1,1,0,0,0,경남,김해시,차대사람,횡단중,횡단중,운전자법규위반,안전운전 의무 불이행,단일로,기타단일로,승용차,소형,보행자,보행자,1120024,1693021,128.8188953,35.22539647
2015,2015092209,28,주간,화,1,2,1,0,0,경기,고양시,차대차,추돌,진행중 추돌,운전자법규위반,안전운전 의무 불이행,단일로,기타단일로,승용차,중형,승용차,소형,936909,1959077,126.7849938,37.62898706
2015,2015091823,50,야간,금,1,2,0,1,0,서울,영등포구,차대차,추돌,진행중 추돌,운전자법규위반,안전운전 의무 불이행,단일로,기타단일로,승용차,중형,승용차,중형,947514,1947514,126.9060015,37.52543611
2015,2015092309,50,주간,수,1,2,1,0,0,충남,아산시,차대차,기타,기타,운전자법규위반,신호위반,교차로,교차로내,건설기계,건설기계,원동기장치자전거,원동기장치자전거,945201,1874618,126.8851778,36.86824582
2015,2015102720,30,야간,화,1,1,0,0,0,전남,여수시,차대사람,횡단중,횡단중,운전자법규위반,안전운전 의무 불이행,단일로,기타단일로,승용차,중형,보행자,보행자,1016162,1641055,127.6768593,34.76407129
2015,2015102800,30,야간,수,1,1,0,0,0,인천,남동구,차대사람,기타,기타,운전자법규위반,중앙선 침범,단일로,기타단일로,승용차,중형,보행자,보행자,930837,1937037,126.7182618,37.42990838
2015,2015102322,55,야간,금,1,1,0,0,0,서울,중구,차대사람,횡단중,횡단중,운전자법규위반,안전운전 의무 불이행,단일로,횡단보도상,승합차,대형,보행자,보행자,953087,1952202,126.9687703,37.56799039