발생년,발생년월일시,발생분,주야,요일,사망자수,사상자수,중상자수,경상자수,부상신고자수,발생지시도,발생지시군구,사고유형_대분류,사고유형_중분류,사고유형,법규위반_대분류,법규위반,도로형태_대분류,도로형태,당사자종별_1당_대분류,당사자종별_1당,당사자종별_2당_대분류,당사자종별_2당,발생위치X_UTMK,발생위치Y_UTMK,경도,위도
2015,2015102606,35,주간,월,1,1,0,0,0,경북,포항시,차량단독,공작물충돌,공작물충돌,운전자법규위반,안전운전 의무 불이행,단일로,기타단일로,이륜차,소형,0,0,1167541,1783882,129.3597079,36.03740344
2015,2015083112,50,주간,월,1,1,0,0,0,부산,사상구,차대사람,횡단중,횡단중,운전자법규위반,보행자 보호의무 위반,단일로,횡단보도상,건설기계,건설기계,보행자,보행자,1134688,1687393,128.9790667,35.17280234
2015,2015083123,27,야간,월,1,1,0,0,0,경기,광주시,차량단독,공작물충돌,공작물충돌,운전자법규위반,안전운전 의무 불이행,단일로,기타단일로,승용차,소형,0,0,976588,1932291,127.2355184,37.38941809
2015,2015090809,40,주간,화,1,2,1,0,0,경북,구미시,차대차,기타,기타,운전자법규위반,안전운전 의무 불이행,단일로,기타단일로,화물차,중형,화물차,중형,1082991,1796781,128.4227252,36.16456755
2015,2015100318,40,야간,토,1,1,0,0,0,경기,양평군,차대차,추돌,진행중 추돌,운전자법규위반,안전거리 미확보,단일로,기타단일로,승용차,중형,건설기계,건설기계,1006109,1942754,127.5690994,37.48400465
2015,2015100308,5,주간,토,1,2,1,0,0,제주,서귀포시,차대차,정면충돌,정면충돌,운전자법규위반,중앙선 침범,단일로,기타단일로,승용차,중형,화물차,소형,924139,1489988,126.6842421,33.39885743
2015,2015100311,55,주간,토,1,1,0,0,0,제주,제주시,차량단독,공작물충돌,공작물충돌,운전자법규위반,안전운전 의무 불이행,단일로,기타단일로,이륜차,소형,0,0,924767,1497524,126.6903637,33.46686767
2015,2015100722,10,야간,수,1,1,0,0,0,전북,익산시,차대차,정면충돌,정면충돌,운전자법규위반,신호위반,교차로,교차로내,화물차,소형,이륜차,소형,951187,1774234,126.9586524,35.96362181
2015,2015101613,50,주간,금,1,1,0,0,0,전남,광양시,차대차,측면직각충돌,측면직각충돌,운전자법규위반,신호위반,교차로,교차로부근,원동기장치자전거,원동기장치자전거,승용차,소형,1008493,1664042,127.5930397,34.97123432
2015,2015101310,30,주간,화,1,1,0,0,0,충북,음성군,차대차,기타,기타,운전자법규위반,교차로 통행방법 위반,교차로,교차로내,화물차,소형,원동기장치자전거,원동기장치자전거,1009578,1892635,127.6076923,37.03220151
2015,2015101616,5,주간,금,1,3,0,2,0,충북,진천군,차대차,정면충돌,정면충돌,운전자법규위반,교차로 통행방법 위반,교차로,교차로내,승용차,중형,승용차,경형,1001525,1867567,127.5170962,36.80627235
2015,2015101507,3,주간,목,1,6,3,2,0,인천,부평구,차대차,측면직각충돌,측면직각충돌,운전자법규위반,중앙선 침범,단일로,기타단일로,승용차,경형,승합차,대형,931887,1943604,126.7295217,37.48917406
2015,2015101116,48,주간,일,1,1,0,0,0,서울,서대문구,차대사람,길가장자리구역통행중,길가장자리구역통행중,운전자법규위반,안전운전 의무 불이행,단일로,기타단일로,승합차,대형,보행자,보행자,950719,1954855,126.9417784,37.59177848
2015,2015101006,5,주간,토,1,1,0,0,0,대구,동구,차대사람,기타,기타,운전자법규위반,안전운전 의무 불이행,단일로,기타단일로,승용차,중형,보행자,보행자,1102952,1768849,128.640985,35.91087022
2015,2015101516,50,주간,목,1,1,0,0,0,전남,완도군,차대사람,길가장자리구역통행중,길가장자리구역통행중,운전자법규위반,안전운전 의무 불이행,단일로,기타단일로,승용차,중형,보행자,보행자,933815,1597943,126.7801521,34.37307706
2015,2015091507,40,주간,화,1,1,0,0,0,경기,고양시,차대차,기타,기타,운전자법규위반,안전거리 미확보,단일로,기타단일로,승합차,경형,화물차,소형,931073,1962483,126.7185386,37.65926469
2015,2015091203,20,야간,토,1,6,2,3,0,서울,강북구,차대차,측면직각충돌,측면직각충돌,운전자법규위반,신호위반,교차로,교차로내,승용차,중형,승용차,소형,958514,1957619,127.0299151,37.61707554
2015,2015082321,10,야간,일,1,1,0,0,0,강원,양양군,차대사람,차도통행중,차도통행중,운전자법규위반,안전운전 의무 불이행,교차로,교차로내,승용차,소형,보행자,보행자,1105843,2004170,128.7060305,38.03139764
2015,2015082306,23,주간,일,1,1,0,0,0,인천,서구,차대차,기타,기타,운전자법규위반,과속,교차로,교차로내,승용차,중형,자전거,자전거,926463,1955313,126.6669991,37.59428713
2015,2015083005,25,야간,일,1,1,0,0,0,경기,안산시,차대차,기타,기타,운전자법규위반,신호위반,단일로,횡단보도상,특수차,중형,자전거,자전거,938803,1925620,126.8092383,37.32756588
2015,2015083002,15,야간,일,1,1,0,0,0,대구,달성군,차대사람,기타,기타,운전자법규위반,안전운전 의무 불이행,단일로,기타단일로,승용차,대형,보행자,보행자,1087001,1749028,128.4620708,35.73373484
2015,2015082811,37,주간,금,1,1,0,0,0,전남,순천시,차량단독,도로이탈,도로이탈 추락,운전자법규위반,안전운전 의무 불이행,단일로,기타단일로,화물차,소형,0,0,987752,1672154,127.3657053,35.04434503
2015,2015082811,30,주간,금,1,3,2,0,0,경기,김포시,차대차,추돌,진행중 추돌,운전자법규위반,안전거리 미확보,지하도로내,지하도로내,화물차,소형,화물차,소형,929399,1961462,126.6996601,37.64993562
2015,2015082215,5,주간,토,1,1,0,0,0,전북,순창군,차대차,측면직각충돌,측면직각충돌,운전자법규위반,차로위반(진로변경 위반),단일로,기타단일로,이륜차,중형,승용차,소형,963623,1707888,127.0995652,35.36597424
2015,2015082705,55,야간,목,1,1,0,0,0,충남,천안시,차대사람,횡단중,횡단중,운전자법규위반,안전운전 의무 불이행,단일로,기타단일로,화물차,경형,보행자,보행자,967479,1880224,127.134881,36.91981074
2015,2015082619,20,야간,수,1,1,0,0,0,충남,청양군,차대사람,횡단중,횡단중,운전자법규위반,안전운전 의무 불이행,단일로,기타단일로,승용차,중형,보행자,보행자,952609,1822951,126.9714798,36.40288956
2015,2015082205,25,야간,토,1,1,0,0,0,서울,강서구,차대사람,기타,기타,운전자법규위반,신호위반,단일로,기타단일로,승용차,대형,보행자,보행자,940556,1950700,126.8270026,37.55372919
2015,2015090517,30,주간,토,1,2,0,1,0,전북,진안군,차대차,측면직각충돌,측면직각충돌,운전자법규위반,과속,교차로,교차로부근,화물차,소형,승용차,중형,991761,1753948,127.4088356,35.78190696
2015,2015083105,20,야간,월,1,1,0,0,0,인천,동구,차대차,정면충돌,정면충돌,운전자법규위반,안전운전 의무 불이행,교차로,교차로부근,화물차,소형,자전거,자전거,924827,1941760,126.6498567,37.47200685
2015,2015083019,34,야간,일,1,5,2,2,0,제주,제주시,차대차,추돌,진행중 추돌,운전자법규위반,안전운전 의무 불이행,단일로,기타단일로,승합차,소형,농기계,농기계,878866,1486582,126.1979538,33.3639891
2015,2015091112,50,주간,금,1,1,0,0,0,충북,충주시,차대차,기타,기타,운전자법규위반,안전운전 의무 불이행,교차로,교차로내,화물차,소형,자전거,자전거,1019427,1894740,127.7184856,37.05102444
2015,2015090916,27,주간,수,1,1,0,0,0,전북,고창군,차량단독,도로이탈,도로이탈 추락,운전자법규위반,안전운전 의무 불이행,단일로,기타단일로,이륜차,소형,0,0,922036,1715788,126.6410576,35.43481553
2015,2015091210,45,주간,토,1,2,1,0,0,경기,시흥시,차대차,추돌,주정차중 추돌,운전자법규위반,안전운전 의무 불이행,단일로,기타단일로,승용차,중형,승용차,소형,937634,1933437,126.7953856,37.39794425
2015,2015091410,20,주간,월,1,1,0,0,0,경북,안동시,차대차,기타,기타,운전자법규위반,안전운전 의무 불이행,단일로,기타단일로,화물차,중형,농기계,농기계,1099011,1844331,128.6068715,36.59166388
2015,2015091502,6,야간,화,1,3,1,0,1,부산,수영구,차대차,정면충돌,정면충돌,운전자법규위반,중앙선 침범,단일로,터널안,이륜차,중형,승용차,대형,1145730,1685436,129.0999376,35.15362151
2015,2015091611,25,주간,수,1,2,1,0,0,경북,포항시,차대차,기타,기타,운전자법규위반,중앙선 침범,단일로,기타단일로,이륜차,소형,특수차,대형,1169629,1794408,129.3851374,36.13189083
2015,2015091218,48,야간,토,1,1,0,0,0,서울,노원구,차량단독,전도전복,전도전복,운전자법규위반,안전운전 의무 불이행,단일로,기타단일로,자전거,자전거,0,0,961501,1959358,127.0636688,37.63287949
2015,2015091508,10,주간,화,1,2,1,0,0,경기,이천시,차대차,측면직각충돌,측면직각충돌,운전자법규위반,과속,교차로,교차로내,승용차,중형,농기계,농기계,993619,1912930,127.4280809,37.21517258
2015,2015091519,55,야간,화,1,1,0,0,0,경기,고양시,차량단독,공작물충돌,공작물충돌,운전자법규위반,안전운전 의무 불이행,단일로,기타단일로,승용차,소형,0,0,940495,1956289,126.825858,37.60409846
2015,2015091520,40,야간,화,1,3,0,2,0,전북,익산시,차대차,추돌,진행중 추돌,운전자법규위반,안전운전 의무 불이행,교차로,교차로부근,승용차,중형,승용차,중형,950266,1774341,126.948432,35.96453997
2015,2015091222,10,야간,토,1,1,0,0,0,전북,군산시,차대사람,횡단중,횡단중,운전자법규위반,안전운전 의무 불이행,교차로,교차로부근,승용차,중형,보행자,보행자,924023,1773982,126.6574454,35.95961307
2015,2015091302,0,야간,일,2,2,0,0,0,경기,가평군,차량단독,공작물충돌,공작물충돌,운전자법규위반,안전운전 의무 불이행,단일로,기타단일로,이륜차,중형,0,0,992957,1972635,127.4200482,37.75332969
2015,2015091800,43,야간,금,1,1,0,0,0,울산,북구,차대사람,횡단중,횡단중,운전자법규위반,안전운전 의무 불이행,교차로,교차로내,승용차,중형,보행자,보행자,1166492,1742212,129.339374,35.6620747
2015,2015011101,35,야간,일,1,2,0,0,1,경기,용인시,차량단독,도로이탈,도로이탈 추락,운전자법규위반,안전운전 의무 불이행,단일로,기타단일로,승용차,중형,0,0,964859,1926224,127.1033082,37.33436164
2015,2015041104,40,야간,토,1,2,0,1,0,경북,문경시,차대차,추돌,진행중 추돌,운전자법규위반,안전운전 의무 불이행,단일로,기타단일로,화물차,대형,화물차,대형,1059103,1845496,128.1608544,36.60547392
2015,2015052022,20,야간,수,1,3,1,1,0,경북,상주시,차대차,추돌,주정차중 추돌,운전자법규위반,안전운전 의무 불이행,단일로,기타단일로,화물차,대형,화물차,중형,1065525,1817139,128.2302538,36.34943031
2015,2015041421,20,야간,화,1,1,0,0,0,경북,문경시,차대사람,횡단중,횡단중,운전자법규위반,안전운전 의무 불이행,단일로,터널안,화물차,중형,보행자,보행자,1047786,1861054,128.0352908,36.74635646
2015,2015060421,10,야간,목,1,1,0,0,0,인천,연수구,차대차,추돌,주정차중 추돌,운전자법규위반,안전운전 의무 불이행,단일로,교량위,화물차,소형,승용차,중형,918240,1934841,126.5761388,37.40908938
2015,2015061311,10,주간,토,1,2,0,1,0,경기,용인시,차대차,기타,기타,운전자법규위반,안전거리 미확보,단일로,기타단일로,승용차,중형,승합차,대형,966356,1899661,127.1214052,37.09498074
2015,2015123005,30,야간,수,1,1,0,0,0,경기,이천시,차대사람,기타,기타,운전자법규위반,안전운전 의무 불이행,기타/불명,기타/불명,승합차,대형,보행자,보행자,989205,1921611,127.3782057,37.29338265
2015,2015122907,11,주간,화,1,1,0,0,0,대전,대덕구,차대차,기타,기타,운전자법규위반,안전운전 의무 불이행,단일로,기타단일로,화물차,소형,화물차,대형,992638,1826037,127.4178657,36.43185203
2015,2015111703,20,야간,화,1,2,1,0,0,경남,창녕군,차대차,기타,기타,운전자법규위반,안전운전 의무 불이행,단일로,기타단일로,화물차,대형,화물차,대형,1086296,1735374,128.4528116,35.61070359
2015,2015111802,25,야간,수,1,7,4,2,0,전남,장성군,차대차,추돌,주정차중 추돌,운전자법규위반,안전운전 의무 불이행,단일로,기타단일로,승합차,소형,화물차,중형,937081,1703742,126.8077272,35.32727156
2015,2015121918,0,야간,토,1,10,6,3,0,경기,용인시,차대차,기타,기타,운전자법규위반,안전운전 의무 불이행,단일로,기타단일로,승합차,소형,승용차,중형,964042,1903369,127.0951885,37.12831879
2015,2015062305,48,야간,화,1,1,0,0,0,경기,성남시,차량단독,공작물충돌,공작물충돌,운전자법규위반,안전운전 의무 불이행,단일로,기타단일로,승용차,중형,0,0,966935,1938993,127.1261717,37.44953306
2015,2015070704,20,야간,화,1,1,0,0,0,충북,옥천군,차대사람,기타,기타,운전자법규위반,안전운전 의무 불이행,단일로,기타단일로,화물차,대형,보행자,보행자,1014534,1809191,127.6612899,36.28012335
2015,2015091601,20,야간,수,1,2,1,0,0,경기,광주시,차대차,추돌,진행중 추돌,운전자법규위반,안전운전 의무 불이행,단일로,기타단일로,화물차,소형,화물차,대형,978452,1939691,127.2563595,37.45616472
2015,2015122008,5,주간,일,1,2,0,1,0,경기,여주시,차대차,기타,기타,운전자법규위반,안전운전 의무 불이행,단일로,기타단일로,승용차,중형,승용차,대형,1003942,1915647,127.5444439,37.23967733
2015,2015010415,17,주간,일,1,1,0,0,0,경기,성남시,차대사람,기타,기타,운전자법규위반,안전운전 의무 불이행,교차로,교차로부근,승합차,소형,보행자,보행자,970419,1937818,127.1656078,37.4390601
2015,2015010806,14,주간,목,1,1,0,0,0,경기,성남시,차대사람,횡단중,횡단중,운전자법규위반,안전운전 의무 불이행,교차로,교차로부근,승합차,중형,보행자,보행자,970453,1937733,127.1659955,37.43829503
2015,2015010815,15,주간,목,1,3,1,1,0,전남,보성군,차대차,측면직각충돌,측면직각충돌,운전자법규위반,안전운전 의무 불이행,교차로,교차로내,원동기장치자전거,원동기장치자전거,화물차,소형,985952,1648870,127.3463611,34.83435813
2015,2015010509,40,주간,월,1,2,1,0,0,강원,정선군,차대사람,길가장자리구역통행중,길가장자리구역통행중,운전자법규위반,안전운전 의무 불이행,단일로,기타단일로,화물차,소형,보행자,보행자,1123923,1912802,128.8939451,37.20450953
2015,2015010521,38,야간,월,1,6,1,4,0,인천,계양구,차대차,측면직각충돌,측면직각충돌,운전자법규위반,교차로 통행방법 위반,교차로,교차로내,승용차,중형,승합차,대형,933109,1951904,126.7425876,37.56406994
2015,2015010612,10,주간,화,1,1,0,0,0,강원,동해시,차량단독,공작물충돌,공작물충돌,운전자법규위반,안전운전 의무 불이행,단일로,기타단일로,승용차,경형,0,0,1142696,1952128,129.1155728,37.55746351
2015,2015011323,20,야간,화,1,1,0,0,0,전남,해남군,차대차,추돌,주정차중 추돌,운전자법규위반,안전운전 의무 불이행,기타/불명,기타/불명,이륜차,소형,화물차,대형,908170,1625903,126.4982505,34.62322888
2015,2015011003,52,야간,토,1,1,0,0,0,서울,구로구,차대사람,횡단중,횡단중,운전자법규위반,과속,교차로,교차로부근,승용차,중형,보행자,보행자,945002,1945228,126.8777451,37.50468574
2015,2015011316,15,주간,화,1,3,2,0,0,충북,옥천군,차량단독,전도전복,전도전복,운전자법규위반,안전운전 의무 불이행,단일로,기타단일로,화물차,소형,0,0,1023560,1815187,127.7625175,36.33377525
2015,2015011607,15,주간,금,1,1,0,0,0,인천,서구,차대차,측면직각충돌,측면직각충돌,운전자법규위반,신호위반,교차로,교차로내,원동기장치자전거,원동기장치자전거,특수차,대형,924132,1944773,126.641687,37.49910523
2015,2015011518,10,야간,목,1,1,0,0,0,제주,서귀포시,차대차,추돌,진행중 추돌,운전자법규위반,안전운전 의무 불이행,단일로,기타단일로,승용차,중형,자전거,자전거,928082,1476978,126.7276754,33.28179093
2015,2015011404,35,야간,수,1,1,0,0,0,서울,강동구,차대차,측면직각충돌,측면직각충돌,운전자법규위반,차로위반(진로변경 위반),교차로,교차로부근,원동기장치자전거,원동기장치자전거,화물차,중형,967180,1947241,127.1285737,37.52388511
2015,2015011914,0,주간,월,1,1,0,0,0,경기,안산시,차대사람,차도통행중,차도통행중,운전자법규위반,안전운전 의무 불이행,단일로,기타단일로,화물차,대형,보행자,보행자,945741,1922564,126.8877701,37.30045209
2015,2015011920,20,야간,월,1,1,0,0,0,경기,남양주시,차대사람,보도통행중,보도통행중,운전자법규위반,기타(운전자법규위반),단일로,기타단일로,승용차,중형,보행자,보행자,976510,1972698,127.2333419,37.75362299
2015,2015012510,15,주간,일,1,1,0,0,0,전남,해남군,차대사람,횡단중,횡단중,운전자법규위반,안전운전 의무 불이행,교차로,교차로내,승합차,소형,보행자,보행자,917358,1619332,126.5991083,34.56476056
2015,2015012419,10,야간,토,1,1,0,0,0,경북,경산시,차대사람,기타,기타,운전자법규위반,신호위반,교차로,교차로내,특수차,대형,보행자,보행자,1117741,1765168,128.8043067,35.87602148
2015,2015013001,0,야간,금,1,1,0,0,0,대전,유성구,차대사람,횡단중,횡단중,운전자법규위반,과속,교차로,교차로내,승용차,소형,보행자,보행자,985819,1817543,127.3419447,36.35519936
2015,2015012907,15,주간,목,1,2,0,1,0,경기,이천시,차대차,기타,기타,운전자법규위반,신호위반,교차로,교차로내,승용차,소형,승용차,중형,993333,1913816,127.4248496,37.22315706
2015,2015012723,15,야간,화,1,1,0,0,0,경남,진주시,차대사람,횡단중,횡단중,운전자법규위반,안전운전 의무 불이행,교차로,교차로부근,승용차,소형,보행자,보행자,1051183,1686364,128.0620699,35.17125089
2015,2015012614,10,주간,월,1,1,0,0,0,충남,공주시,차량단독,공작물충돌,공작물충돌,운전자법규위반,안전운전 의무 불이행,단일로,기타단일로,승용차,중형,0,0,970135,1827915,127.1667405,36.44834578
2015,2015020104,10,야간,일,1,1,0,0,0,전북,익산시,차대사람,횡단중,횡단중,운전자법규위반,안전운전 의무 불이행,단일로,기타단일로,승용차,중형,보행자,보행자,951914,1772265,126.966834,35.94590615
2015,2015013114,30,주간,토,1,1,0,0,0,충남,예산군,차대차,측면직각충돌,측면직각충돌,운전자법규위반,직진 및 우회전차의 통행방해,교차로,교차로내,화물차,대형,승합차,소형,932976,1852232,126.7499959,36.66566962
2015,2015020313,19,주간,화,1,1,0,0,0,충북,충주시,차량단독,공작물충돌,공작물충돌,운전자법규위반,안전운전 의무 불이행,단일로,교량위,승용차,중형,0,0,1042050,1875686,127.9724953,36.88050578
2015,2015011506,35,주간,목,1,2,0,1,0,경기,화성시,차대차,기타,기타,운전자법규위반,안전운전 의무 불이행,단일로,기타단일로,화물차,중형,건설기계,건설기계,946553,1919967,126.8971186,37.2770911
2015,2015030210,28,주간,월,1,2,1,0,0,경기,이천시,차대차,측면직각충돌,측면직각충돌,운전자법규위반,안전운전 의무 불이행,단일로,기타단일로,승용차,중형,화물차,대형,993873,1915073,127.4309261,37.23449145
2015,2015021314,50,주간,금,1,1,0,0,0,경북,경산시,차대차,추돌,진행중 추돌,운전자법규위반,안전운전 의무 불이행,단일로,기타단일로,화물차,대형,특수차,대형,1111493,1753916,128.733537,35.77532627
2015,2015013003,45,야간,금,1,2,1,0,0,경기,광명시,차대사람,기타,기타,운전자법규위반,안전운전 의무 불이행,단일로,기타단일로,승용차,중형,보행자,보행자,943554,1937596,126.8619482,37.43580993
2015,2015072011,30,주간,월,1,1,0,0,0,충남,부여군,차대사람,길가장자리구역통행중,길가장자리구역통행중,운전자법규위반,교차로 통행방법 위반,단일로,기타단일로,화물차,소형,보행자,보행자,944932,1808351,126.8868999,36.27086221
2015,2015071823,40,야간,토,1,2,1,0,0,경기,평택시,차대차,기타,기타,운전자법규위반,안전운전 의무 불이행,단일로,기타단일로,승용차,경형,승용차,소형,962841,1888245,127.0824159,36.99194264
2015,2015072120,40,야간,화,1,1,0,0,0,경북,영천시,차대사람,횡단중,횡단중,운전자법규위반,안전운전 의무 불이행,단일로,기타단일로,화물차,소형,보행자,보행자,1117381,1782142,128.8028298,36.02906296
2015,2015072601,10,야간,일,2,3,1,0,0,전남,고흥군,차대차,추돌,주정차중 추돌,운전자법규위반,안전운전 의무 불이행,단일로,교량위,이륜차,소형,화물차,소형,973686,1628552,127.2128473,34.6508929
2015,2015073114,15,주간,금,1,2,1,0,0,경북,상주시,차대차,측면직각충돌,측면직각충돌,운전자법규위반,중앙선 침범,기타/불명,기타/불명,승용차,중형,화물차,소형,1045245,1826756,128.0048101,36.43729499
2015,2015080203,30,야간,일,1,1,0,0,0,경북,경주시,차량단독,공작물충돌,공작물충돌,운전자법규위반,안전운전 의무 불이행,교차로,교차로내,승용차,중형,0,0,1179885,1756168,129.4903874,35.78548054
2015,2015080103,0,야간,토,1,1,0,0,0,충북,단양군,차량단독,공작물충돌,공작물충돌,운전자법규위반,안전운전 의무 불이행,단일로,기타단일로,승용차,소형,0,0,1068712,1898019,128.2730392,37.07826432
2015,2015080115,43,주간,토,1,1,0,0,0,서울,중랑구,차량단독,기타,기타,운전자법규위반,안전운전 의무 불이행,단일로,터널안,이륜차,중형,0,0,964163,1953530,127.0941235,37.58045782
2015,2015080605,20,야간,목,1,1,0,0,0,충남,아산시,차대사람,횡단중,횡단중,운전자법규위반,보행자 보호의무 위반,단일로,횡단보도상,승용차,중형,보행자,보행자,956029,1865957,127.0072476,36.79071126
2015,2015081508,15,주간,토,1,1,0,0,0,경기,동두천시,차대사람,횡단중,횡단중,운전자법규위반,보행자 보호의무 위반,교차로,교차로내,승용차,중형,보행자,보행자,961354,1989655,127.0603891,37.90593984
2015,2015081420,30,야간,금,1,1,0,0,0,충남,청양군,차량단독,도로이탈,도로이탈 추락,운전자법규위반,안전운전 의무 불이행,단일로,기타단일로,화물차,소형,0,0,949837,1822693,126.9405835,36.40042291
2015,2015081415,20,주간,금,1,2,0,1,0,경기,안산시,차대차,기타,기타,운전자법규위반,중앙선 침범,교차로,교차로부근,화물차,경형,승용차,대형,934902,1926407,126.7651398,37.33439401
2015,2015081312,45,주간,목,1,1,0,0,0,전남,장흥군,차량단독,전도전복,전도전복,운전자법규위반,안전운전 의무 불이행,단일로,기타단일로,이륜차,사발이,0,0,945936,1620030,126.9105781,34.57295636
2015,2015081311,25,주간,목,1,1,0,0,0,부산,강서구,차량단독,도로이탈,도로이탈 추락,운전자법규위반,안전운전 의무 불이행,단일로,기타단일로,승용차,중형,0,0,1126039,1680410,128.8830484,35.11097584
2015,2015081807,10,주간,화,1,1,0,0,0,충남,천안시,차량단독,공작물충돌,공작물충돌,운전자법규위반,안전운전 의무 불이행,단일로,기타단일로,승용차,중형,0,0,972752,1864995,127.1946276,36.78269571
2015,2015081902,20,야간,수,1,1,0,0,0,전북,군산시,차대차,추돌,주정차중 추돌,운전자법규위반,안전운전 의무 불이행,단일로,기타단일로,승용차,중형,화물차,대형,930827,1776347,126.7326864,35.98143996
2015,2015081805,20,야간,화,1,1,0,0,0,세종,세종,차대차,추돌,진행중 추돌,운전자법규위반,안전운전 의무 불이행,단일로,교량위,승합차,소형,이륜차,소형,976563,1851728,127.2377445,36.66319891
2015,2015081519,11,야간,토,1,4,2,0,1,경남,남해군,차대차,측면직각충돌,측면직각충돌,운전자법규위반,중앙선 침범,단일로,기타단일로,화물차,소형,승용차,중형,1036006,1652630,127.8939452,34.86772342
2015,2015081503,5,야간,토,1,1,0,0,0,경남,김해시,차대차,추돌,진행중 추돌,운전자법규위반,안전운전 의무 불이행,교차로,교차로부근,이륜차,소형,승합차,소형,1125974,1694033,128.8844158,35.23378918
2015,2015071004,5,야간,금,1,8,6,1,0,전북,전주시,차대차,측면직각충돌,측면직각충돌,운전자법규위반,신호위반,교차로,교차로내,승합차,중형,승용차,중형,964835,1761670,127.1105636,35.85093369
2015,2015071007,50,주간,금,1,1,0,0,0,충북,단양군,차량단독,공작물충돌,공작물충돌,운전자법규위반,안전운전 의무 불이행,단일로,기타단일로,원동기장치자전거,원동기장치자전거,0,0,1074102,1882449,128.332142,36.93751399
2015,2015071009,10,주간,금,1,1,0,0,0,서울,종로구,차대사람,보도통행중,보도통행중,운전자법규위반,안전운전 의무 불이행,단일로,횡단보도상,승합차,대형,보행자,보행자,953771,1952704,126.9764837,37.5725496
2015,2015070807,6,주간,수,1,1,0,0,0,부산,사하구,차대차,기타,기타,운전자법규위반,중앙선 침범,단일로,기타단일로,승용차,중형,원동기장치자전거,원동기장치자전거,1137310,1677612,129.0062266,35.08428025
2015,2015071313,6,주간,월,1,1,0,0,0,경남,창원시(통합),차대사람,횡단중,횡단중,운전자법규위반,보행자 보호의무 위반,단일로,횡단보도상,화물차,중형,보행자,보행자,1098597,1691024,128.5832449,35.20972877
2015,2015071311,32,주간,월,1,1,0,0,0,울산,남구,차대차,기타,기타,운전자법규위반,안전거리 미확보,단일로,기타단일로,화물차,대형,자전거,자전거,1164057,1724616,129.3089138,35.50390642
2015,2015071607,0,주간,목,1,1,0,0,0,경기,파주시,차대차,기타,기타,운전자법규위반,신호위반,교차로,교차로부근,이륜차,소형,승용차,소형,935287,1972770,126.7653967,37.75228423
2015,2015071504,35,야간,수,1,1,0,0,0,충북,청주시,차대사람,횡단중,횡단중,운전자법규위반,안전운전 의무 불이행,교차로,교차로부근,승용차,소형,보행자,보행자,996839,1848596,127.4646418,36.63524753
2015,2015071518,29,야간,수,1,1,0,0,0,전남,영광군,차대차,측면직각충돌,측면직각충돌,운전자법규위반,교차로 통행방법 위반,교차로,교차로내,화물차,소형,화물차,소형,903547,1692056,126.4401858,35.21924129
2015,2015071519,0,야간,수,1,1,0,0,0,경남,고성군,차대차,측면직각충돌,측면직각충돌,운전자법규위반,교차로 통행방법 위반,교차로,교차로내,이륜차,소형,승용차,경형,1062992,1677518,128.1910695,35.09081904
2015,2015072202,37,야간,수,1,1,0,0,0,대구,달서구,차대사람,기타,기타,운전자법규위반,안전운전 의무 불이행,단일로,기타단일로,승용차,소형,보행자,보행자,1089572,1762970,128.4920589,35.85918987
2015,2015072022,40,야간,월,1,2,1,0,0,경북,영양군,차량단독,도로이탈,도로이탈 추락,운전자법규위반,안전운전 의무 불이행,단일로,기타단일로,승용차,중형,0,0,1146154,1857591,129.1362597,36.70509548
2015,2015072208,50,주간,수,1,2,0,0,1,충남,천안시,차량단독,기타,기타,운전자법규위반,안전운전 의무 불이행,단일로,기타단일로,원동기장치자전거,원동기장치자전거,0,0,967545,1879102,127.1356701,36.90969888
2015,2015072812,7,주간,화,1,1,0,0,0,경기,부천시,차대사람,기타,기타,운전자법규위반,안전운전 의무 불이행,교차로,교차로내,건설기계,건설기계,보행자,보행자,934972,1946447,126.7641644,37.51502021
2015,2015072710,50,주간,월,1,1,0,0,0,경기,고양시,차대차,기타,기타,운전자법규위반,안전운전 의무 불이행,교차로,교차로내,승용차,중형,이륜차,중형,947391,1966922,126.9032133,37.7003535
2015,2015072817,45,주간,화,1,1,0,0,0,경북,경산시,차대차,기타,기타,운전자법규위반,안전운전 의무 불이행,단일로,기타단일로,이륜차,소형,화물차,중형,1119883,1758397,128.8270124,35.81472942
2015,2015072817,10,주간,화,3,3,0,0,0,경기,김포시,차대차,기타,기타,운전자법규위반,안전운전 의무 불이행,단일로,기타단일로,승용차,소형,화물차,소형,930181,1960429,126.7086229,37.64068543
2015,2015080119,13,야간,토,1,7,5,0,1,경기,포천시,차대차,정면충돌,정면충돌,운전자법규위반,중앙선 침범,단일로,기타단일로,승용차,중형,승용차,중형,974058,2007246,127.2042634,38.06493507
2015,2015080703,5,야간,금,1,1,0,0,0,충북,충주시,차량단독,공작물충돌,공작물충돌,운전자법규위반,안전운전 의무 불이행,단일로,기타단일로,승용차,소형,0,0,1028436,1886260,127.8198499,36.97430121
2015,2015080922,18,야간,일,1,2,1,0,0,충남,청양군,차대차,추돌,진행중 추돌,운전자법규위반,안전운전 의무 불이행,단일로,기타단일로,화물차,소형,농기계,농기계,952085,1823236,126.9656186,36.40543282