발생년,발생년월일시,발생분,주야,요일,사망자수,사상자수,중상자수,경상자수,부상신고자수,발생지시도,발생지시군구,사고유형_대분류,사고유형_중분류,사고유형,법규위반_대분류,법규위반,도로형태_대분류,도로형태,당사자종별_1당_대분류,당사자종별_1당,당사자종별_2당_대분류,당사자종별_2당,발생위치X_UTMK,발생위치Y_UTMK,경도,위도
2015,2015020100,35,야간,일,2,4,1,1,0,인천,중구,차대차,측면직각충돌,측면직각충돌,운전자법규위반,안전거리 미확보,교차로,교차로부근,승용차,중형,승용차,중형,909477,1938520,126.4766823,37.44143064
2015,2015020706,23,주간,토,1,1,0,0,0,충남,천안시,차대사람,횡단중,횡단중,운전자법규위반,안전운전 의무 불이행,교차로,교차로부근,승용차,중형,보행자,보행자,970256,1863185,127.1667256,36.76630415
2015,2015020323,0,야간,화,1,1,0,0,0,부산,중구,차량단독,공작물충돌,공작물충돌,운전자법규위반,안전운전 의무 불이행,단일로,터널안,이륜차,중형,0,0,1139289,1680784,129.0284621,35.11260135
2015,2015020922,45,야간,월,1,1,0,0,0,경북,고령군,차량단독,도로이탈,도로이탈 추락,운전자법규위반,안전운전 의무 불이행,단일로,기타단일로,승용차,중형,0,0,1072337,1748424,128.2998751,35.72947678
2015,2015021112,2,주간,수,1,1,0,0,0,충남,홍성군,차량단독,기타,기타,운전자법규위반,안전운전 의무 불이행,단일로,기타단일로,원동기장치자전거,원동기장치자전거,0,0,927648,1834347,126.6920623,36.50406101
2015,2015081004,55,야간,월,1,1,0,0,0,경기,부천시,차대차,기타,기타,운전자법규위반,중앙선 침범,단일로,횡단보도부근,자전거,자전거,승용차,중형,933801,1943539,126.7511766,37.48872743
2015,2015081316,25,주간,목,1,1,0,0,0,대전,유성구,차대차,측면직각충돌,측면직각충돌,운전자법규위반,신호위반,교차로,교차로부근,승용차,소형,자전거,자전거,983676,1811838,127.3181794,36.30373252
2015,2015081401,50,야간,금,1,1,0,0,0,경기,군포시,차대사람,횡단중,횡단중,운전자법규위반,안전운전 의무 불이행,단일로,기타단일로,승용차,중형,보행자,보행자,949148,1928031,126.9258363,37.3499214
2015,2015081211,40,주간,수,1,1,0,0,0,경기,군포시,차대사람,횡단중,횡단중,운전자법규위반,안전운전 의무 불이행,교차로,교차로내,화물차,소형,보행자,보행자,950815,1928106,126.9446524,37.35068727
2015,2015081118,35,야간,화,1,1,0,0,0,경북,성주군,차대사람,기타,기타,운전자법규위반,안전운전 의무 불이행,교차로,교차로내,승용차,소형,보행자,보행자,1071276,1769477,128.2900227,35.91935437
2015,2015081715,8,주간,월,1,4,1,2,0,제주,제주시,차대차,측면직각충돌,측면직각충돌,운전자법규위반,직진 및 우회전차의 통행방해,교차로,교차로내,승용차,중형,승합차,대형,890485,1497586,126.3214803,33.46446858
2015,2015082105,55,야간,금,1,1,0,0,0,경기,안성시,차대차,측면직각충돌,측면직각충돌,운전자법규위반,교차로 통행방법 위반,교차로,교차로내,승용차,중형,화물차,중형,993711,1901544,127.4292136,37.11253783
2015,2015071408,15,주간,화,1,1,0,0,0,대구,북구,차대사람,횡단중,횡단중,운전자법규위반,보행자 보호의무 위반,교차로,교차로내,승용차,대형,보행자,보행자,1094076,1769063,128.5426557,35.91369373
2015,2015071712,25,주간,금,1,2,0,1,0,충남,공주시,차대차,추돌,진행중 추돌,운전자법규위반,안전운전 의무 불이행,단일로,기타단일로,승용차,소형,화물차,소형,969490,1830347,127.1594473,36.47025017
2015,2015071321,5,야간,월,1,1,0,0,0,전북,군산시,차량단독,기타,기타,운전자법규위반,안전운전 의무 불이행,교차로,교차로내,승용차,중형,0,0,944529,1776398,126.8846658,35.98277549
2015,2015072017,35,주간,월,1,1,0,0,0,전북,정읍시,차량단독,전도전복,전도전복,운전자법규위반,안전운전 의무 불이행,단일로,기타단일로,화물차,소형,0,0,941880,1727444,126.8588337,35.541265
2015,2015072008,0,주간,월,1,1,0,0,0,전북,전주시,차대사람,보도통행중,보도통행중,운전자법규위반,안전운전 의무 불이행,단일로,기타단일로,승용차,대형,보행자,보행자,962083,1763309,127.0800092,35.86560814
2015,2015071921,37,야간,일,1,1,0,0,0,울산,남구,차대차,측면직각충돌,측면직각충돌,운전자법규위반,신호위반,교차로,교차로내,승합차,대형,원동기장치자전거,원동기장치자전거,1165173,1728194,129.3219422,35.5359666
2015,2015072620,43,야간,일,1,1,0,0,0,강원,춘천시,차대사람,횡단중,횡단중,운전자법규위반,안전운전 의무 불이행,교차로,교차로내,화물차,소형,보행자,보행자,1022498,1991946,127.755996,37.92713122
2015,2015072822,21,야간,화,1,2,1,0,0,경기,평택시,차대차,기타,기타,운전자법규위반,중앙선 침범,단일로,교량위,승용차,중형,승용차,중형,963531,1899784,127.0896103,37.09598372
2015,2015080313,5,주간,월,1,2,1,0,0,전남,고흥군,차대차,추돌,주정차중 추돌,운전자법규위반,안전운전 의무 불이행,단일로,기타단일로,승합차,소형,화물차,소형,977235,1639471,127.2512811,34.74944333
2015,2015080418,29,야간,화,1,1,0,0,0,부산,금정구,차대사람,보도통행중,보도통행중,운전자법규위반,보행자 보호의무 위반,교차로,교차로부근,승합차,소형,보행자,보행자,1144689,1696481,129.0904529,35.25332774
2015,2015073117,14,주간,금,1,1,0,0,0,부산,진구,차대차,측면직각충돌,측면직각충돌,운전자법규위반,중앙선 침범,단일로,기타단일로,이륜차,중형,승합차,대형,1141337,1685046,129.051657,35.15073331
2015,2015073123,35,야간,금,1,1,0,0,0,충북,청주시,차량단독,기타,기타,운전자법규위반,안전운전 의무 불이행,단일로,기타단일로,승용차,중형,0,0,1001126,1849585,127.5125966,36.64416793
2015,2015080709,20,주간,금,1,2,0,1,0,경북,포항시,차대차,추돌,진행중 추돌,운전자법규위반,안전운전 의무 불이행,교차로,교차로부근,특수차,대형,건설기계,건설기계,1166051,1781044,129.3425808,36.01208491
2015,2015080500,39,야간,수,1,1,0,0,0,경기,수원시,차대사람,횡단중,횡단중,운전자법규위반,안전운전 의무 불이행,교차로,교차로부근,승용차,중형,보행자,보행자,953316,1919703,126.9734186,37.27507543
2015,2015081100,0,야간,화,1,1,0,0,0,경기,안산시,차대차,기타,기타,운전자법규위반,안전운전 의무 불이행,단일로,기타단일로,승용차,중형,이륜차,소형,942751,1923371,126.8539722,37.30754657
2015,2015081014,0,주간,월,1,1,0,0,0,제주,제주시,차대사람,횡단중,횡단중,운전자법규위반,안전운전 의무 불이행,단일로,기타단일로,화물차,소형,보행자,보행자,907307,1501852,126.502039,33.50452938
2015,2015080722,35,야간,금,1,2,0,1,0,광주,남구,차대사람,차도통행중,차도통행중,운전자법규위반,안전운전 의무 불이행,단일로,횡단보도부근,승용차,중형,보행자,보행자,945527,1682930,126.902029,35.14011446
2015,2015081200,16,야간,수,1,1,0,0,0,경남,창원시(통합),차대사람,길가장자리구역통행중,길가장자리구역통행중,운전자법규위반,보행자 보호의무 위반,교차로,교차로내,화물차,소형,보행자,보행자,1091402,1693706,128.5045056,35.23459033
2015,2015081222,5,야간,수,1,1,0,0,0,울산,남구,차대차,정면충돌,정면충돌,운전자법규위반,신호위반,교차로,교차로내,이륜차,소형,승용차,중형,1166969,1726116,129.3413159,35.51693883
2015,2015081808,30,주간,화,1,2,1,0,0,전북,장수군,차대차,추돌,진행중 추돌,운전자법규위반,안전운전 의무 불이행,기타/불명,기타/불명,화물차,중형,원동기장치자전거,원동기장치자전거,1006456,1744386,127.5713586,35.69570615
2015,2015081807,20,주간,화,1,1,0,0,0,충북,충주시,차량단독,공작물충돌,공작물충돌,운전자법규위반,안전운전 의무 불이행,단일로,기타단일로,이륜차,중형,0,0,1042597,1873472,127.9778614,36.85854474
2015,2015081723,58,야간,월,1,1,0,0,0,충남,서산시,차대사람,횡단중,횡단중,운전자법규위반,안전운전 의무 불이행,교차로,교차로내,승용차,대형,보행자,보행자,908077,1864205,126.4699693,36.77150678
2015,2015082010,0,주간,목,1,1,0,0,0,경북,영천시,차량단독,공작물충돌,공작물충돌,운전자법규위반,안전운전 의무 불이행,단일로,기타단일로,화물차,소형,0,0,1128268,1777206,128.9228345,35.98320054
2015,2015082018,10,야간,목,1,1,0,0,0,충남,금산군,차대차,측면직각충돌,측면직각충돌,운전자법규위반,직진 및 우회전차의 통행방해,교차로,교차로내,이륜차,소형,승용차,대형,1005922,1790393,127.5657988,36.11051248
2015,2015071323,10,야간,월,1,2,1,0,0,충북,음성군,차대차,기타,기타,운전자법규위반,안전운전 의무 불이행,교차로,교차로부근,이륜차,사발이,이륜차,사발이,1006198,1881231,127.5695949,36.92942911
2015,2015071310,45,주간,월,1,1,0,0,0,강원,원주시,차량단독,기타,기타,운전자법규위반,안전운전 의무 불이행,교차로,교차로부근,이륜차,소형,0,0,1037308,1935650,127.9216289,37.41923939
2015,2015071103,40,야간,토,1,1,0,0,0,서울,양천구,차량단독,공작물충돌,공작물충돌,운전자법규위반,안전운전 의무 불이행,단일로,기타단일로,이륜차,중형,0,0,942224,1947134,126.8461664,37.52169488
2015,2015071515,18,주간,수,1,2,0,0,1,경북,칠곡군,차량단독,전도전복,전도전복,운전자법규위반,안전운전 의무 불이행,단일로,기타단일로,이륜차,소형,0,0,1093331,1789061,128.5367575,36.09403634
2015,2015071517,17,주간,수,1,1,0,0,0,충북,옥천군,차대사람,기타,기타,운전자법규위반,안전운전 의무 불이행,교차로,교차로내,화물차,소형,보행자,보행자,1008662,1809433,127.5964529,36.28214959
2015,2015072011,40,주간,월,1,1,0,0,0,경북,구미시,차량단독,전도전복,전도전복,운전자법규위반,안전운전 의무 불이행,단일로,기타단일로,자전거,자전거,0,0,1074265,1801624,128.3261743,36.20893417
2015,2015072107,30,주간,화,1,1,0,0,0,강원,동해시,차대차,정면충돌,정면충돌,운전자법규위반,중앙선 침범,단일로,기타단일로,승용차,대형,건설기계,건설기계,1142200,1946097,129.1087914,37.50320056
2015,2015072103,15,야간,화,1,1,0,0,0,서울,영등포구,차대사람,횡단중,횡단중,운전자법규위반,신호위반,단일로,기타단일로,승용차,중형,보행자,보행자,946688,1948510,126.8965816,37.53436579
2015,2015071918,40,야간,일,1,2,1,0,0,충남,당진시,차대차,정면충돌,정면충돌,운전자법규위반,중앙선 침범,단일로,기타단일로,승용차,대형,승용차,대형,914957,1890728,126.5440756,37.01121007
2015,2015071921,5,야간,일,1,1,0,0,0,전북,김제시,차대차,추돌,진행중 추돌,운전자법규위반,안전운전 의무 불이행,단일로,기타단일로,화물차,소형,자전거,자전거,955421,1745690,127.0072008,35.70647583
2015,2015072001,10,야간,월,1,1,0,0,0,경북,칠곡군,차대사람,기타,기타,운전자법규위반,안전운전 의무 불이행,단일로,기타단일로,승용차,중형,보행자,보행자,1081004,1776554,128.3985588,35.98239503
2015,2015071717,2,주간,금,1,6,0,5,0,충북,음성군,차대차,추돌,주정차중 추돌,운전자법규위반,안전운전 의무 불이행,교차로,교차로부근,승용차,경형,승용차,소형,1010361,1870863,127.6161978,36.83592925
2015,2015111022,33,야간,화,1,1,0,0,0,경남,거창군,차대차,추돌,주정차중 추돌,운전자법규위반,안전운전 의무 불이행,단일로,기타단일로,원동기장치자전거,원동기장치자전거,화물차,소형,1037961,1744614,127.9195915,35.69705175
2015,2015110718,5,야간,토,1,1,0,0,0,경북,의성군,차대사람,기타,기타,운전자법규위반,안전운전 의무 불이행,단일로,기타단일로,화물차,중형,보행자,보행자,1116695,1824892,128.8015866,36.41446351
2015,2015110719,20,야간,토,1,1,0,0,0,경기,안산시,차대차,추돌,진행중 추돌,운전자법규위반,안전운전 의무 불이행,단일로,기타단일로,승용차,소형,화물차,소형,944473,1928529,126.8730168,37.35414209
2015,2015102105,30,야간,수,1,2,1,0,0,경남,진주시,차대차,정면충돌,정면충돌,운전자법규위반,중앙선 침범,단일로,기타단일로,승용차,중형,승용차,중형,1051985,1684723,128.0707734,35.15641322
2015,2015102222,12,야간,목,1,1,0,0,0,경기,안성시,차대사람,기타,기타,운전자법규위반,안전운전 의무 불이행,단일로,기타단일로,승용차,중형,보행자,보행자,998260,1900007,127.4804188,37.09870241
2015,2015102314,0,주간,금,1,1,0,0,0,서울,마포구,차대사람,기타,기타,운전자법규위반,보행자 보호의무 위반,단일로,횡단보도상,화물차,중형,보행자,보행자,948144,1950127,126.9129465,37.54902307
2015,2015102311,15,주간,금,1,1,0,0,0,충북,청주시,차대사람,횡단중,횡단중,운전자법규위반,안전운전 의무 불이행,단일로,기타단일로,승용차,중형,보행자,보행자,999890,1846584,127.4987229,36.61733276
2015,2015102300,45,야간,금,1,3,1,1,0,경기,성남시,차대차,측면직각충돌,측면직각충돌,운전자법규위반,신호위반,교차로,교차로내,승용차,중형,승용차,대형,971100,1935999,127.1733771,37.42268585
2015,2015102223,59,야간,목,1,2,1,0,0,충남,부여군,차대차,추돌,주정차중 추돌,운전자법규위반,안전운전 의무 불이행,교차로,교차로부근,승용차,대형,화물차,대형,946806,1807856,126.9077967,36.26650489
2015,2015101821,27,야간,일,1,1,0,0,0,전남,광양시,차대차,기타,기타,운전자법규위반,안전운전 의무 불이행,교차로,교차로부근,승합차,소형,이륜차,소형,1006907,1663330,127.5756594,34.96482594
2015,2015101819,20,야간,일,1,1,0,0,0,충남,논산시,차대사람,횡단중,횡단중,운전자법규위반,안전운전 의무 불이행,단일로,기타단일로,승용차,중형,보행자,보행자,964924,1801593,127.109778,36.21087023
2015,2015101909,40,주간,월,1,1,0,0,0,경기,용인시,차대사람,횡단중,횡단중,운전자법규위반,신호위반,교차로,교차로내,승합차,대형,보행자,보행자,974030,1915226,127.2072186,37.23552883
2015,2015101918,15,야간,월,1,1,0,0,0,충북,음성군,차대사람,차도통행중,차도통행중,운전자법규위반,안전운전 의무 불이행,교차로,교차로내,승용차,소형,보행자,보행자,999875,1891447,127.4985947,37.02154128
2015,2015101718,40,야간,토,1,1,0,0,0,충북,옥천군,차량단독,도로이탈,도로이탈 기타,운전자법규위반,안전운전 의무 불이행,단일로,기타단일로,화물차,소형,0,0,1020991,1819073,127.7339974,36.3688683
2015,2015112404,50,야간,화,1,1,0,0,0,경기,부천시,차대사람,횡단중,횡단중,운전자법규위반,안전운전 의무 불이행,교차로,교차로부근,승합차,소형,보행자,보행자,938566,1947417,126.804749,37.52400914
2015,2015112218,30,야간,일,1,1,0,0,0,충남,서천군,차대사람,길가장자리구역통행중,길가장자리구역통행중,운전자법규위반,안전운전 의무 불이행,단일로,기타단일로,화물차,소형,보행자,보행자,937211,1787874,126.8025815,36.08579042
2015,2015112119,55,야간,토,1,1,0,0,0,강원,영월군,차대사람,횡단중,횡단중,운전자법규위반,안전운전 의무 불이행,단일로,횡단보도상,승용차,중형,보행자,보행자,1086788,1908806,128.4776275,37.17398705
2015,2015112206,54,주간,일,1,1,0,0,0,강원,양양군,차대사람,횡단중,횡단중,운전자법규위반,신호위반,단일로,횡단보도상,승용차,대형,보행자,보행자,1099067,2013389,128.6301132,38.11523693
2015,2015112121,15,야간,토,1,6,0,5,0,경남,밀양시,차대차,정면충돌,정면충돌,운전자법규위반,안전운전 의무 불이행,단일로,기타단일로,화물차,대형,화물차,소형,1125893,1734149,128.8897221,35.59541198
2015,2015112119,25,야간,토,1,1,0,0,0,인천,남동구,차대사람,횡단중,횡단중,운전자법규위반,보행자 보호의무 위반,교차로,교차로내,화물차,대형,보행자,보행자,930892,1939194,126.7186813,37.44935335
2015,2015112005,54,야간,금,1,1,0,0,0,충북,청주시,차대사람,횡단중,횡단중,운전자법규위반,신호위반,교차로,교차로부근,승용차,중형,보행자,보행자,992922,1855349,127.4207647,36.69610429
2015,2015112213,5,주간,일,1,1,0,0,0,경북,청도군,차량단독,공작물충돌,공작물충돌,운전자법규위반,안전운전 의무 불이행,단일로,기타단일로,승용차,소형,0,0,1114313,1737217,128.7623551,35.62447416
2015,2015101116,30,주간,일,1,2,1,0,0,경기,가평군,차대차,기타,기타,운전자법규위반,안전운전 의무 불이행,교차로,교차로내,승용차,중형,승용차,대형,996888,1965519,127.4647032,37.68921268
2015,2015101610,5,주간,금,1,1,0,0,0,경기,김포시,차대사람,횡단중,횡단중,운전자법규위반,안전운전 의무 불이행,단일로,기타단일로,특수차,중형,보행자,보행자,922440,1958059,126.6211416,37.61870488
2015,2015101617,55,주간,금,1,1,0,0,0,경기,동두천시,차대차,기타,기타,운전자법규위반,차로위반(진로변경 위반),단일로,기타단일로,승용차,중형,이륜차,중형,960773,1991070,127.0537032,37.91866803
2015,2015101223,0,야간,월,1,3,1,1,0,경기,평택시,차대차,기타,기타,운전자법규위반,안전운전 의무 불이행,교차로,교차로부근,승용차,중형,승용차,중형,960931,1894164,127.0606453,37.04521986
2015,2015101316,50,주간,화,2,3,1,0,0,경기,안산시,차대차,정면충돌,정면충돌,운전자법규위반,중앙선 침범,단일로,기타단일로,승용차,경형,화물차,중형,923068,1915168,126.6327277,37.23219224
2015,2015101318,25,야간,화,1,1,0,0,0,경남,사천시,차대사람,차도통행중,차도통행중,운전자법규위반,안전운전 의무 불이행,단일로,기타단일로,승용차,중형,보행자,보행자,1057799,1664792,128.1332159,34.97638206
2015,2015092119,19,야간,월,1,1,0,0,0,전북,임실군,차대사람,차도통행중,차도통행중,운전자법규위반,안전운전 의무 불이행,단일로,기타단일로,화물차,경형,보행자,보행자,981230,1735856,127.2927332,35.61863862
2015,2015092204,10,야간,화,1,1,0,0,0,전남,여수시,차대사람,횡단중,횡단중,운전자법규위반,안전운전 의무 불이행,교차로,교차로내,승용차,중형,보행자,보행자,1020877,1638741,127.7280736,34.74290075
2015,2015091907,20,주간,토,1,1,0,0,0,경남,밀양시,차대차,기타,기타,운전자법규위반,안전운전 의무 불이행,단일로,기타단일로,승합차,대형,농기계,농기계,1101899,1728740,128.6242238,35.54941389
2015,2015091916,45,주간,토,1,1,0,0,0,경기,가평군,차대사람,기타,기타,운전자법규위반,안전운전 의무 불이행,단일로,기타단일로,건설기계,건설기계,보행자,보행자,1002181,1956057,127.524709,37.60393019
2015,2015092219,40,야간,화,1,2,0,1,0,충북,청주시,차대차,정면충돌,정면충돌,운전자법규위반,중앙선 침범,단일로,기타단일로,승용차,중형,승합차,대형,987183,1844947,127.3556143,36.60334504
2015,2015091923,5,야간,토,1,1,0,0,0,전북,군산시,차대사람,기타,기타,운전자법규위반,안전운전 의무 불이행,단일로,기타단일로,승용차,대형,보행자,보행자,938662,1774245,126.8197542,35.96301403
2015,2015092010,27,주간,일,1,1,0,0,0,경기,이천시,차대사람,기타,기타,운전자법규위반,안전운전 의무 불이행,단일로,기타단일로,승용차,중형,보행자,보행자,1010501,1901793,127.6181983,37.11474459
2015,2015110820,2,야간,일,1,1,0,0,0,대전,유성구,차대사람,횡단중,횡단중,운전자법규위반,안전운전 의무 불이행,교차로,교차로부근,승용차,소형,보행자,보행자,984852,1816803,127.3311814,36.34851324
2015,2015111004,35,야간,화,1,1,0,0,0,전북,정읍시,차량단독,공작물충돌,공작물충돌,운전자법규위반,안전운전 의무 불이행,단일로,기타단일로,화물차,중형,0,0,950025,1747229,126.9474572,35.72009238
2015,2015110813,35,주간,일,1,1,0,0,0,부산,영도구,차대사람,길가장자리구역통행중,길가장자리구역통행중,운전자법규위반,안전운전 의무 불이행,단일로,기타단일로,승용차,소형,보행자,보행자,1141152,1678329,129.0484802,35.09021255
2015,2015110804,45,야간,일,1,1,0,0,0,경기,성남시,차대사람,기타,기타,운전자법규위반,안전운전 의무 불이행,단일로,기타단일로,승용차,중형,보행자,보행자,967880,1937420,127.136924,37.43538802
2015,2015110621,14,야간,금,1,1,0,0,0,경기,가평군,차대사람,횡단중,횡단중,운전자법규위반,안전운전 의무 불이행,교차로,교차로내,승합차,중형,보행자,보행자,993155,1971216,127.4223093,37.74054135
2015,2015101721,15,야간,토,1,1,0,0,0,경남,밀양시,차량단독,도로이탈,도로이탈 기타,운전자법규위반,안전운전 의무 불이행,단일로,기타단일로,화물차,경형,0,0,1125906,1725924,128.888586,35.52127059
2015,2015101918,15,야간,월,1,2,0,1,0,강원,춘천시,차대차,측면직각충돌,측면직각충돌,운전자법규위반,직진 및 우회전차의 통행방해,교차로,교차로내,승용차,중형,이륜차,소형,1019897,1988071,127.7262934,37.89226662
2015,2015101918,0,야간,월,1,1,0,0,0,충남,논산시,차대사람,횡단중,횡단중,운전자법규위반,안전운전 의무 불이행,단일로,기타단일로,승용차,중형,보행자,보행자,964834,1792236,127.1091958,36.12650912
2015,2015122105,40,야간,월,1,1,0,0,0,충남,천안시,차대차,추돌,진행중 추돌,운전자법규위반,안전운전 의무 불이행,단일로,기타단일로,승용차,중형,승용차,경형,964632,1869712,127.1034081,36.82494875
2015,2015121711,45,주간,목,1,2,0,1,0,전북,임실군,차대차,정면충돌,정면충돌,운전자법규위반,중앙선 침범,단일로,기타단일로,승용차,경형,승용차,중형,983213,1726956,127.3148151,35.53842718
2015,2015122000,40,야간,일,1,1,0,0,0,충남,아산시,차대사람,횡단중,횡단중,운전자법규위반,안전운전 의무 불이행,단일로,기타단일로,화물차,소형,보행자,보행자,956091,1864834,127.0079196,36.78061853
2015,2015122305,15,야간,수,1,1,0,0,0,경기,고양시,차대사람,횡단중,횡단중,운전자법규위반,안전운전 의무 불이행,교차로,교차로부근,화물차,소형,보행자,보행자,942786,1968598,126.8508462,37.71518295
2015,2015122107,15,주간,월,1,1,0,0,0,경기,김포시,차대사람,횡단중,횡단중,운전자법규위반,안전운전 의무 불이행,교차로,교차로내,승용차,경형,보행자,보행자,920483,1966232,126.5980781,37.69219526
2015,2015122818,0,야간,월,1,1,0,0,0,충남,예산군,차대차,추돌,주정차중 추돌,운전자법규위반,안전운전 의무 불이행,단일로,기타단일로,화물차,소형,특수차,중형,939741,1860406,126.8250478,36.73980478
2015,2015123010,50,주간,수,1,1,0,0,0,경북,김천시,차량단독,전도전복,전도전복,운전자법규위반,안전운전 의무 불이행,단일로,기타단일로,건설기계,건설기계,0,0,1060930,1783290,128.1764174,36.04458306
2015,2015123122,0,야간,목,1,1,0,0,0,충남,천안시,차대사람,기타,기타,운전자법규위반,안전운전 의무 불이행,단일로,기타단일로,화물차,소형,보행자,보행자,974663,1879437,127.2155623,36.91293689
2015,2015122614,30,주간,토,1,1,0,0,0,광주,광산구,차대사람,횡단중,횡단중,운전자법규위반,안전운전 의무 불이행,단일로,기타단일로,승용차,경형,보행자,보행자,931424,1680546,126.7474234,35.11775643
2015,2015123006,15,주간,수,1,5,3,0,1,광주,북구,차대차,기타,기타,운전자법규위반,안전운전 의무 불이행,단일로,기타단일로,승용차,중형,승용차,중형,943746,1686753,126.8817371,35.1751547
2015,2015121108,50,주간,금,1,1,0,0,0,광주,동구,차대차,정면충돌,정면충돌,운전자법규위반,안전운전 의무 불이행,교차로,교차로내,승용차,중형,이륜차,중형,947090,1684844,126.9190632,35.15745598
2015,2015121116,57,주간,금,1,1,0,0,0,부산,수영구,차대사람,길가장자리구역통행중,길가장자리구역통행중,운전자법규위반,안전운전 의무 불이행,교차로,교차로부근,화물차,소형,보행자,보행자,1146349,1687402,129.1070797,35.17125242
2015,2015121212,15,주간,토,1,1,0,0,0,충남,천안시,차대차,측면직각충돌,측면직각충돌,운전자법규위반,안전운전 의무 불이행,교차로,교차로부근,승용차,경형,자전거,자전거,975256,1879613,127.2222136,36.91453918
2015,2015121415,30,주간,월,1,2,0,1,0,강원,평창군,차대차,정면충돌,정면충돌,운전자법규위반,중앙선 침범,단일로,기타단일로,승용차,경형,건설기계,건설기계,1081615,1938177,128.4225919,37.43916825
2015,2015111811,28,주간,수,1,4,0,3,0,전남,고흥군,차대차,추돌,진행중 추돌,운전자법규위반,안전운전 의무 불이행,교차로,교차로부근,화물차,소형,승용차,중형,982067,1622746,127.3044276,34.59871578
2015,2015112005,49,야간,금,1,1,0,0,0,서울,중랑구,차량단독,공작물충돌,공작물충돌,운전자법규위반,안전운전 의무 불이행,단일로,기타단일로,자전거,자전거,0,0,965363,1955762,127.1075256,37.60063384
2015,2015112517,45,주간,수,1,1,0,0,0,충북,음성군,차대차,추돌,진행중 추돌,운전자법규위반,안전운전 의무 불이행,단일로,기타단일로,승용차,중형,자전거,자전거,1004632,1880775,127.5520081,36.92532748
2015,2015112919,30,야간,일,1,3,0,2,0,울산,북구,차대사람,기타,기타,운전자법규위반,안전운전 의무 불이행,단일로,기타단일로,승용차,소형,보행자,보행자,1167767,1737110,129.3523917,35.61588076
2015,2015113020,10,야간,월,1,1,0,0,0,경남,김해시,차대사람,길가장자리구역통행중,길가장자리구역통행중,운전자법규위반,안전운전 의무 불이행,교차로,교차로내,화물차,소형,보행자,보행자,1126265,1699128,128.8883962,35.27968096
2015,2015112617,50,주간,목,1,1,0,0,0,경기,군포시,차대사람,횡단중,횡단중,운전자법규위반,신호위반,단일로,횡단보도상,승용차,대형,보행자,보행자,950627,1930601,126.9423634,37.37316584
2015,2015112802,30,야간,토,1,1,0,0,0,경기,안성시,차량단독,전도전복,전도전복,운전자법규위반,안전운전 의무 불이행,교차로,교차로내,승용차,중형,0,0,980385,1889696,127.2795316,37.0055523
2015,2015120201,20,야간,수,2,6,4,0,0,전북,김제시,차대차,측면직각충돌,측면직각충돌,운전자법규위반,신호위반,교차로,교차로내,화물차,중형,승용차,중형,946285,1756704,126.905473,35.80532027
2015,2015112801,50,야간,토,1,2,1,0,0,경남,함안군,차량단독,공작물충돌,공작물충돌,운전자법규위반,안전운전 의무 불이행,단일로,기타단일로,승용차,소형,0,0,1086740,1697811,128.4537102,35.27201457
2015,2015120710,10,주간,월,1,4,2,1,0,전남,여수시,차대차,정면충돌,정면충돌,운전자법규위반,중앙선 침범,단일로,기타단일로,승용차,중형,승용차,경형,1020919,1647088,127.7287401,34.8181706
2015,2015120319,25,야간,목,1,1,0,0,0,전북,진안군,차량단독,공작물충돌,공작물충돌,운전자법규위반,안전운전 의무 불이행,단일로,기타단일로,화물차,경형,0,0,997036,1754069,127.4672029,35.78302801
2015,2015111810,20,주간,수,1,1,0,0,0,제주,제주시,차대차,정면충돌,정면충돌,운전자법규위반,안전운전 의무 불이행,단일로,기타단일로,화물차,대형,이륜차,소형,890962,1492328,126.3272507,33.41710145
2015,2015122318,35,야간,수,1,1,0,0,0,전남,신안군,차대사람,횡단중,횡단중,운전자법규위반,보행자 보호의무 위반,단일로,횡단보도상,승용차,소형,보행자,보행자,884347,1674615,126.2317022,35.05997997
2015,2015122118,33,야간,월,1,2,1,0,0,경북,봉화군,차대차,정면충돌,정면충돌,운전자법규위반,중앙선 침범,단일로,기타단일로,화물차,소형,승용차,경형,1111779,1870660,128.7534282,36.82754881
2015,2015121908,35,주간,토,2,11,4,5,0,전남,담양군,차대차,기타,기타,운전자법규위반,과속,단일로,기타단일로,승용차,중형,승용차,대형,950555,1692448,126.9566501,35.22619578
2015,2015122315,5,주간,수,1,1,0,0,0,경기,군포시,차대사람,횡단중,횡단중,운전자법규위반,신호위반,교차로,교차로부근,승합차,대형,보행자,보행자,950904,1928389,126.9456385,37.35324279
2015,2015122612,0,주간,토,1,1,0,0,0,전남,진도군,차량단독,전도전복,전도전복,운전자법규위반,안전운전 의무 불이행,기타/불명,기타/불명,승용차,중형,0,0,889673,1613519,126.2981152,34.50974984
2015,2015123000,50,야간,수,1,2,1,0,0,충북,진천군,차량단독,전도전복,전도전복,운전자법규위반,안전운전 의무 불이행,교차로,교차로내,승용차,경형,0,0,997955,1880980,127.4770382,36.92718463