발생년,발생년월일시,발생분,주야,요일,사망자수,사상자수,중상자수,경상자수,부상신고자수,발생지시도,발생지시군구,사고유형_대분류,사고유형_중분류,사고유형,법규위반_대분류,법규위반,도로형태_대분류,도로형태,당사자종별_1당_대분류,당사자종별_1당,당사자종별_2당_대분류,당사자종별_2당,발생위치X_UTMK,발생위치Y_UTMK,경도,위도
2015,2015122506,40,주간,금,1,1,0,0,0,대구,달성군,차대사람,횡단중,횡단중,운전자법규위반,신호위반,교차로,교차로내,승용차,중형,보행자,보행자,1086598,1763313,128.4591616,35.86254942
2015,2015123008,10,주간,수,1,1,0,0,0,경기,부천시,차대사람,횡단중,횡단중,운전자법규위반,안전운전 의무 불이행,단일로,기타단일로,승합차,중형,보행자,보행자,936747,1943160,126.784531,37.48551802
2015,2015123002,53,야간,수,1,8,3,4,0,대전,유성구,차대차,측면직각충돌,측면직각충돌,운전자법규위반,신호위반,교차로,교차로내,승용차,중형,승용차,중형,983884,1811917,127.3204945,36.30444824
2015,2015123019,48,야간,수,1,1,0,0,0,강원,강릉시,차대사람,횡단중,횡단중,운전자법규위반,보행자 보호의무 위반,단일로,횡단보도상,화물차,소형,보행자,보행자,1116533,1968570,128.8220639,37.70930486
2015,2015123018,0,야간,수,1,1,0,0,0,전남,화순군,차대사람,횡단중,횡단중,운전자법규위반,안전운전 의무 불이행,단일로,기타단일로,화물차,중형,보행자,보행자,952734,1673960,126.9816521,35.05959722
2015,2015121510,40,주간,화,1,2,1,0,0,제주,서귀포시,차대차,기타,기타,운전자법규위반,중앙선 침범,단일로,기타단일로,승용차,경형,화물차,소형,893271,1482353,126.3532616,33.32737894
2015,2015121513,10,주간,화,1,1,0,0,0,충남,천안시,차대사람,횡단중,횡단중,운전자법규위반,안전운전 의무 불이행,단일로,기타단일로,승합차,대형,보행자,보행자,967858,1864602,127.1397973,36.77899954
2015,2015121500,45,야간,화,1,1,0,0,0,경기,화성시,차량단독,전도전복,전도전복,운전자법규위반,안전운전 의무 불이행,교차로,교차로내,승용차,소형,0,0,959100,1911612,127.0391026,37.20241722
2015,2015121113,30,주간,금,1,1,0,0,0,제주,제주시,차대사람,횡단중,횡단중,운전자법규위반,안전운전 의무 불이행,기타/불명,기타/불명,화물차,소형,보행자,보행자,889217,1495862,126.3080503,33.4487915
2015,2015121206,55,주간,토,1,1,0,0,0,울산,울주군,차대사람,보도통행중,보도통행중,운전자법규위반,신호위반,단일로,횡단보도상,승합차,소형,보행자,보행자,1158790,1730658,129.2520476,35.55921615
2015,2015030804,29,야간,일,1,1,0,0,0,충북,보은군,차대차,추돌,진행중 추돌,운전자법규위반,안전거리 미확보,단일로,기타단일로,화물차,대형,승용차,대형,1026101,1828714,127.791285,36.45565875
2015,2015030311,17,주간,화,1,1,0,0,0,경남,양산시,차량단독,공작물충돌,공작물충돌,운전자법규위반,안전운전 의무 불이행,단일로,기타단일로,화물차,대형,0,0,1138265,1704050,129.0211375,35.32246079
2015,2015030919,40,야간,월,1,1,0,0,0,경남,김해시,차대차,기타,기타,운전자법규위반,안전운전 의무 불이행,단일로,기타단일로,승용차,경형,화물차,대형,1110788,1698846,128.7182113,35.27897212
2015,2015020906,0,주간,월,1,3,0,1,1,충남,공주시,차대차,기타,기타,운전자법규위반,안전운전 의무 불이행,단일로,기타단일로,승용차,중형,화물차,중형,965553,1844229,127.1148834,36.59526202
2015,2015022606,0,주간,목,1,3,2,0,0,대전,동구,차대차,기타,기타,운전자법규위반,안전운전 의무 불이행,단일로,기타단일로,승용차,중형,화물차,소형,998392,1816016,127.4820811,36.34153601
2015,2015071106,27,주간,토,1,4,0,0,3,경기,안양시,차대차,측면직각충돌,측면직각충돌,운전자법규위반,안전운전 의무 불이행,단일로,기타단일로,승합차,소형,화물차,소형,946266,1930393,126.8931262,37.37104858
2015,2015071822,5,야간,토,5,6,1,0,0,전북,남원시,차대차,정면충돌,정면충돌,운전자법규위반,중앙선 침범,단일로,기타단일로,화물차,소형,화물차,대형,1006099,1720705,127.5672339,35.48218737
2015,2015072521,5,야간,토,1,2,0,1,0,전북,정읍시,차량단독,공작물충돌,공작물충돌,운전자법규위반,안전운전 의무 불이행,단일로,기타단일로,승용차,중형,0,0,949833,1742972,126.9456003,35.68170163
2015,2015062409,10,주간,수,1,1,0,0,0,충북,충주시,차대차,기타,기타,운전자법규위반,기타(운전자법규위반),단일로,기타단일로,화물차,대형,화물차,소형,1031760,1892336,127.857085,37.02901781
2015,2015113002,23,야간,월,2,3,1,0,0,경기,오산시,차대차,기타,기타,운전자법규위반,안전운전 의무 불이행,단일로,기타단일로,승용차,중형,승합차,중형,963260,1904287,127.1173231,37.10338512
2015,2015101604,51,야간,금,1,2,0,0,1,경남,양산시,차대차,추돌,진행중 추돌,운전자법규위반,안전운전 의무 불이행,단일로,기타단일로,승용차,경형,승용차,소형,1140431,1708576,129.0457363,35.36295442
2015,2015090902,15,야간,수,1,3,1,0,1,경북,칠곡군,차대차,추돌,주정차중 추돌,운전자법규위반,안전운전 의무 불이행,단일로,기타단일로,화물차,대형,화물차,대형,1083615,1777489,128.4276173,35.99060345
2015,2015062704,30,야간,토,1,1,0,0,0,충남,당진시,차대차,추돌,주정차중 추돌,운전자법규위반,안전운전 의무 불이행,단일로,기타단일로,화물차,대형,승용차,중형,930996,1878709,126.725443,36.90418995
2015,2015060922,45,야간,화,1,2,1,0,0,전북,고창군,차대차,추돌,진행중 추돌,운전자법규위반,안전운전 의무 불이행,단일로,기타단일로,화물차,대형,화물차,대형,925113,1719472,126.6746747,35.46825672
2015,2015110404,25,야간,수,1,1,0,0,0,경기,성남시,차대차,기타,기타,운전자법규위반,안전운전 의무 불이행,단일로,기타단일로,화물차,대형,승용차,중형,964482,1934281,127.0986658,37.40697021
2015,2015062602,48,야간,금,1,4,2,0,1,경기,부천시,차대차,측면직각충돌,측면직각충돌,운전자법규위반,안전운전 의무 불이행,단일로,기타단일로,화물차,중형,승용차,중형,934729,1947462,126.7613247,37.52415112
2015,2015122113,18,주간,월,1,1,0,0,0,충남,부여군,차대차,추돌,진행중 추돌,운전자법규위반,안전운전 의무 불이행,단일로,기타단일로,화물차,중형,승용차,중형,960765,1809142,127.0631315,36.27876701
2015,2015121906,40,주간,토,1,2,0,1,0,대구,달성군,차대차,추돌,주정차중 추돌,운전자법규위반,안전운전 의무 불이행,단일로,기타단일로,화물차,대형,화물차,대형,1083428,1752836,128.422961,35.76837394
2015,2015010421,30,야간,일,1,1,0,0,0,경북,예천군,차량단독,공작물충돌,공작물충돌,운전자법규위반,안전운전 의무 불이행,단일로,기타단일로,이륜차,중형,0,0,1085781,1853349,128.4599977,36.67423129
2015,2015010315,21,주간,토,1,1,0,0,0,경기,성남시,차량단독,기타,기타,운전자법규위반,안전운전 의무 불이행,기타/불명,기타/불명,승합차,대형,0,0,969891,1937684,127.1596447,37.43783525
2015,2015011221,25,야간,월,1,1,0,0,0,경기,남양주시,차대차,추돌,주정차중 추돌,운전자법규위반,안전운전 의무 불이행,단일로,기타단일로,화물차,경형,화물차,대형,967801,1964359,127.1348481,37.67819717
2015,2015011406,55,주간,수,1,1,0,0,0,대전,유성구,차대사람,횡단중,횡단중,운전자법규위반,안전운전 의무 불이행,단일로,기타단일로,승용차,중형,보행자,보행자,984800,1817492,127.3305884,36.35472402
2015,2015011117,10,주간,일,1,5,3,1,0,강원,영월군,차대차,측면직각충돌,측면직각충돌,운전자법규위반,안전운전 의무 불이행,단일로,기타단일로,승용차,중형,승용차,중형,1085256,1910943,128.4606164,37.19338869
2015,2015011118,20,야간,일,1,1,0,0,0,울산,울주군,차대사람,횡단중,횡단중,운전자법규위반,안전운전 의무 불이행,단일로,기타단일로,승용차,대형,보행자,보행자,1152224,1718633,129.1773727,35.45186807
2015,2015011213,50,주간,월,1,1,0,0,0,전남,여수시,차량단독,전도전복,전도전복,운전자법규위반,안전운전 의무 불이행,단일로,기타단일로,농기계,농기계,0,0,1005539,1629438,127.5604507,34.65920592
2015,2015011102,30,야간,일,1,1,0,0,0,서울,성북구,차대차,추돌,주정차중 추돌,운전자법규위반,안전운전 의무 불이행,단일로,기타단일로,이륜차,중형,승합차,소형,960793,1957030,127.0551117,37.61256826
2015,2015011406,50,주간,수,1,2,0,1,0,경기,용인시,차대사람,횡단중,횡단중,운전자법규위반,안전운전 의무 불이행,단일로,기타단일로,승용차,소형,보행자,보행자,973282,1914975,127.1987948,37.23324519
2015,2015011401,0,야간,수,1,2,1,0,0,전남,장흥군,차량단독,공작물충돌,공작물충돌,운전자법규위반,안전운전 의무 불이행,교차로,교차로내,승용차,중형,0,0,952317,1616335,126.9803502,34.53995195
2015,2015011419,30,야간,수,1,1,0,0,0,전남,여수시,차대사람,횡단중,횡단중,운전자법규위반,안전운전 의무 불이행,단일로,기타단일로,승용차,중형,보행자,보행자,1016009,1640096,127.6749185,34.75520781
2015,2015012100,30,야간,수,1,4,3,0,0,강원,원주시,차대차,측면직각충돌,측면직각충돌,운전자법규위반,과속,교차로,교차로내,승용차,중형,승합차,중형,1039338,1926275,127.9440715,37.334653
2015,2015012009,25,주간,화,1,1,0,0,0,전남,강진군,차대사람,길가장자리구역통행중,길가장자리구역통행중,운전자법규위반,안전운전 의무 불이행,단일로,기타단일로,원동기장치자전거,원동기장치자전거,보행자,보행자,937318,1606404,126.81763,34.44959374
2015,2015012011,45,주간,화,1,1,0,0,0,전북,전주시,차대사람,횡단중,횡단중,운전자법규위반,중앙선 침범,단일로,횡단보도상,승용차,경형,보행자,보행자,963599,1757365,127.097072,35.81207478
2015,2015012219,0,야간,목,1,1,0,0,0,경기,평택시,차대사람,횡단중,횡단중,운전자법규위반,안전운전 의무 불이행,단일로,기타단일로,승용차,소형,보행자,보행자,959093,1886124,127.040413,36.97266796
2015,2015012920,20,야간,목,1,1,0,0,0,경기,수원시,차대사람,횡단중,횡단중,운전자법규위반,안전운전 의무 불이행,교차로,교차로내,승합차,소형,보행자,보행자,960770,1916749,127.0576507,37.24879292
2015,2015012919,0,야간,목,1,4,3,0,0,전남,강진군,차대차,정면충돌,정면충돌,운전자법규위반,중앙선 침범,단일로,기타단일로,승용차,소형,승용차,경형,927888,1620518,126.7137863,34.57624811
2015,2015012800,56,야간,수,1,1,0,0,0,충남,보령시,차대사람,횡단중,횡단중,운전자법규위반,안전운전 의무 불이행,교차로,교차로부근,승용차,대형,보행자,보행자,919378,1816902,126.6015367,36.34614736
2015,2015012807,5,주간,수,1,1,0,0,0,서울,성북구,차대사람,차도통행중,차도통행중,운전자법규위반,안전운전 의무 불이행,단일로,기타단일로,승용차,중형,보행자,보행자,960979,1957450,127.0578547,37.61566026
2015,2015012618,10,야간,월,1,1,0,0,0,경북,경산시,차대사람,횡단중,횡단중,운전자법규위반,안전운전 의무 불이행,교차로,교차로부근,승용차,중형,보행자,보행자,1119753,1758400,128.8255742,35.81477233
2015,2015012622,10,야간,월,1,1,0,0,0,세종,세종,차대차,추돌,주정차중 추돌,운전자법규위반,안전운전 의무 불이행,단일로,기타단일로,승용차,중형,승용차,중형,977446,1851702,127.2476258,36.66298587
2015,2015012619,30,야간,월,1,1,0,0,0,대구,달서구,차대사람,기타,기타,운전자법규위반,안전운전 의무 불이행,단일로,기타단일로,승용차,중형,보행자,보행자,1090738,1762215,128.5048853,35.8522764
2015,2015020318,27,야간,화,1,1,0,0,0,충남,공주시,차량단독,도로이탈,도로이탈 기타,운전자법규위반,안전운전 의무 불이행,단일로,기타단일로,농기계,농기계,0,0,956447,1820274,127.0144311,36.37893807
2015,2015072102,8,야간,화,1,2,0,1,0,대구,수성구,차대차,기타,기타,운전자법규위반,중앙선 침범,단일로,기타단일로,이륜차,중형,승용차,중형,1100126,1762448,128.608866,35.85346237
2015,2015072912,0,주간,수,1,1,0,0,0,대구,달성군,차량단독,도로이탈,도로이탈 추락,운전자법규위반,안전운전 의무 불이행,교차로,교차로부근,이륜차,소형,0,0,1081334,1763366,128.4008695,35.86347852
2015,2015080309,26,주간,월,1,1,0,0,0,인천,중구,차대사람,차도통행중,차도통행중,운전자법규위반,안전운전 의무 불이행,교차로,교차로내,승용차,소형,보행자,보행자,900401,1939132,126.3740172,37.44601323
2015,2015080310,30,주간,월,1,4,0,3,0,경기,양평군,차대차,측면직각충돌,측면직각충돌,운전자법규위반,교차로 통행방법 위반,교차로,교차로내,승용차,소형,승용차,소형,1000029,1942628,127.500328,37.48288914
2015,2015080204,40,야간,일,2,3,1,0,0,대구,남구,차대차,측면직각충돌,측면직각충돌,운전자법규위반,중앙선 침범,단일로,기타단일로,자전거,자전거,이륜차,소형,1096613,1761892,128.5698994,35.84880298
2015,2015080204,5,야간,일,1,1,0,0,0,경기,고양시,차량단독,공작물충돌,공작물충돌,운전자법규위반,중앙선 침범,단일로,기타단일로,승용차,중형,0,0,944099,1963988,126.8660966,37.67371495
2015,2015080122,25,야간,토,1,1,0,0,0,제주,제주시,차량단독,공작물충돌,공작물충돌,운전자법규위반,안전운전 의무 불이행,단일로,기타단일로,이륜차,소형,0,0,945227,1499859,126.9103937,33.48917002
2015,2015080420,5,야간,화,1,2,0,1,0,전북,고창군,차대차,추돌,진행중 추돌,운전자법규위반,안전운전 의무 불이행,단일로,기타단일로,원동기장치자전거,원동기장치자전거,농기계,농기계,925115,1725299,126.6740996,35.52080124
2015,2015080423,0,야간,화,1,1,0,0,0,경기,남양주시,차대사람,횡단중,횡단중,운전자법규위반,안전운전 의무 불이행,교차로,교차로부근,화물차,소형,보행자,보행자,972758,1958700,127.1912733,37.62735154
2015,2015080921,54,야간,일,1,1,0,0,0,인천,남구,차대차,측면직각충돌,측면직각충돌,운전자법규위반,안전운전 의무 불이행,단일로,기타단일로,승용차,중형,이륜차,중형,927973,1939399,126.6856627,37.45097821
2015,2015081223,5,야간,수,1,3,1,1,0,경남,창원시(통합),차량단독,공작물충돌,공작물충돌,운전자법규위반,안전운전 의무 불이행,단일로,기타단일로,승용차,중형,0,0,1109025,1688440,128.6974499,35.18535445
2015,2015081809,0,주간,화,1,1,0,0,0,울산,남구,차대차,측면직각충돌,측면직각충돌,운전자법규위반,안전운전 의무 불이행,교차로,교차로내,승용차,경형,이륜차,소형,1163865,1729544,129.3077938,35.54835006
2015,2015081813,50,주간,화,1,1,0,0,0,충남,예산군,차대차,정면충돌,정면충돌,운전자법규위반,중앙선 침범,단일로,기타단일로,승용차,소형,이륜차,소형,939043,1845016,126.8184547,36.60103026
2015,2015082108,0,주간,금,1,1,0,0,0,전북,남원시,차량단독,도로이탈,도로이탈 기타,운전자법규위반,안전운전 의무 불이행,교차로,교차로부근,승용차,중형,0,0,977763,1713196,127.2550707,35.41425081
2015,2015082020,28,야간,목,1,1,0,0,0,대구,달성군,차대차,추돌,진행중 추돌,운전자법규위반,안전운전 의무 불이행,단일로,기타단일로,승용차,중형,이륜차,소형,1085752,1748546,128.4482093,35.7294992
2015,2015082207,20,주간,토,1,1,0,0,0,서울,은평구,차대사람,횡단중,횡단중,운전자법규위반,안전운전 의무 불이행,단일로,기타단일로,승용차,중형,보행자,보행자,948438,1954280,126.9159824,37.58647095
2015,2015082202,10,야간,토,1,1,0,0,0,경기,화성시,차량단독,공작물충돌,공작물충돌,운전자법규위반,안전운전 의무 불이행,단일로,기타단일로,승용차,중형,0,0,960440,1913667,127.0540934,37.22099843
2015,2015081914,47,주간,수,1,2,1,0,0,충남,홍성군,차량단독,공작물충돌,공작물충돌,운전자법규위반,안전운전 의무 불이행,교차로,교차로내,화물차,소형,0,0,911501,1840978,126.5110139,36.56247421
2015,2015070907,20,주간,목,1,1,0,0,0,전남,영암군,차대사람,횡단중,횡단중,운전자법규위반,안전운전 의무 불이행,단일로,기타단일로,승용차,중형,보행자,보행자,903591,1642101,126.4464572,34.76885559
2015,2015071203,20,야간,일,1,1,0,0,0,경남,창원시(통합),차대사람,횡단중,횡단중,운전자법규위반,안전운전 의무 불이행,단일로,기타단일로,승용차,중형,보행자,보행자,1097886,1693202,128.5756938,35.22943421
2015,2015071709,10,주간,금,1,2,0,1,0,서울,강동구,차대차,정면충돌,정면충돌,운전자법규위반,중앙선 침범,단일로,기타단일로,이륜차,소형,화물차,중형,970430,1950351,127.1652283,37.5520269
2015,2015071711,20,주간,금,1,6,5,0,0,경남,통영시,차대차,측면직각충돌,측면직각충돌,운전자법규위반,안전운전 의무 불이행,교차로,교차로내,화물차,소형,승용차,대형,1082685,1656149,128.4049719,34.89672561
2015,2015071602,5,야간,목,1,1,0,0,0,경기,파주시,차대사람,기타,기타,운전자법규위반,안전운전 의무 불이행,교차로,교차로부근,승용차,중형,보행자,보행자,932756,1968992,126.7370173,37.71805241
2015,2015071521,30,야간,수,1,1,0,0,0,경기,화성시,차량단독,공작물충돌,공작물충돌,운전자법규위반,안전운전 의무 불이행,교차로,교차로부근,승용차,소형,0,0,947875,1897894,126.91357,37.07820705
2015,2015071523,35,야간,수,1,3,0,2,0,인천,부평구,차대차,정면충돌,정면충돌,운전자법규위반,신호위반,교차로,교차로내,승합차,대형,승용차,중형,931190,1945170,126.7214916,37.50323648
2015,2015071903,3,야간,일,1,1,0,0,0,경남,창원시(통합),차대사람,기타,기타,운전자법규위반,안전운전 의무 불이행,단일로,기타단일로,승용차,중형,보행자,보행자,1099008,1693764,128.5880894,35.23439071
2015,2015072120,57,야간,화,1,1,0,0,0,경북,고령군,차대차,추돌,진행중 추돌,운전자법규위반,안전운전 의무 불이행,단일로,교량위,승용차,소형,자전거,자전거,1080302,1750973,128.3881952,35.75183898
2015,2015072723,55,야간,월,1,1,0,0,0,경기,남양주시,차대사람,횡단중,횡단중,운전자법규위반,신호위반,단일로,횡단보도상,승용차,대형,보행자,보행자,974219,1954329,127.2079843,37.5879962
2015,2015072820,30,야간,화,1,1,0,0,0,경북,구미시,차대사람,기타,기타,운전자법규위반,안전운전 의무 불이행,단일로,기타단일로,화물차,소형,보행자,보행자,1072546,1806704,128.3075234,36.25485931
2015,2015072920,25,야간,수,2,2,0,0,0,경북,칠곡군,차량단독,공작물충돌,공작물충돌,운전자법규위반,안전운전 의무 불이행,단일로,기타단일로,승용차,중형,0,0,1089646,1768724,128.4935261,35.91105402
2015,2015080219,0,야간,일,1,8,6,1,0,충남,서천군,차대차,기타,기타,운전자법규위반,중앙선 침범,단일로,기타단일로,승용차,중형,승합차,소형,922650,1790534,126.6406013,36.10871947
2015,2015080710,50,주간,금,1,2,0,1,0,광주,광산구,차대차,측면직각충돌,측면직각충돌,운전자법규위반,중앙선 침범,단일로,기타단일로,승용차,대형,화물차,대형,926897,1685608,126.6972988,35.16307855
2015,2015080712,15,주간,금,1,1,0,0,0,전남,여수시,차대사람,횡단중,횡단중,운전자법규위반,안전운전 의무 불이행,교차로,교차로부근,화물차,대형,보행자,보행자,1012638,1642061,127.6381157,34.77297506
2015,2015080515,40,주간,수,1,1,0,0,0,충남,예산군,차량단독,기타,기타,운전자법규위반,안전운전 의무 불이행,단일로,기타단일로,원동기장치자전거,원동기장치자전거,0,0,939211,1858240,126.8192841,36.7202462
2015,2015080511,45,주간,수,1,1,0,0,0,경남,김해시,차대차,기타,기타,운전자법규위반,중앙선 침범,단일로,기타단일로,승용차,중형,승용차,경형,1118602,1687302,128.8024497,35.17401002
2015,2015080510,10,주간,수,1,4,0,3,0,전남,무안군,차대차,측면직각충돌,측면직각충돌,운전자법규위반,신호위반,교차로,교차로내,승용차,중형,승용차,중형,894511,1663101,126.349698,34.96177421
2015,2015080423,40,야간,화,1,1,0,0,0,강원,태백시,차대사람,보도통행중,보도통행중,운전자법규위반,보행자 보호의무 위반,단일로,기타단일로,화물차,소형,보행자,보행자,1129688,1912045,128.9613193,37.19820289
2015,2015080905,15,야간,일,1,1,0,0,0,전북,군산시,차대사람,보도통행중,보도통행중,운전자법규위반,안전운전 의무 불이행,교차로,교차로부근,승용차,대형,보행자,보행자,929693,1776205,126.7201209,35.98007871
2015,2015081711,50,주간,월,1,6,3,2,0,경기,하남시,차대차,기타,기타,운전자법규위반,안전운전 의무 불이행,교차로,교차로부근,화물차,중형,승용차,중형,975151,1949940,127.2186895,37.54846179
2015,2015081723,0,야간,월,1,2,1,0,0,강원,인제군,차량단독,기타,기타,운전자법규위반,안전운전 의무 불이행,단일로,기타단일로,승용차,중형,0,0,1078420,2011483,128.3944017,38.10009018
2015,2015081704,43,야간,월,1,1,0,0,0,서울,관악구,차대사람,횡단중,횡단중,운전자법규위반,과속,단일로,기타단일로,승용차,중형,보행자,보행자,951093,1942654,126.9468275,37.48182853
2015,2015081807,11,주간,화,1,3,2,0,0,부산,서구,차대사람,길가장자리구역통행중,길가장자리구역통행중,운전자법규위반,안전운전 의무 불이행,단일로,기타단일로,승용차,중형,보행자,보행자,1138569,1680923,129.0205871,35.11395366
2015,2015101719,30,야간,토,1,3,1,1,0,충남,부여군,차량단독,전도전복,전도전복,운전자법규위반,안전거리 미확보,단일로,기타단일로,승용차,대형,0,0,947983,1810726,126.9207084,36.29244227
2015,2015101720,13,야간,토,1,2,1,0,0,경기,이천시,차대차,추돌,진행중 추돌,운전자법규위반,안전운전 의무 불이행,단일로,기타단일로,승용차,중형,농기계,농기계,987191,1917373,127.3555559,37.25515582
2015,2015101918,8,야간,월,1,1,0,0,0,경북,영천시,차대사람,길가장자리구역통행중,길가장자리구역통행중,운전자법규위반,안전운전 의무 불이행,단일로,기타단일로,승용차,소형,보행자,보행자,1135127,1784936,129.0002164,36.05194335
2015,2015101918,55,야간,월,2,3,1,0,0,전북,순창군,차대차,기타,기타,운전자법규위반,안전운전 의무 불이행,단일로,기타단일로,화물차,소형,농기계,농기계,977867,1718397,127.2560748,35.46114901
2015,2015101809,25,주간,일,1,1,0,0,0,경남,창원시(통합),차량단독,공작물충돌,공작물충돌,운전자법규위반,안전운전 의무 불이행,단일로,기타단일로,화물차,소형,0,0,1109889,1705973,128.709284,35.34332091
2015,2015112503,35,야간,수,1,1,0,0,0,경기,오산시,차량단독,공작물충돌,공작물충돌,운전자법규위반,안전운전 의무 불이행,단일로,기타단일로,승용차,대형,0,0,962055,1904159,127.0727796,37.13536134
2015,2015112019,20,야간,금,1,1,0,0,0,전남,무안군,차량단독,전도전복,전도전복,운전자법규위반,안전운전 의무 불이행,교차로,교차로부근,이륜차,소형,0,0,906721,1667675,126.477805,34.99972648
2015,2015112019,37,야간,금,1,1,0,0,0,전남,무안군,차대사람,길가장자리구역통행중,길가장자리구역통행중,운전자법규위반,안전운전 의무 불이행,단일로,기타단일로,승용차,중형,보행자,보행자,901231,1650677,126.4196629,34.84595197
2015,2015112308,20,주간,월,1,1,0,0,0,서울,양천구,차대사람,횡단중,횡단중,운전자법규위반,안전운전 의무 불이행,교차로,교차로내,승용차,대형,보행자,보행자,941409,1947252,126.8369345,37.522707
2015,2015111900,18,야간,목,1,1,0,0,0,서울,종로구,차대사람,기타,기타,운전자법규위반,안전운전 의무 불이행,단일로,기타단일로,승용차,중형,보행자,보행자,954541,1953139,126.9851762,37.57650869
2015,2015111822,20,야간,수,1,1,0,0,0,충북,청주시,차대사람,횡단중,횡단중,운전자법규위반,안전운전 의무 불이행,교차로,교차로부근,승용차,경형,보행자,보행자,984743,1846030,127.32939,36.61199816
2015,2015101220,50,야간,월,1,1,0,0,0,부산,동구,차량단독,공작물충돌,공작물충돌,운전자법규위반,안전운전 의무 불이행,단일로,기타단일로,승용차,중형,0,0,1142000,1682693,129.0585289,35.12943022
2015,2015101612,8,주간,금,1,1,0,0,0,대구,동구,차대사람,횡단중,횡단중,운전자법규위반,보행자 보호의무 위반,단일로,횡단보도상,승용차,중형,보행자,보행자,1108772,1764689,128.7049054,35.87274137
2015,2015101209,27,주간,월,1,1,0,0,0,전북,정읍시,차대사람,횡단중,횡단중,운전자법규위반,안전운전 의무 불이행,교차로,교차로부근,승합차,소형,보행자,보행자,941342,1730679,126.8526645,35.57040018
2015,2015112319,20,야간,월,1,1,0,0,0,충남,서천군,차대사람,횡단중,횡단중,운전자법규위반,안전운전 의무 불이행,교차로,교차로내,화물차,소형,보행자,보행자,931161,1780743,126.7360088,36.02109415
2015,2015112600,1,야간,목,1,2,1,0,0,경기,고양시,차량단독,공작물충돌,공작물충돌,운전자법규위반,안전운전 의무 불이행,단일로,기타단일로,승용차,중형,0,0,944269,1956039,126.8686308,37.6020817
2015,2015112608,55,주간,목,1,1,0,0,0,경남,통영시,차대사람,횡단중,횡단중,운전자법규위반,중앙선 침범,단일로,기타단일로,승용차,경형,보행자,보행자,1084394,1650316,128.4230864,34.84399191
2015,2015113014,0,주간,월,1,1,0,0,0,서울,강동구,차대사람,차도통행중,차도통행중,운전자법규위반,안전운전 의무 불이행,교차로,교차로내,특수차,대형,보행자,보행자,971234,1949693,127.1743563,37.5461215
2015,2015112708,54,주간,금,1,1,0,0,0,충북,보은군,차량단독,공작물충돌,공작물충돌,운전자법규위반,안전운전 의무 불이행,교차로,교차로내,승용차,대형,0,0,1028346,1836006,127.816606,36.52133286
2015,2015112804,2,야간,토,1,1,0,0,0,충남,아산시,차대사람,차도통행중,차도통행중,운전자법규위반,안전운전 의무 불이행,단일로,기타단일로,승용차,소형,보행자,보행자,953909,1867829,126.9832859,36.80751292
2015,2015112506,5,주간,수,1,1,0,0,0,경북,구미시,차대사람,횡단중,횡단중,운전자법규위반,안전운전 의무 불이행,기타/불명,기타/불명,화물차,소형,보행자,보행자,1075989,1791260,128.3443488,36.11537172
2015,2015112514,40,주간,수,1,1,0,0,0,부산,금정구,차대사람,기타,기타,운전자법규위반,보행자 보호의무 위반,교차로,교차로부근,승용차,경형,보행자,보행자,1144879,1693987,129.0921011,35.23082038
2015,2015120709,10,주간,월,1,1,0,0,0,경북,경주시,차대사람,기타,기타,운전자법규위반,안전운전 의무 불이행,단일로,기타단일로,불명,불명,보행자,보행자,1161607,1750250,129.2870452,35.73532532
2015,2015120708,45,주간,월,1,1,0,0,0,충남,당진시,차대사람,횡단중,횡단중,운전자법규위반,보행자 보호의무 위반,단일로,횡단보도상,화물차,소형,보행자,보행자,931417,1881936,126.7298758,36.93330799
2015,2015120821,5,야간,화,1,1,0,0,0,경기,시흥시,차대차,추돌,진행중 추돌,운전자법규위반,안전운전 의무 불이행,단일로,기타단일로,승용차,경형,자전거,자전거,939222,1936943,126.8130372,37.4296499
2015,2015120706,5,주간,월,1,1,0,0,0,대구,달서구,차대차,기타,기타,운전자법규위반,보행자 보호의무 위반,교차로,교차로부근,승용차,중형,승용차,중형,1093376,1759931,128.5338286,35.83143894
2015,2015120806,55,주간,화,1,1,0,0,0,전북,전주시,차대사람,횡단중,횡단중,운전자법규위반,안전운전 의무 불이행,단일로,횡단보도상,승용차,대형,보행자,보행자,967632,1760814,127.1415732,35.84331239
2015,2015121002,40,야간,목,1,2,1,0,0,광주,광산구,차량단독,공작물충돌,공작물충돌,운전자법규위반,안전운전 의무 불이행,단일로,기타단일로,승용차,경형,0,0,935052,1685256,126.7868653,35.16046495
2015,2015111517,55,주간,일,1,1,0,0,0,전남,나주시,차대차,추돌,주정차중 추돌,운전자법규위반,안전운전 의무 불이행,단일로,기타단일로,화물차,소형,승용차,중형,938054,1666782,126.8212064,34.99408015
2015,2015111218,10,야간,목,1,1,0,0,0,경북,고령군,차대사람,횡단중,횡단중,운전자법규위반,보행자 보호의무 위반,단일로,횡단보도상,승용차,중형,보행자,보행자,1071110,1746788,128.2861636,35.71481683
2015,2015111220,29,야간,목,1,1,0,0,0,전남,목포시,차대사람,횡단중,횡단중,운전자법규위반,안전운전 의무 불이행,단일로,기타단일로,승용차,소형,보행자,보행자,899140,1646142,126.3973403,34.80485901