발생년,발생년월일시,발생분,주야,요일,사망자수,사상자수,중상자수,경상자수,부상신고자수,발생지시도,발생지시군구,사고유형_대분류,사고유형_중분류,사고유형,법규위반_대분류,법규위반,도로형태_대분류,도로형태,당사자종별_1당_대분류,당사자종별_1당,당사자종별_2당_대분류,당사자종별_2당,발생위치X_UTMK,발생위치Y_UTMK,경도,위도
2015,2015081716,25,주간,월,1,1,0,0,0,경기,파주시,차대차,측면직각충돌,측면직각충돌,운전자법규위반,안전운전 의무 불이행,단일로,기타단일로,원동기장치자전거,원동기장치자전거,화물차,중형,938639,1977138,126.8030756,37.7918822
2015,2015081804,40,야간,화,1,1,0,0,0,전북,전주시,차대사람,차도통행중,차도통행중,운전자법규위반,안전운전 의무 불이행,교차로,교차로내,승용차,중형,보행자,보행자,965299,1759792,127.1157837,35.83401823
2015,2015081508,35,주간,토,1,2,1,0,0,경남,산청군,차대차,측면직각충돌,측면직각충돌,운전자법규위반,안전운전 의무 불이행,단일로,기타단일로,승용차,경형,화물차,소형,1045496,1704371,128.0006172,35.33388865
2015,2015081605,30,야간,일,1,1,0,0,0,충북,청주시,차대차,추돌,진행중 추돌,운전자법규위반,안전운전 의무 불이행,단일로,기타단일로,승용차,중형,자전거,자전거,999114,1858911,127.4900775,36.7282412
2015,2015081523,20,야간,토,1,1,0,0,0,경기,용인시,차량단독,공작물충돌,공작물충돌,운전자법규위반,안전운전 의무 불이행,단일로,터널안,원동기장치자전거,원동기장치자전거,0,0,963790,1925775,127.0912629,37.33027341
2015,2015082112,15,주간,금,1,2,0,0,1,경북,구미시,차대차,기타,기타,운전자법규위반,안전거리 미확보,단일로,기타단일로,승용차,중형,농기계,농기계,1076348,1794787,128.3486797,36.14713858
2015,2015082109,35,주간,금,1,2,1,0,0,경북,영양군,차대차,측면직각충돌,측면직각충돌,운전자법규위반,신호위반,교차로,교차로내,화물차,대형,화물차,소형,1141891,1845567,129.0863257,36.59738766
2015,2015082111,9,주간,금,1,1,0,0,0,충남,홍성군,차대사람,기타,기타,운전자법규위반,안전운전 의무 불이행,단일로,기타단일로,승합차,대형,보행자,보행자,923625,1840172,126.6465661,36.5562557
2015,2015082006,50,주간,목,1,2,1,0,0,전남,광양시,차대차,기타,기타,운전자법규위반,신호위반,교차로,교차로내,승용차,중형,승용차,대형,1020319,1661582,127.7225314,34.94888308
2015,2015082104,20,야간,금,1,2,1,0,0,경기,성남시,차량단독,기타,기타,운전자법규위반,과속,단일로,기타단일로,이륜차,소형,0,0,966685,1940221,127.1232898,37.46059271
2015,2015082102,50,야간,금,1,2,1,0,0,강원,동해시,차량단독,공작물충돌,공작물충돌,운전자법규위반,안전운전 의무 불이행,교차로,교차로부근,승용차,중형,0,0,1143055,1948546,129.1189376,37.52513403
2015,2015070723,45,야간,화,1,1,0,0,0,서울,은평구,차대사람,횡단중,횡단중,운전자법규위반,안전운전 의무 불이행,단일로,기타단일로,승용차,중형,보행자,보행자,947487,1953539,126.9052646,37.5797385
2015,2015071622,19,야간,목,1,1,0,0,0,충북,청주시,차대사람,횡단중,횡단중,운전자법규위반,안전운전 의무 불이행,단일로,횡단보도상,승용차,소형,보행자,보행자,995046,1848436,127.4445867,36.6337975
2015,2015072705,20,야간,월,1,4,3,0,0,전남,광양시,차대차,정면충돌,정면충돌,운전자법규위반,중앙선 침범,단일로,기타단일로,승용차,중형,승용차,중형,1010988,1662821,127.620356,34.96019997
2015,2015122205,50,야간,화,1,1,0,0,0,대구,서구,차대사람,횡단중,횡단중,운전자법규위반,안전운전 의무 불이행,단일로,기타단일로,화물차,소형,보행자,보행자,1095790,1764383,128.5610861,35.87133916
2015,2015121810,15,주간,금,1,1,0,0,0,울산,울주군,차대사람,기타,기타,운전자법규위반,안전운전 의무 불이행,단일로,기타단일로,승용차,소형,보행자,보행자,1146036,1727783,129.1108567,35.53526631
2015,2015121806,32,주간,금,2,5,2,1,0,부산,강서구,차대차,측면직각충돌,측면직각충돌,운전자법규위반,중앙선 침범,단일로,기타단일로,화물차,소형,건설기계,건설기계,1129205,1681627,128.9179702,35.12154519
2015,2015123021,20,야간,수,1,2,0,1,0,경기,용인시,차대차,정면충돌,정면충돌,운전자법규위반,안전운전 의무 불이행,단일로,기타단일로,화물차,대형,화물차,대형,973618,1908972,127.202795,37.17914375
2015,2015122822,35,야간,월,1,1,0,0,0,경남,남해군,차대사람,횡단중,횡단중,운전자법규위반,보행자 보호의무 위반,교차로,교차로부근,승용차,중형,보행자,보행자,1038507,1647226,127.92106,34.8189015
2015,2015122509,38,주간,금,1,1,0,0,0,경기,고양시,차대사람,기타,기타,운전자법규위반,안전운전 의무 불이행,단일로,기타단일로,승합차,대형,보행자,보행자,941418,1958048,126.8361732,37.6200114
2015,2015112117,35,주간,토,1,1,0,0,0,경북,영천시,차대사람,횡단중,횡단중,운전자법규위반,안전운전 의무 불이행,단일로,기타단일로,승용차,경형,보행자,보행자,1136040,1778778,129.0092905,35.99631546
2015,2015112021,45,야간,금,1,2,0,0,1,경기,수원시,차대차,정면충돌,정면충돌,운전자법규위반,신호위반,교차로,교차로내,이륜차,소형,승용차,중형,955038,1922031,126.9927007,37.29614399
2015,2015113002,35,야간,월,1,2,1,0,0,경기,오산시,차대차,추돌,진행중 추돌,운전자법규위반,안전운전 의무 불이행,단일로,기타단일로,승용차,경형,승용차,중형,963183,1904589,127.0854582,37.13928244
2015,2015113012,15,주간,월,3,11,6,2,0,경남,고성군,차대차,정면충돌,정면충돌,운전자법규위반,직진 및 우회전차의 통행방해,교차로,교차로내,화물차,소형,승합차,경형,1063377,1660836,128.1940209,34.94037741
2015,2015113018,45,야간,월,1,1,0,0,0,충남,보령시,차대사람,횡단중,횡단중,운전자법규위반,안전운전 의무 불이행,교차로,교차로부근,화물차,소형,보행자,보행자,916702,1815945,126.5720237,36.33728898
2015,2015112617,40,주간,목,1,1,0,0,0,경기,김포시,차대사람,횡단중,횡단중,운전자법규위반,안전운전 의무 불이행,단일로,기타단일로,승합차,소형,보행자,보행자,918066,1967300,126.5705464,37.70160741
2015,2015120815,5,주간,화,1,1,0,0,0,충남,금산군,차대차,추돌,진행중 추돌,운전자법규위반,앞지르기 금지위반,교차로,교차로내,이륜차,소형,화물차,소형,1004555,1790703,127.550612,36.11331475
2015,2015121304,30,야간,일,1,1,0,0,0,경남,남해군,차량단독,전도전복,전도전복,운전자법규위반,안전운전 의무 불이행,단일로,기타단일로,승용차,중형,0,0,1047404,1656015,128.0188396,34.89777886
2015,2015121107,0,주간,금,1,1,0,0,0,경북,안동시,차대사람,횡단중,횡단중,운전자법규위반,안전운전 의무 불이행,단일로,기타단일로,승용차,중형,보행자,보행자,1112563,1840428,128.7577713,36.55498347
2015,2015121407,14,주간,월,1,2,0,1,0,전북,전주시,차대차,정면충돌,정면충돌,운전자법규위반,중앙선 침범,단일로,기타단일로,원동기장치자전거,원동기장치자전거,승용차,경형,968267,1757508,127.1487362,35.81352616
2015,2015121207,5,주간,토,1,1,0,0,0,서울,동대문구,차대사람,횡단중,횡단중,운전자법규위반,안전운전 의무 불이행,기타/불명,기타/불명,승합차,대형,보행자,보행자,959150,1953292,127.037363,37.57810381
2015,2015121618,40,야간,수,1,1,0,0,0,경남,함안군,차대사람,횡단중,횡단중,운전자법규위반,안전운전 의무 불이행,교차로,교차로내,승용차,중형,보행자,보행자,1085489,1705790,128.4407896,35.34405899
2015,2015111714,50,주간,화,1,1,0,0,0,강원,정선군,차량단독,공작물충돌,공작물충돌,운전자법규위반,안전운전 의무 불이행,단일로,기타단일로,화물차,소형,0,0,1119169,1943150,128.8478233,37.4799058
2015,2015111501,20,야간,일,1,1,0,0,0,광주,서구,차대사람,차도통행중,차도통행중,운전자법규위반,신호위반,교차로,교차로내,승용차,중형,보행자,보행자,941508,1682097,126.8579723,35.13237785
2015,2015111322,0,야간,금,1,1,0,0,0,충남,아산시,차대사람,횡단중,횡단중,운전자법규위반,신호위반,교차로,교차로부근,승용차,중형,보행자,보행자,962097,1871155,127.0749111,36.83785838
2015,2015111318,45,야간,금,1,1,0,0,0,충남,예산군,차대사람,길가장자리구역통행중,길가장자리구역통행중,운전자법규위반,안전운전 의무 불이행,교차로,교차로내,승용차,경형,보행자,보행자,939860,1859935,126.8264178,36.73556664
2015,2015111403,30,야간,토,1,1,0,0,0,서울,광진구,차대차,추돌,주정차중 추돌,운전자법규위반,안전거리 미확보,단일로,기타단일로,불명,불명,승용차,소형,961986,1950428,127.0696292,37.55241119
2015,2015111613,10,주간,월,1,1,0,0,0,충북,보은군,차대차,정면충돌,정면충돌,운전자법규위반,중앙선 침범,단일로,기타단일로,자전거,자전거,화물차,소형,1019831,1832682,127.7214146,36.49158116
2015,2015122411,46,주간,목,1,1,0,0,0,전남,나주시,차대사람,횡단중,횡단중,운전자법규위반,신호위반,단일로,횡단보도상,원동기장치자전거,원동기장치자전거,보행자,보행자,931803,1671412,126.7523341,35.03542495
2015,2015121719,35,야간,목,1,1,0,0,0,충북,음성군,차대사람,횡단중,횡단중,운전자법규위반,안전운전 의무 불이행,교차로,교차로내,승용차,중형,보행자,보행자,1008582,1887813,127.5964387,36.98874371
2015,2015122123,48,야간,월,1,1,0,0,0,경기,용인시,차대차,정면충돌,정면충돌,운전자법규위반,신호위반,교차로,교차로내,원동기장치자전거,원동기장치자전거,승용차,중형,965437,1921778,127.1100399,37.29430824
2015,2015123115,0,주간,목,1,1,0,0,0,서울,서대문구,차대사람,차도통행중,차도통행중,운전자법규위반,안전운전 의무 불이행,교차로,교차로내,화물차,중형,보행자,보행자,948598,1952572,126.9179145,37.57108557
2015,2015112222,15,야간,일,1,1,0,0,0,부산,강서구,차량단독,전도전복,전도전복,운전자법규위반,안전거리 미확보,단일로,기타단일로,이륜차,소형,0,0,1123158,1683469,128.8518982,35.13890846
2015,2015111723,30,야간,화,1,1,0,0,0,경남,창원시(통합),차대차,추돌,주정차중 추돌,운전자법규위반,기타(운전자법규위반),교차로,교차로부근,승용차,중형,승용차,경형,1109975,1683696,128.7072497,35.14248279
2015,2015112805,55,야간,토,1,1,0,0,0,강원,영월군,차대차,추돌,진행중 추돌,운전자법규위반,안전운전 의무 불이행,단일로,기타단일로,승용차,경형,화물차,대형,1076511,1909667,128.3536011,37.17462187
2015,2015112619,50,야간,목,1,1,0,0,0,충북,음성군,차대사람,기타,기타,운전자법규위반,안전운전 의무 불이행,단일로,기타단일로,승용차,중형,보행자,보행자,1008348,1887744,127.5938084,36.98812382
2015,2015112618,40,야간,목,1,1,0,0,0,경북,구미시,차대사람,기타,기타,운전자법규위반,안전운전 의무 불이행,교차로,교차로내,화물차,소형,보행자,보행자,1072391,1805843,128.3057186,36.24710931
2015,2015112606,55,주간,목,1,1,0,0,0,서울,송파구,차대차,추돌,주정차중 추돌,운전자법규위반,안전운전 의무 불이행,단일로,기타단일로,화물차,소형,건설기계,건설기계,962121,1945498,127.0714118,37.50798085
2015,2015112707,40,주간,금,1,2,0,1,0,충남,공주시,차대차,정면충돌,정면충돌,운전자법규위반,중앙선 침범,단일로,기타단일로,승용차,소형,화물차,대형,968530,1831468,127.1486864,36.48032499
2015,2015112707,0,주간,금,1,1,0,0,0,충북,청주시,차량단독,전도전복,전도전복,운전자법규위반,안전운전 의무 불이행,단일로,교량위,승용차,중형,0,0,1002171,1859323,127.5243147,36.73195324
2015,2015112704,30,야간,금,1,1,0,0,0,강원,횡성군,차량단독,전도전복,전도전복,운전자법규위반,기타(운전자법규위반),단일로,기타단일로,화물차,소형,0,0,1042567,1942670,127.981466,37.48228672
2015,2015120622,35,야간,일,1,2,1,0,0,경북,군위군,차대사람,차도통행중,차도통행중,운전자법규위반,안전운전 의무 불이행,단일로,기타단일로,이륜차,중형,보행자,보행자,1097400,1798502,128.5831195,36.17873913
2015,2015120301,10,야간,목,1,2,1,0,0,경기,안산시,차대차,기타,기타,운전자법규위반,신호위반,교차로,교차로내,승용차,중형,승용차,중형,942928,1923151,126.8559864,37.30557451
2015,2015041723,0,야간,금,1,1,0,0,0,전북,완주군,차대차,기타,기타,운전자법규위반,안전운전 의무 불이행,단일로,기타단일로,화물차,소형,화물차,대형,975550,1762029,127.2292149,35.85449645
2015,2015120301,10,야간,목,1,2,1,0,0,경기,평택시,차량단독,공작물충돌,공작물충돌,운전자법규위반,안전운전 의무 불이행,교차로,교차로부근,승용차,경형,0,0,961650,1888817,127.069003,36.99705092
2015,2015120816,30,주간,화,1,1,0,0,0,전남,고흥군,차대사람,차도통행중,차도통행중,운전자법규위반,안전운전 의무 불이행,단일로,기타단일로,화물차,소형,보행자,보행자,980624,1611055,127.2889571,34.49325947
2015,2015082211,38,주간,토,1,1,0,0,0,충남,부여군,차대차,기타,기타,운전자법규위반,안전운전 의무 불이행,단일로,기타단일로,승용차,중형,이륜차,소형,937133,1804339,126.8003976,36.23421785
2015,2015082616,53,주간,수,1,1,0,0,0,전남,영암군,차량단독,도로이탈,도로이탈 추락,운전자법규위반,안전운전 의무 불이행,교차로,교차로부근,화물차,소형,0,0,926715,1647124,126.6985689,34.81564164
2015,2015082306,37,주간,일,1,2,1,0,0,경북,구미시,차대차,기타,기타,운전자법규위반,안전운전 의무 불이행,단일로,기타단일로,승용차,경형,특수차,대형,1078279,1786409,128.3693097,36.07145908
2015,2015100215,32,주간,금,1,3,1,1,0,경기,남양주시,차대차,추돌,진행중 추돌,운전자법규위반,신호위반,교차로,교차로내,화물차,소형,화물차,소형,971393,1966149,127.1755122,37.69444994
2015,2015100918,30,야간,금,1,1,0,0,0,전남,광양시,차대사람,횡단중,횡단중,운전자법규위반,신호위반,교차로,교차로부근,승용차,중형,보행자,보행자,1020637,1659691,127.7259673,34.93182463
2015,2015100510,52,주간,월,1,1,0,0,0,대구,달서구,차대차,기타,기타,운전자법규위반,신호위반,단일로,횡단보도상,승용차,중형,원동기장치자전거,원동기장치자전거,1093656,1760306,128.5369722,35.83479275
2015,2015100602,7,야간,화,1,1,0,0,0,부산,해운대구,차대사람,횡단중,횡단중,운전자법규위반,안전운전 의무 불이행,교차로,교차로내,승용차,중형,보행자,보행자,1151661,1686479,129.1652203,35.16214525
2015,2015100419,45,야간,일,1,1,0,0,0,경기,포천시,차대사람,차도통행중,차도통행중,운전자법규위반,안전운전 의무 불이행,단일로,기타단일로,승용차,대형,보행자,보행자,975903,1975657,127.2263531,37.78027712
2015,2015100418,50,야간,일,1,1,0,0,0,전남,목포시,차대사람,차도통행중,차도통행중,운전자법규위반,안전운전 의무 불이행,단일로,기타단일로,승용차,경형,보행자,보행자,897825,1644156,126.3832079,34.78682208
2015,2015090420,38,야간,금,1,1,0,0,0,경기,포천시,차대사람,횡단중,횡단중,운전자법규위반,안전운전 의무 불이행,교차로,교차로내,승용차,중형,보행자,보행자,975902,1974228,127.2263892,37.76739731
2015,2015090119,15,야간,화,1,1,0,0,0,경북,영천시,차대사람,횡단중,횡단중,운전자법규위반,안전운전 의무 불이행,단일로,기타단일로,화물차,소형,보행자,보행자,1136357,1779053,129.0128537,35.99874969
2015,2015090819,35,야간,화,1,1,0,0,0,부산,강서구,차대차,정면충돌,정면충돌,운전자법규위반,안전운전 의무 불이행,교차로,교차로내,승합차,대형,이륜차,소형,1127586,1677472,128.8995666,35.08429612
2015,2015091123,40,야간,금,1,2,0,1,0,서울,도봉구,차대사람,횡단중,횡단중,운전자법규위반,안전운전 의무 불이행,단일로,횡단보도상,원동기장치자전거,원동기장치자전거,보행자,보행자,959798,1963808,127.0441231,37.67291504
2015,2015090909,45,주간,수,1,3,2,0,0,충북,단양군,차대사람,길가장자리구역통행중,길가장자리구역통행중,정비불량,정비불량 제차의 운전금지위반,단일로,기타단일로,화물차,소형,보행자,보행자,1067999,1899222,128.2651273,37.08915956
2015,2015090705,20,야간,월,1,1,0,0,0,강원,강릉시,차대사람,보도통행중,보도통행중,운전자법규위반,안전운전 의무 불이행,단일로,기타단일로,화물차,소형,보행자,보행자,1123866,1974127,128.9061812,37.75841464
2015,2015091720,20,야간,목,1,1,0,0,0,광주,북구,차대사람,횡단중,횡단중,운전자법규위반,안전운전 의무 불이행,단일로,기타단일로,승용차,중형,보행자,보행자,944550,1686145,126.8903235,35.16916854
2015,2015091804,50,야간,금,1,1,0,0,0,경기,부천시,차대차,측면직각충돌,측면직각충돌,운전자법규위반,안전운전 의무 불이행,교차로,교차로부근,화물차,소형,자전거,자전거,933159,1944994,126.7437828,37.50179493
2015,2015091716,10,주간,목,1,1,0,0,0,전북,군산시,차대사람,차도통행중,차도통행중,운전자법규위반,안전운전 의무 불이행,교차로,교차로부근,특수차,대형,보행자,보행자,930050,1776368,126.7240662,35.98157385
2015,2015091306,10,주간,일,1,1,0,0,0,경기,광주시,차대차,측면직각충돌,측면직각충돌,운전자법규위반,신호위반,교차로,교차로내,이륜차,중형,승합차,대형,977796,1932792,127.2491498,37.39396371
2015,2015091414,20,주간,월,1,1,0,0,0,충북,증평군,차대사람,횡단중,횡단중,운전자법규위반,안전운전 의무 불이행,교차로,교차로내,승용차,소형,보행자,보행자,1008050,1865294,127.5902213,36.78574886
2015,2015091604,42,야간,수,1,1,0,0,0,대전,중구,차대차,측면직각충돌,측면직각충돌,운전자법규위반,과속,단일로,기타단일로,승용차,중형,자전거,자전거,991278,1814776,127.4028193,36.3303187
2015,2015091412,12,주간,월,1,1,0,0,0,경기,부천시,차대차,측면직각충돌,측면직각충돌,운전자법규위반,안전운전 의무 불이행,교차로,교차로내,승용차,중형,원동기장치자전거,원동기장치자전거,936066,1944865,126.7766804,37.50083821
2015,2015091317,10,주간,일,1,1,0,0,0,경기,평택시,차대사람,기타,기타,운전자법규위반,안전운전 의무 불이행,단일로,기타단일로,화물차,소형,보행자,보행자,948568,1880588,126.9225471,36.92224959
2015,2015082710,10,주간,목,1,1,0,0,0,경기,수원시,차대차,추돌,진행중 추돌,운전자법규위반,안전운전 의무 불이행,교차로,교차로내,승용차,소형,자전거,자전거,956731,1922898,127.0117514,37.30403915
2015,2015082723,30,야간,목,1,1,0,0,0,제주,서귀포시,차대차,추돌,주정차중 추돌,운전자법규위반,안전운전 의무 불이행,교차로,교차로부근,승용차,중형,화물차,대형,907362,1474312,126.5054627,33.25616578
2015,2015082222,5,야간,토,1,1,0,0,0,전북,익산시,차대사람,횡단중,횡단중,운전자법규위반,보행자 보호의무 위반,단일로,횡단보도상,승용차,대형,보행자,보행자,949925,1771389,126.9448366,35.9379085
2015,2015092607,28,주간,토,1,2,0,1,0,광주,남구,차대차,측면직각충돌,측면직각충돌,운전자법규위반,신호위반,교차로,교차로내,승용차,경형,승용차,중형,946913,1683037,126.9172361,35.14115337
2015,2015100118,10,야간,목,1,2,0,1,0,전남,광양시,차대차,정면충돌,정면충돌,운전자법규위반,중앙선 침범,단일로,기타단일로,승용차,대형,승용차,경형,1022496,1664304,127.746447,34.97338247
2015,2015092506,55,주간,금,1,1,0,0,0,서울,강서구,차대차,측면직각충돌,측면직각충돌,운전자법규위반,신호위반,교차로,교차로내,원동기장치자전거,원동기장치자전거,승합차,대형,943800,1950435,126.8637478,37.55154436
2015,2015092915,50,주간,화,1,1,0,0,0,경기,용인시,차량단독,공작물충돌,공작물충돌,운전자법규위반,안전운전 의무 불이행,단일로,기타단일로,원동기장치자전거,원동기장치자전거,0,0,977170,1925706,127.2422962,37.33007681
2015,2015100206,0,주간,금,1,1,0,0,0,전남,여수시,차대사람,횡단중,횡단중,운전자법규위반,안전운전 의무 불이행,교차로,교차로부근,승용차,대형,보행자,보행자,1014290,1641394,127.6561584,34.7669384
2015,2015100800,37,야간,목,1,1,0,0,0,경북,경주시,차량단독,도로이탈,도로이탈 기타,운전자법규위반,안전운전 의무 불이행,교차로,교차로내,화물차,소형,0,0,1179434,1750717,129.4841794,35.73644472
2015,2015100607,20,주간,화,1,1,0,0,0,충북,청주시,차대사람,횡단중,횡단중,운전자법규위반,안전운전 의무 불이행,단일로,기타단일로,승용차,중형,보행자,보행자,998397,1850703,127.4820648,36.65424597
2015,2015100519,10,야간,월,1,1,0,0,0,전남,화순군,차대차,추돌,진행중 추돌,운전자법규위반,안전운전 의무 불이행,단일로,기타단일로,승용차,중형,화물차,경형,949847,1668989,126.9502931,35.01463445
2015,2015100501,25,야간,월,1,1,0,0,0,울산,북구,차량단독,공작물충돌,공작물충돌,운전자법규위반,안전운전 의무 불이행,단일로,기타단일로,화물차,소형,0,0,1167427,1738022,129.3488285,35.62415718
2015,2015082918,10,야간,토,1,1,0,0,0,경남,진주시,차대차,기타,기타,운전자법규위반,안전운전 의무 불이행,기타/불명,기타/불명,화물차,대형,자전거,자전거,1051269,1686274,128.0630087,35.170435
2015,2015090119,25,야간,화,1,1,0,0,0,전남,여수시,차대사람,횡단중,횡단중,운전자법규위반,안전운전 의무 불이행,단일로,횡단보도상,승용차,중형,보행자,보행자,1020907,1638920,127.7284058,34.74451432
2015,2015090202,13,야간,수,1,3,0,2,0,인천,남구,차대차,정면충돌,정면충돌,운전자법규위반,신호위반,교차로,교차로내,이륜차,소형,승용차,중형,928311,1940164,126.6894094,37.4578993
2015,2015083020,25,야간,일,1,1,0,0,0,충남,예산군,차대사람,횡단중,횡단중,운전자법규위반,안전운전 의무 불이행,교차로,교차로내,승용차,중형,보행자,보행자,942326,1853168,126.8545462,36.67471995
2015,2015083019,50,야간,일,1,1,0,0,0,서울,송파구,차대차,측면직각충돌,측면직각충돌,운전자법규위반,신호위반,교차로,교차로내,승용차,대형,이륜차,중형,963797,1945454,127.0903769,37.50765154
2015,2015091119,40,야간,금,1,1,0,0,0,제주,제주시,차대차,추돌,진행중 추돌,운전자법규위반,안전운전 의무 불이행,단일로,기타단일로,승용차,중형,농기계,농기계,897218,1496321,126.3940686,33.45372837
2015,2015091010,30,주간,목,1,1,0,0,0,경북,군위군,차대사람,길가장자리구역통행중,길가장자리구역통행중,운전자법규위반,안전운전 의무 불이행,단일로,기타단일로,승용차,경형,보행자,보행자,1089427,1809095,128.4956795,36.27499624
2015,2015090521,45,야간,토,1,1,0,0,0,경남,합천군,차량단독,도로이탈,도로이탈 기타,운전자법규위반,안전운전 의무 불이행,단일로,기타단일로,승용차,중형,0,0,1046322,1725848,128.0109275,35.52749676
2015,2015021021,47,야간,화,1,1,0,0,0,제주,제주시,차대사람,기타,기타,운전자법규위반,안전운전 의무 불이행,단일로,기타단일로,승용차,대형,보행자,보행자,898431,1499670,126.4067392,33.48404555
2015,2015021115,0,주간,수,1,3,1,1,0,강원,춘천시,차대차,측면직각충돌,측면직각충돌,운전자법규위반,중앙선 침범,단일로,기타단일로,화물차,중형,화물차,중형,1012746,1999780,127.6451711,37.99792757
2015,2015021121,45,야간,수,1,2,0,1,0,대구,동구,차대사람,기타,기타,운전자법규위반,안전운전 의무 불이행,단일로,기타단일로,승용차,대형,보행자,보행자,1102589,1765464,128.6365264,35.8803949
2015,2015021118,45,야간,수,1,1,0,0,0,서울,강북구,차대사람,차도통행중,차도통행중,운전자법규위반,안전운전 의무 불이행,단일로,기타단일로,승용차,중형,보행자,보행자,958085,1959008,127.0250479,37.62943955
2015,2015021007,10,주간,화,1,1,0,0,0,경기,부천시,차대사람,횡단중,횡단중,운전자법규위반,안전운전 의무 불이행,교차로,교차로부근,승용차,중형,보행자,보행자,936583,1947733,126.7822816,37.52672298
2015,2015020719,32,야간,토,1,1,0,0,0,경남,창녕군,차대사람,차도통행중,차도통행중,운전자법규위반,안전운전 의무 불이행,단일로,기타단일로,화물차,소형,보행자,보행자,1087298,1729244,128.4632114,35.55535186
2015,2015020916,40,주간,월,1,1,0,0,0,전남,광양시,차량단독,도로이탈,도로이탈 기타,운전자법규위반,안전운전 의무 불이행,단일로,기타단일로,화물차,소형,0,0,1005889,1674001,127.5645838,35.06105723
2015,2015022000,35,야간,금,2,6,3,1,0,경북,고령군,차대차,기타,기타,운전자법규위반,중앙선 침범,단일로,기타단일로,승용차,소형,승용차,대형,1077193,1750817,128.353796,35.75068157
2015,2015042716,20,주간,월,1,3,1,1,0,강원,평창군,차대사람,기타,기타,운전자법규위반,안전운전 의무 불이행,단일로,기타단일로,승합차,소형,보행자,보행자,1092943,1961525,128.5535987,37.64847542
2015,2015032713,10,주간,금,1,2,0,1,0,경북,김천시,차대차,추돌,진행중 추돌,운전자법규위반,안전거리 미확보,단일로,터널안,화물차,중형,화물차,대형,1068434,1787474,128.2600799,36.08180315
2015,2015052808,35,주간,목,1,1,0,0,0,전북,부안군,차대차,기타,기타,운전자법규위반,안전운전 의무 불이행,단일로,기타단일로,화물차,중형,화물차,소형,935993,1750310,126.7920777,35.74705732
2015,2015071222,45,야간,일,1,1,0,0,0,경기,이천시,차대사람,횡단중,횡단중,운전자법규위반,안전운전 의무 불이행,단일로,기타단일로,승용차,중형,보행자,보행자,995279,1915350,127.4467751,37.23699654
2015,2015092711,0,주간,일,2,9,7,0,0,경북,고령군,차대차,추돌,주정차중 추돌,운전자법규위반,안전운전 의무 불이행,단일로,기타단일로,승용차,대형,승용차,소형,1076295,1750673,128.3431876,35.74926965
2015,2015092821,30,야간,월,1,1,0,0,0,충남,서산시,차대사람,차도통행중,차도통행중,운전자법규위반,안전운전 의무 불이행,단일로,기타단일로,승용차,중형,보행자,보행자,916976,1868344,126.5692221,36.80963541
2015,2015103100,1,야간,토,1,3,1,1,0,충남,논산시,차대차,기타,기타,운전자법규위반,안전운전 의무 불이행,단일로,기타단일로,승용차,중형,화물차,대형,969301,1794818,127.1457288,36.13222689
2015,2015102610,45,주간,월,1,5,4,0,0,충북,충주시,차대차,추돌,진행중 추돌,운전자법규위반,안전운전 의무 불이행,단일로,기타단일로,화물차,대형,화물차,대형,1032319,1881518,127.8629065,36.93148227
2015,2015010220,5,야간,금,1,1,0,0,0,경기,고양시,차대사람,기타,기타,운전자법규위반,안전운전 의무 불이행,단일로,기타단일로,승용차,중형,보행자,보행자,942693,1961185,126.850374,37.6483652
2015,2015121308,35,주간,일,1,1,0,0,0,경기,남양주시,차대사람,기타,기타,운전자법규위반,안전운전 의무 불이행,단일로,터널안,승합차,경형,보행자,보행자,965287,1963470,127.1063811,37.67009273
2015,2015010317,25,주간,토,1,2,0,1,0,전남,장흥군,차대차,정면충돌,정면충돌,운전자법규위반,중앙선 침범,단일로,기타단일로,승용차,경형,승용차,중형,949356,1616350,126.9480816,34.53994565
2015,2015010406,20,주간,일,1,1,0,0,0,충남,천안시,차량단독,공작물충돌,공작물충돌,운전자법규위반,안전운전 의무 불이행,단일로,기타단일로,이륜차,소형,0,0,966841,1864692,127.1283964,36.77977579
2015,2015010422,14,야간,일,1,1,0,0,0,경기,성남시,차대사람,기타,기타,운전자법규위반,안전운전 의무 불이행,교차로,교차로부근,승용차,경형,보행자,보행자,965523,1930936,127.1105843,37.37685899
2015,2015010818,10,야간,목,1,1,0,0,0,강원,평창군,차대사람,횡단중,횡단중,운전자법규위반,안전운전 의무 불이행,단일로,기타단일로,승용차,중형,보행자,보행자,1105945,1964415,128.7013645,37.6731482
2015,2015010811,50,주간,목,1,1,0,0,0,경북,영양군,차량단독,전도전복,전도전복,운전자법규위반,안전운전 의무 불이행,단일로,기타단일로,건설기계,건설기계,0,0,1136779,1844928,129.0290793,36.59237601
2015,2015011311,5,주간,화,1,1,0,0,0,경북,고령군,차량단독,공작물충돌,공작물충돌,운전자법규위반,안전운전 의무 불이행,단일로,기타단일로,이륜차,소형,0,0,1070528,1753061,128.2802815,35.77141287
2015,2015011021,50,야간,토,1,1,0,0,0,서울,성동구,차대사람,횡단중,횡단중,운전자법규위반,안전운전 의무 불이행,단일로,기타단일로,승용차,중형,보행자,보행자,958885,1949153,127.034594,37.54078605