발생년,발생년월일시,발생분,주야,요일,사망자수,사상자수,중상자수,경상자수,부상신고자수,발생지시도,발생지시군구,사고유형_대분류,사고유형_중분류,사고유형,법규위반_대분류,법규위반,도로형태_대분류,도로형태,당사자종별_1당_대분류,당사자종별_1당,당사자종별_2당_대분류,당사자종별_2당,발생위치X_UTMK,발생위치Y_UTMK,경도,위도
2015,2015011013,10,주간,토,1,3,1,1,0,충남,천안시,차대차,정면충돌,정면충돌,운전자법규위반,중앙선 침범,단일로,기타단일로,승용차,중형,승용차,경형,985192,1863445,127.3340739,36.76899907
2015,2015011417,35,주간,수,1,1,0,0,0,강원,홍천군,차량단독,전도전복,전도전복,운전자법규위반,안전운전 의무 불이행,단일로,기타단일로,화물차,중형,0,0,1060059,1980006,128.1823754,37.81781676
2015,2015012101,2,야간,수,1,1,0,0,0,경기,성남시,차량단독,전도전복,전도전복,운전자법규위반,안전운전 의무 불이행,교차로,교차로부근,승용차,소형,0,0,964792,1936608,127.1020576,37.42795664
2015,2015012111,45,주간,수,1,2,1,0,0,울산,북구,차대차,측면직각충돌,측면직각충돌,운전자법규위반,신호위반,교차로,교차로내,화물차,대형,화물차,소형,1167322,1738638,129.3477974,35.62972623
2015,2015011801,42,야간,일,1,1,0,0,0,광주,서구,차대사람,횡단중,횡단중,운전자법규위반,안전운전 의무 불이행,단일로,기타단일로,승용차,대형,보행자,보행자,940651,1684705,126.8483787,35.15584306
2015,2015012503,0,야간,일,1,1,0,0,0,전북,전주시,차대차,추돌,주정차중 추돌,운전자법규위반,안전운전 의무 불이행,단일로,기타단일로,승용차,소형,불명,불명,961183,1763255,127.0700432,35.86508602
2015,2015012401,29,야간,토,1,1,0,0,0,충북,청주시,차량단독,공작물충돌,공작물충돌,운전자법규위반,안전운전 의무 불이행,단일로,기타단일로,승용차,소형,0,0,1017866,1852550,127.7013877,36.67144253
2015,2015012901,24,야간,목,1,2,1,0,0,전남,장성군,차대차,정면충돌,정면충돌,운전자법규위반,중앙선 침범,단일로,기타단일로,승용차,소형,승용차,소형,935748,1698323,126.7934866,35.27832736
2015,2015012913,25,주간,목,1,2,0,0,1,전남,함평군,차대사람,차도통행중,차도통행중,운전자법규위반,중앙선 침범,단일로,기타단일로,화물차,소형,보행자,보행자,918475,1682507,126.6051375,35.13447158
2015,2015012923,55,야간,목,1,1,0,0,0,전남,순천시,차대차,추돌,진행중 추돌,운전자법규위반,안전운전 의무 불이행,교차로,교차로부근,승용차,대형,이륜차,소형,1001963,1663100,127.5215022,34.96277358
2015,2015020304,13,야간,화,1,1,0,0,0,충북,충주시,차량단독,공작물충돌,공작물충돌,운전자법규위반,안전운전 의무 불이행,단일로,기타단일로,승용차,중형,0,0,1039770,1890997,127.9470703,37.01664273
2015,2015020222,50,야간,월,1,1,0,0,0,충남,아산시,차대차,기타,기타,운전자법규위반,안전운전 의무 불이행,단일로,기타단일로,승용차,중형,이륜차,소형,964480,1866094,127.1018726,36.79232858
2015,2015020219,15,야간,월,1,1,0,0,0,충남,서천군,차대사람,기타,기타,운전자법규위반,보행자 보호의무 위반,단일로,횡단보도상,승용차,소형,보행자,보행자,928472,1779290,126.7062996,36.00780146
2015,2015013120,30,야간,토,1,1,0,0,0,대구,달성군,차대사람,횡단중,횡단중,운전자법규위반,안전운전 의무 불이행,단일로,기타단일로,승용차,중형,보행자,보행자,1083860,1748777,128.427315,35.73174473
2015,2015020707,20,주간,토,1,1,0,0,0,대전,서구,차대사람,횡단중,횡단중,운전자법규위반,안전운전 의무 불이행,단일로,기타단일로,화물차,경형,보행자,보행자,990764,1815986,127.3970779,36.34122257
2015,2015020421,43,야간,수,1,1,0,0,0,대전,동구,차대사람,횡단중,횡단중,운전자법규위반,안전운전 의무 불이행,단일로,기타단일로,승용차,소형,보행자,보행자,996650,1810505,127.4626925,36.2918473
2015,2015020515,45,주간,목,1,1,0,0,0,경기,용인시,차대사람,차도통행중,차도통행중,운전자법규위반,안전운전 의무 불이행,교차로,교차로내,건설기계,건설기계,보행자,보행자,967849,1918615,127.1373898,37.26588406
2015,2015072909,47,주간,수,1,3,0,2,0,경북,성주군,차대차,기타,기타,운전자법규위반,중앙선 침범,기타/불명,기타/불명,이륜차,소형,승용차,경형,1064683,1772485,128.2171962,35.94693109
2015,2015080408,50,주간,화,1,1,0,0,0,전북,전주시,차대사람,횡단중,횡단중,운전자법규위반,안전운전 의무 불이행,단일로,기타단일로,화물차,소형,보행자,보행자,969450,1761317,127.1616853,35.84790581
2015,2015073121,13,야간,금,1,2,1,0,0,제주,제주시,차대사람,횡단중,횡단중,운전자법규위반,보행자 보호의무 위반,단일로,횡단보도상,승용차,소형,보행자,보행자,909754,1501533,126.5283148,33.50187829
2015,2015080119,0,야간,토,1,1,0,0,0,전남,영암군,차대차,추돌,진행중 추돌,운전자법규위반,안전운전 의무 불이행,단일로,기타단일로,화물차,소형,이륜차,소형,918632,1649009,126.6101347,34.83245389
2015,2015080616,56,주간,목,1,1,0,0,0,경기,시흥시,차대사람,길가장자리구역통행중,길가장자리구역통행중,운전자법규위반,안전운전 의무 불이행,교차로,교차로부근,화물차,경형,보행자,보행자,939421,1934916,126.8154526,37.41139331
2015,2015080709,20,주간,금,1,1,0,0,0,경북,경주시,차대사람,기타,기타,운전자법규위반,보행자 보호의무 위반,교차로,교차로부근,화물차,소형,보행자,보행자,1154422,1762856,129.2100592,35.85008725
2015,2015080419,50,야간,화,1,1,0,0,0,서울,용산구,차대사람,기타,기타,운전자법규위반,안전운전 의무 불이행,단일로,횡단보도상,승용차,중형,보행자,보행자,953333,1950140,126.9715794,37.54943433
2015,2015080606,35,주간,목,1,1,0,0,0,충북,음성군,차대차,측면직각충돌,측면직각충돌,운전자법규위반,신호위반,교차로,교차로내,이륜차,소형,승용차,중형,1017628,1881173,127.6979361,36.92876173
2015,2015080905,14,야간,일,1,1,0,0,0,경남,사천시,차대차,추돌,진행중 추돌,운전자법규위반,안전운전 의무 불이행,단일로,기타단일로,화물차,소형,농기계,농기계,1038720,1679103,127.9248701,35.10633628
2015,2015081412,24,주간,금,1,3,2,0,0,전북,전주시,차량단독,공작물충돌,공작물충돌,운전자법규위반,안전운전 의무 불이행,단일로,기타단일로,승용차,중형,0,0,971236,1761058,127.1814727,35.84562471
2015,2015081313,37,주간,목,1,6,4,1,0,경기,평택시,차대차,정면충돌,정면충돌,운전자법규위반,안전운전 의무 불이행,교차로,교차로내,승합차,소형,승용차,대형,961817,1888694,127.070886,36.99594897
2015,2015081904,30,야간,수,1,3,1,1,0,서울,동작구,차대차,정면충돌,정면충돌,운전자법규위반,중앙선 침범,단일로,기타단일로,이륜차,소형,승합차,대형,950323,1945145,126.9382131,37.50436686
2015,2015081623,25,야간,일,1,1,0,0,0,세종,세종,차대차,정면충돌,정면충돌,운전자법규위반,기타(운전자법규위반),단일로,기타단일로,원동기장치자전거,원동기장치자전거,승용차,소형,976043,1833596,127.2324904,36.49972658
2015,2015081620,10,야간,일,1,1,0,0,0,전북,군산시,차대사람,기타,기타,운전자법규위반,안전운전 의무 불이행,기타/불명,기타/불명,화물차,소형,보행자,보행자,928582,1777303,126.7076993,35.98989656
2015,2015081510,5,주간,토,1,1,0,0,0,전북,남원시,차대차,기타,기타,운전자법규위반,안전운전 의무 불이행,교차로,교차로내,승용차,소형,자전거,자전거,984814,1709049,127.3328108,35.37699061
2015,2015081623,35,야간,일,1,1,0,0,0,서울,강동구,차대사람,횡단중,횡단중,운전자법규위반,안전운전 의무 불이행,단일로,기타단일로,승용차,경형,보행자,보행자,967189,1950468,127.1285313,37.55297173
2015,2015082122,51,야간,금,1,1,0,0,0,강원,원주시,차대차,추돌,진행중 추돌,운전자법규위반,신호위반,교차로,교차로내,이륜차,소형,승용차,소형,1038663,1925313,127.9364017,37.32601021
2015,2015082117,5,주간,금,1,1,0,0,0,경북,의성군,차대차,측면직각충돌,측면직각충돌,운전자법규위반,안전운전 의무 불이행,교차로,교차로내,이륜차,소형,승용차,중형,1093617,1817667,128.5433533,36.35186655
2015,2015082203,0,야간,토,1,2,0,1,0,부산,서구,차대사람,횡단중,횡단중,운전자법규위반,안전운전 의무 불이행,단일로,기타단일로,승용차,중형,보행자,보행자,1139014,1677598,129.0249105,35.08392047
2015,2015081918,45,야간,수,1,1,0,0,0,전북,익산시,차대사람,횡단중,횡단중,운전자법규위반,안전운전 의무 불이행,기타/불명,기타/불명,승용차,중형,보행자,보행자,949812,1771736,126.9435582,35.94076603
2015,2015081923,40,야간,수,1,1,0,0,0,경기,시흥시,차대사람,횡단중,횡단중,운전자법규위반,안전운전 의무 불이행,단일로,기타단일로,승용차,대형,보행자,보행자,935861,1938173,126.7749442,37.44050908
2015,2015082109,0,주간,금,1,1,0,0,0,전북,고창군,차대사람,횡단중,횡단중,운전자법규위반,보행자 보호의무 위반,교차로,교차로부근,화물차,대형,보행자,보행자,924951,1711818,126.6735352,35.39924667
2015,2015082123,15,야간,금,1,1,0,0,0,부산,사하구,차대사람,횡단중,횡단중,운전자법규위반,안전운전 의무 불이행,단일로,기타단일로,승용차,중형,보행자,보행자,1134144,1673940,128.9709132,35.05160589
2015,2015082122,50,야간,금,1,1,0,0,0,경기,평택시,차대사람,기타,기타,운전자법규위반,안전운전 의무 불이행,단일로,기타단일로,화물차,대형,보행자,보행자,942442,1886719,126.8533042,36.97715975
2015,2015082008,30,주간,목,1,1,0,0,0,경남,합천군,차량단독,전도전복,전도전복,운전자법규위반,안전운전 의무 불이행,단일로,기타단일로,농기계,농기계,0,0,1056438,1729763,128.1227735,35.56227053
2015,2015082120,0,야간,금,1,9,8,0,0,경기,안성시,차대차,정면충돌,정면충돌,운전자법규위반,안전운전 의무 불이행,교차로,교차로내,승용차,경형,화물차,소형,981526,1890331,127.2923405,37.01129955
2015,2015082118,30,야간,금,1,5,1,3,0,전남,여수시,차대차,정면충돌,정면충돌,운전자법규위반,중앙선 침범,단일로,기타단일로,화물차,소형,화물차,대형,1021742,1650885,127.7378376,34.85239321
2015,2015081906,0,주간,수,1,1,0,0,0,서울,성동구,차대사람,횡단중,횡단중,운전자법규위반,안전운전 의무 불이행,교차로,교차로부근,화물차,소형,보행자,보행자,958014,1951017,127.0246283,37.55754754
2015,2015082100,58,야간,금,2,2,0,0,0,경기,성남시,차대사람,기타,기타,운전자법규위반,안전운전 의무 불이행,단일로,기타단일로,승용차,대형,보행자,보행자,968218,1938321,127.1407058,37.44352093
2015,2015082201,57,야간,토,1,2,0,1,0,서울,종로구,차대사람,기타,기타,운전자법규위반,안전운전 의무 불이행,단일로,기타단일로,승용차,중형,보행자,보행자,954914,1952457,126.9894423,37.57038003
2015,2015070804,32,야간,수,1,2,0,0,1,경남,창원시(통합),차대차,정면충돌,정면충돌,운전자법규위반,중앙선 침범,단일로,기타단일로,승용차,경형,승용차,중형,1109631,1691743,128.7045441,35.21506549
2015,2015070812,50,주간,수,1,1,0,0,0,제주,제주시,차대사람,기타,기타,운전자법규위반,안전운전 의무 불이행,교차로,교차로내,화물차,소형,보행자,보행자,887872,1485719,126.2948455,33.35718412
2015,2015101409,10,주간,수,1,1,0,0,0,대구,수성구,차대사람,횡단중,횡단중,운전자법규위반,안전운전 의무 불이행,교차로,교차로부근,승용차,경형,보행자,보행자,1101437,1762504,128.6233896,35.85383233
2015,2015101005,5,야간,토,2,3,0,1,0,경북,영천시,차대차,정면충돌,정면충돌,운전자법규위반,중앙선 침범,단일로,기타단일로,승용차,중형,승용차,중형,1126000,1771783,128.896822,35.93461701
2015,2015101416,50,주간,수,1,1,0,0,0,충북,음성군,차대차,기타,기타,운전자법규위반,안전운전 의무 불이행,교차로,교차로내,승합차,중형,원동기장치자전거,원동기장치자전거,1006360,1887099,127.5714634,36.98232505
2015,2015091920,10,야간,토,1,1,0,0,0,경기,평택시,차대사람,횡단중,횡단중,운전자법규위반,안전운전 의무 불이행,단일로,기타단일로,승용차,소형,보행자,보행자,959797,1890788,127.0480734,37.01474035
2015,2015092019,40,야간,일,1,1,0,0,0,전남,장성군,차대차,추돌,진행중 추돌,운전자법규위반,안전운전 의무 불이행,단일로,기타단일로,승용차,소형,농기계,농기계,923586,1696222,126.6599609,35.25852971
2015,2015092112,15,주간,월,1,1,0,0,0,제주,제주시,차대차,측면직각충돌,측면직각충돌,운전자법규위반,신호위반,교차로,교차로내,원동기장치자전거,원동기장치자전거,승합차,대형,905912,1499035,126.4873528,33.47895828
2015,2015092203,20,야간,화,1,1,0,0,0,광주,동구,차량단독,공작물충돌,공작물충돌,운전자법규위반,안전운전 의무 불이행,교차로,교차로내,승용차,중형,0,0,947924,1685384,126.9281858,35.16236858
2015,2015102500,20,야간,일,1,2,0,1,0,경북,칠곡군,차대사람,차도통행중,차도통행중,운전자법규위반,안전운전 의무 불이행,단일로,교량위,승용차,소형,보행자,보행자,1095127,1776604,128.5552059,35.9815703
2015,2015102420,3,야간,토,1,1,0,0,0,경기,부천시,차대사람,기타,기타,운전자법규위반,안전운전 의무 불이행,단일로,기타단일로,승합차,대형,보행자,보행자,939257,1942435,126.8129801,37.47915208
2015,2015111304,43,야간,금,1,1,0,0,0,전북,부안군,차대사람,기타,기타,운전자법규위반,안전운전 의무 불이행,단일로,기타단일로,화물차,소형,보행자,보행자,927658,1752266,126.699723,35.76411375
2015,2015111415,3,주간,토,1,1,0,0,0,부산,북구,차량단독,전도전복,전도전복,운전자법규위반,안전운전 의무 불이행,단일로,기타단일로,원동기장치자전거,원동기장치자전거,0,0,1137377,1693399,129.0095883,35.22657635
2015,2015111403,5,야간,토,1,1,0,0,0,서울,서초구,차대사람,횡단중,횡단중,운전자법규위반,과속,단일로,기타단일로,화물차,중형,보행자,보행자,954170,1942335,126.9816491,37.47911109
2015,2015111417,20,주간,토,1,1,0,0,0,경북,상주시,차량단독,전도전복,전도전복,운전자법규위반,안전운전 의무 불이행,단일로,기타단일로,이륜차,소형,0,0,1058102,1820206,128.1477612,36.37755566
2015,2015111417,50,주간,토,1,1,0,0,0,경북,구미시,차대사람,횡단중,횡단중,운전자법규위반,안전운전 의무 불이행,단일로,기타단일로,승용차,중형,보행자,보행자,1072445,1806444,128.3063752,36.25252308
2015,2015111409,45,주간,토,1,1,0,0,0,경북,울진군,차량단독,전도전복,전도전복,운전자법규위반,안전운전 의무 불이행,단일로,기타단일로,농기계,농기계,0,0,1170064,1883197,129.4095425,36.93181879
2015,2015111305,20,야간,금,1,1,0,0,0,경기,수원시,차대사람,횡단중,횡단중,운전자법규위반,안전운전 의무 불이행,단일로,기타단일로,승용차,중형,보행자,보행자,955833,1918550,127.001877,37.26480554
2015,2015111613,0,주간,월,1,1,0,0,0,인천,남동구,차대차,추돌,진행중 추돌,운전자법규위반,신호위반,교차로,교차로내,승용차,중형,이륜차,소형,930653,1933948,126.7164724,37.4020536
2015,2015111623,35,야간,월,1,1,0,0,0,전남,고흥군,차량단독,공작물충돌,공작물충돌,운전자법규위반,안전운전 의무 불이행,단일로,기타단일로,화물차,소형,0,0,982071,1622747,127.3044712,34.59872487
2015,2015121706,29,주간,목,1,1,0,0,0,경기,남양주시,차대차,추돌,진행중 추돌,운전자법규위반,안전운전 의무 불이행,단일로,기타단일로,이륜차,소형,화물차,소형,969108,1956149,127.1500172,37.60424308
2015,2015122207,0,주간,화,1,1,0,0,0,충북,진천군,차량단독,전도전복,전도전복,운전자법규위반,안전운전 의무 불이행,단일로,기타단일로,승합차,경형,0,0,994200,1885296,127.4348429,36.9660756
2015,2015122913,25,주간,화,1,1,0,0,0,경남,하동군,차대사람,기타,기타,운전자법규위반,안전운전 의무 불이행,단일로,기타단일로,화물차,중형,보행자,보행자,1028347,1681260,127.8111241,35.1261317
2015,2015123100,5,야간,목,1,2,1,0,0,충남,당진시,차량단독,전도전복,전도전복,운전자법규위반,안전운전 의무 불이행,교차로,교차로부근,화물차,소형,0,0,919347,1885432,126.5939819,36.96386271
2015,2015122418,23,야간,목,1,1,0,0,0,서울,영등포구,차대사람,횡단중,횡단중,운전자법규위반,안전운전 의무 불이행,단일로,기타단일로,승합차,경형,보행자,보행자,947168,1946338,126.9021705,37.51481689
2015,2015122517,55,주간,금,1,3,2,0,0,경남,함안군,차대차,정면충돌,정면충돌,운전자법규위반,안전운전 의무 불이행,단일로,기타단일로,승합차,소형,농기계,농기계,1081686,1700518,128.3984171,35.29684589
2015,2015122821,16,야간,월,1,1,0,0,0,경기,의정부시,차대차,측면직각충돌,측면직각충돌,운전자법규위반,신호위반,교차로,교차로부근,이륜차,중형,자전거,자전거,959019,1971020,127.0348837,37.73788271
2015,2015111912,35,주간,목,1,1,0,0,0,전남,나주시,차량단독,전도전복,전도전복,운전자법규위반,안전운전 의무 불이행,단일로,기타단일로,승용차,경형,0,0,921440,1658711,126.63993,34.92015376
2015,2015111911,0,주간,목,1,2,1,0,0,강원,정선군,차대차,측면직각충돌,측면직각충돌,운전자법규위반,안전운전 의무 불이행,교차로,교차로내,화물차,소형,특수차,대형,1125102,1947962,128.9157269,37.52248184
2015,2015111900,30,야간,목,1,1,0,0,0,부산,진구,차대사람,횡단중,횡단중,운전자법규위반,안전운전 의무 불이행,단일로,기타단일로,승용차,중형,보행자,보행자,1141887,1685727,129.0578102,35.15679429
2015,2015112617,48,주간,목,1,1,0,0,0,경북,영천시,차대사람,횡단중,횡단중,운전자법규위반,안전운전 의무 불이행,단일로,기타단일로,승용차,중형,보행자,보행자,1132869,1782316,128.9747145,36.02864064
2015,2015112709,10,주간,금,1,1,0,0,0,서울,영등포구,차대차,측면직각충돌,측면직각충돌,운전자법규위반,신호위반,교차로,교차로내,자전거,자전거,승용차,중형,945878,1947072,126.88752,37.52135774
2015,2015120815,15,주간,화,1,5,3,1,0,부산,강서구,차대차,기타,기타,운전자법규위반,안전거리 미확보,단일로,기타단일로,화물차,대형,승용차,소형,1132007,1680133,128.9474337,35.10783293
2015,2015120910,30,주간,수,1,1,0,0,0,경남,합천군,차량단독,전도전복,전도전복,운전자법규위반,안전운전 의무 불이행,기타/불명,기타/불명,농기계,농기계,0,0,1057012,1713505,128.1279656,35.41565279
2015,2015120316,45,주간,목,1,1,0,0,0,충북,괴산군,차량단독,전도전복,전도전복,운전자법규위반,안전운전 의무 불이행,교차로,교차로내,원동기장치자전거,원동기장치자전거,0,0,1022311,1872193,127.7502544,36.84771214
2015,2015120807,45,주간,화,1,1,0,0,0,경기,오산시,차대사람,기타,기타,운전자법규위반,안전운전 의무 불이행,단일로,기타단일로,승합차,중형,보행자,보행자,961683,1904884,127.0685543,37.14188129
2015,2015120413,48,주간,금,1,1,0,0,0,경기,하남시,차대사람,횡단중,횡단중,운전자법규위반,안전운전 의무 불이행,교차로,교차로부근,승합차,경형,보행자,보행자,973675,1948206,127.2020424,37.53279143
2015,2015120906,45,주간,수,1,1,0,0,0,서울,은평구,차대사람,횡단중,횡단중,운전자법규위반,신호위반,단일로,횡단보도부근,승용차,소형,보행자,보행자,948723,1957606,126.9189772,37.61646427
2015,2015111514,25,주간,일,1,4,2,0,1,경기,포천시,차대차,기타,기타,운전자법규위반,안전거리 미확보,단일로,기타단일로,화물차,소형,승용차,소형,977306,1977857,127.2422166,37.80014193
2015,2015111513,40,주간,일,1,1,0,0,0,경북,문경시,차대차,기타,기타,운전자법규위반,안전운전 의무 불이행,교차로,교차로내,화물차,중형,이륜차,중형,1054835,1858229,128.1140458,36.72050964
2015,2015111120,30,야간,수,1,1,0,0,0,충북,음성군,차대차,측면직각충돌,측면직각충돌,운전자법규위반,안전운전 의무 불이행,교차로,교차로내,승용차,소형,승용차,경형,999720,1890714,127.4968525,37.01493369
2015,2015111418,13,야간,토,1,1,0,0,0,대전,서구,차대차,추돌,진행중 추돌,운전자법규위반,안전운전 의무 불이행,단일로,기타단일로,승용차,중형,농기계,농기계,987924,1812311,127.3654872,36.30805942
2015,2015111513,15,주간,일,1,1,0,0,0,대전,동구,차대사람,차도통행중,차도통행중,운전자법규위반,안전운전 의무 불이행,단일로,기타단일로,승용차,중형,보행자,보행자,1000380,1817132,127.5042351,36.35159849
2015,2015111406,5,주간,토,1,1,0,0,0,제주,제주시,차대사람,횡단중,횡단중,운전자법규위반,보행자 보호의무 위반,단일로,횡단보도상,승용차,중형,보행자,보행자,909931,1502762,126.5301947,33.5129604
2015,2015111605,55,야간,월,1,1,0,0,0,부산,해운대구,차대차,추돌,진행중 추돌,운전자법규위반,안전운전 의무 불이행,단일로,교량위,승용차,중형,자전거,자전거,1148806,1686462,129.1338811,35.1624188
2015,2015111704,15,야간,화,1,2,1,0,0,경기,이천시,차대차,추돌,진행중 추돌,운전자법규위반,안전운전 의무 불이행,교차로,교차로부근,원동기장치자전거,원동기장치자전거,화물차,대형,1011224,1901954,127.6263388,37.11618749
2015,2015111706,0,주간,화,1,2,0,1,0,충남,아산시,차대차,추돌,진행중 추돌,운전자법규위반,안전운전 의무 불이행,단일로,기타단일로,승합차,중형,건설기계,건설기계,963644,1864930,127.092558,36.78180394
2015,2015122411,0,주간,목,1,1,0,0,0,경남,남해군,차량단독,전도전복,전도전복,운전자법규위반,안전운전 의무 불이행,단일로,기타단일로,이륜차,사발이,0,0,1033989,1642951,127.8714853,34.78051241
2015,2015122014,10,주간,일,1,1,0,0,0,경기,파주시,차대사람,횡단중,횡단중,운전자법규위반,안전운전 의무 불이행,교차로,교차로부근,화물차,소형,보행자,보행자,944846,1983461,126.8730874,37.849265
2015,2015121810,10,주간,금,1,1,0,0,0,전남,신안군,차량단독,전도전복,전도전복,운전자법규위반,안전운전 의무 불이행,단일로,기타단일로,이륜차,소형,0,0,862538,1641843,125.9979946,34.76182217
2015,2015122610,24,주간,토,1,1,0,0,0,광주,광산구,차대사람,횡단중,횡단중,운전자법규위반,부당한 회전,단일로,기타단일로,화물차,중형,보행자,보행자,936947,1684920,126.8076968,35.15755608
2015,2015122108,5,주간,월,1,1,0,0,0,전남,여수시,차대사람,길가장자리구역통행중,길가장자리구역통행중,운전자법규위반,안전운전 의무 불이행,교차로,교차로부근,화물차,소형,보행자,보행자,1013755,1638455,127.650264,34.74044251
2015,2015122520,0,야간,금,1,2,0,1,0,경남,양산시,차대차,정면충돌,정면충돌,운전자법규위반,안전운전 의무 불이행,교차로,교차로내,승용차,경형,승용차,경형,1150535,1710583,129.1572817,35.37957027
2015,2015121516,25,주간,화,1,1,0,0,0,경남,남해군,차대차,정면충돌,정면충돌,운전자법규위반,안전운전 의무 불이행,교차로,교차로부근,원동기장치자전거,원동기장치자전거,건설기계,건설기계,1040873,1646006,127.9468712,34.80780794
2015,2015121618,25,야간,수,1,1,0,0,0,제주,제주시,차대사람,횡단중,횡단중,운전자법규위반,안전운전 의무 불이행,기타/불명,기타/불명,화물차,소형,보행자,보행자,884206,1484347,126.2556272,33.34442313
2015,2015121209,15,주간,토,1,1,0,0,0,경남,진주시,차대사람,횡단중,횡단중,운전자법규위반,안전운전 의무 불이행,단일로,기타단일로,승용차,중형,보행자,보행자,1050807,1686308,128.0579376,35.17076504
2015,2015121219,50,야간,토,1,1,0,0,0,인천,연수구,차대사람,횡단중,횡단중,운전자법규위반,신호위반,단일로,횡단보도상,승합차,대형,보행자,보행자,926534,1936613,126.6696724,37.4257553
2015,2015121423,35,야간,월,1,2,0,1,0,경기,부천시,차대사람,횡단중,횡단중,운전자법규위반,안전운전 의무 불이행,단일로,횡단보도부근,승합차,대형,보행자,보행자,937745,1942790,126.7958501,37.48225102
2015,2015121319,0,야간,일,1,1,0,0,0,경기,파주시,차대사람,횡단중,횡단중,운전자법규위반,안전운전 의무 불이행,교차로,교차로부근,승용차,중형,보행자,보행자,937364,1975503,126.7887367,37.77706016
2015,2015121418,45,야간,월,1,1,0,0,0,대구,서구,차대사람,기타,기타,운전자법규위반,안전운전 의무 불이행,단일로,기타단일로,승용차,소형,보행자,보행자,1095380,1765823,128.5567176,35.8843602
2015,2015112115,20,주간,토,1,1,0,0,0,경남,진주시,차량단독,전도전복,전도전복,운전자법규위반,안전운전 의무 불이행,단일로,기타단일로,화물차,소형,0,0,1061870,1689885,128.1796876,35.20239671
2015,2015090419,50,야간,금,1,1,0,0,0,강원,홍천군,차대사람,횡단중,횡단중,운전자법규위반,안전운전 의무 불이행,단일로,기타단일로,승용차,경형,보행자,보행자,1029284,1962296,127.8320121,37.65970054
2015,2015090305,0,야간,목,1,1,0,0,0,부산,동래구,차대사람,횡단중,횡단중,운전자법규위반,안전운전 의무 불이행,단일로,기타단일로,승용차,소형,보행자,보행자,1144090,1692414,129.0831582,35.21675562
2015,2015090400,30,야간,금,1,1,0,0,0,전북,전주시,차량단독,공작물충돌,공작물충돌,운전자법규위반,안전운전 의무 불이행,단일로,기타단일로,이륜차,소형,0,0,964628,1756873,127.1084837,35.80767654
2015,2015090418,58,야간,금,1,1,0,0,0,경기,부천시,차대사람,기타,기타,운전자법규위반,안전운전 의무 불이행,교차로,교차로내,화물차,소형,보행자,보행자,938030,1945943,126.7988078,37.51068817
2015,2015090813,45,주간,화,1,2,1,0,0,경남,창녕군,차량단독,전도전복,전도전복,운전자법규위반,안전운전 의무 불이행,단일로,기타단일로,농기계,농기계,0,0,1083640,1719790,128.4218803,35.47043495
2015,2015090819,30,야간,화,1,1,0,0,0,경북,상주시,차대차,추돌,진행중 추돌,운전자법규위반,안전운전 의무 불이행,교차로,교차로내,원동기장치자전거,원동기장치자전거,승용차,중형,1053112,1809404,128.0913957,36.2804647
2015,2015090713,17,주간,월,1,2,1,0,0,충북,음성군,차량단독,공작물충돌,공작물충돌,운전자법규위반,안전운전 의무 불이행,단일로,기타단일로,승합차,중형,0,0,1013113,1883267,127.6472759,36.94771174
2015,2015091112,20,주간,금,1,1,0,0,0,경남,산청군,차량단독,공작물충돌,공작물충돌,운전자법규위반,안전운전 의무 불이행,단일로,기타단일로,이륜차,소형,0,0,1031674,1715348,127.8489553,35.43339911
2015,2015090721,24,야간,월,1,1,0,0,0,제주,제주시,차대사람,횡단중,횡단중,운전자법규위반,안전운전 의무 불이행,단일로,기타단일로,승합차,대형,보행자,보행자,913665,1503426,126.5703027,33.51910151
2015,2015091008,45,주간,목,1,1,0,0,0,경기,화성시,차량단독,공작물충돌,공작물충돌,운전자법규위반,안전운전 의무 불이행,교차로,교차로내,승용차,중형,0,0,929107,1914593,126.7008551,37.22748862
2015,2015090920,0,야간,수,1,1,0,0,0,경남,창원시(통합),차량단독,기타,기타,운전자법규위반,안전운전 의무 불이행,교차로,교차로내,자전거,자전거,0,0,1102085,1697076,128.6223111,35.26394081
2015,2015090810,5,주간,화,1,1,0,0,0,경남,함안군,차대차,추돌,진행중 추돌,운전자법규위반,안전운전 의무 불이행,단일로,터널안,화물차,중형,이륜차,중형,1093026,1703778,128.5234928,35.32524586
2015,2015091222,5,야간,토,1,2,1,0,0,충북,충주시,차대차,기타,기타,운전자법규위반,신호위반,교차로,교차로내,원동기장치자전거,원동기장치자전거,승용차,중형,1037263,1885950,127.9186394,36.9712509
2015,2015091322,10,야간,일,1,1,0,0,0,광주,남구,차대사람,횡단중,횡단중,운전자법규위반,기타(운전자법규위반),단일로,기타단일로,승용차,중형,보행자,보행자,945346,1681971,126.8983404,35.12956517
2015,2015091419,45,야간,월,1,1,0,0,0,충북,청주시,차대차,측면직각충돌,측면직각충돌,운전자법규위반,안전운전 의무 불이행,단일로,횡단보도상,승용차,소형,자전거,자전거,990645,1846827,127.3953787,36.61925932
2015,2015091712,0,주간,목,1,1,0,0,0,충남,논산시,차량단독,도로이탈,도로이탈 기타,운전자법규위반,안전운전 의무 불이행,단일로,기타단일로,승용차,경형,0,0,971887,1803494,127.1871722,36.22823616