발생년,발생년월일시,발생분,주야,요일,사망자수,사상자수,중상자수,경상자수,부상신고자수,발생지시도,발생지시군구,사고유형_대분류,사고유형_중분류,사고유형,법규위반_대분류,법규위반,도로형태_대분류,도로형태,당사자종별_1당_대분류,당사자종별_1당,당사자종별_2당_대분류,당사자종별_2당,발생위치X_UTMK,발생위치Y_UTMK,경도,위도
2015,2015110410,15,주간,수,1,1,0,0,0,서울,강남구,차대차,측면직각충돌,측면직각충돌,운전자법규위반,안전운전 의무 불이행,교차로,교차로부근,승용차,중형,자전거,자전거,965330,1940550,127.1079529,37.46350832
2015,2015103117,48,주간,토,1,1,0,0,0,전북,익산시,차대사람,횡단중,횡단중,운전자법규위반,안전운전 의무 불이행,단일로,기타단일로,승합차,대형,보행자,보행자,949914,1778620,126.9442579,36.00309948
2015,2015110107,50,주간,일,1,1,0,0,0,경남,창원시(통합),차량단독,전도전복,전도전복,운전자법규위반,안전운전 의무 불이행,단일로,기타단일로,농기계,농기계,0,0,1079405,1685277,128.371861,35.15961597
2015,2015111017,35,주간,화,1,1,0,0,0,대구,북구,차대차,기타,기타,운전자법규위반,안전거리 미확보,단일로,기타단일로,건설기계,건설기계,자전거,자전거,1101435,1767571,128.6240126,35.89950845
2015,2015110723,58,야간,토,1,2,0,1,0,서울,노원구,차대차,추돌,주정차중 추돌,운전자법규위반,안전운전 의무 불이행,교차로,교차로내,승용차,중형,원동기장치자전거,원동기장치자전거,960882,1958905,127.0566777,37.62877036
2015,2015110903,50,야간,월,1,1,0,0,0,경기,이천시,차량단독,공작물충돌,공작물충돌,운전자법규위반,중앙선 침범,단일로,기타단일로,승용차,중형,0,0,996596,1922470,127.4615905,37.30118208
2015,2015110918,20,야간,월,1,1,0,0,0,충남,당진시,차대사람,횡단중,횡단중,운전자법규위반,안전운전 의무 불이행,단일로,기타단일로,화물차,소형,보행자,보행자,918952,1871718,126.5910127,36.84021846
2015,2015110921,57,야간,월,1,1,0,0,0,충남,서천군,차대사람,차도통행중,차도통행중,운전자법규위반,안전운전 의무 불이행,단일로,기타단일로,화물차,소형,보행자,보행자,912682,1796421,126.5292117,36.16094198
2015,2015110705,2,야간,토,1,1,0,0,0,서울,구로구,차대사람,기타,기타,운전자법규위반,안전운전 의무 불이행,교차로,교차로내,승용차,중형,보행자,보행자,942237,1944887,126.8464901,37.50144335
2015,2015110702,26,야간,토,1,1,0,0,0,서울,양천구,차량단독,공작물충돌,공작물충돌,운전자법규위반,안전운전 의무 불이행,단일로,기타단일로,승용차,중형,0,0,945783,1948136,126.8863664,37.53094211
2015,2015101809,15,주간,일,1,1,0,0,0,경북,안동시,차대사람,횡단중,횡단중,운전자법규위반,안전운전 의무 불이행,교차로,교차로내,건설기계,건설기계,보행자,보행자,1094961,1843347,128.5614811,36.58320643
2015,2015101813,3,주간,일,1,1,0,0,0,인천,옹진군,차량단독,전도전복,전도전복,운전자법규위반,안전운전 의무 불이행,단일로,기타단일로,원동기장치자전거,원동기장치자전거,0,0,905900,1947260,126.435135,37.51983973
2015,2015101313,20,주간,화,1,1,0,0,0,경기,양주시,차대차,추돌,진행중 추돌,운전자법규위반,중앙선 침범,단일로,기타단일로,승용차,소형,화물차,중형,955975,1991355,126.9990994,37.92101698
2015,2015101017,0,주간,토,1,1,0,0,0,전남,고흥군,차량단독,도로이탈,도로이탈 추락,운전자법규위반,안전운전 의무 불이행,단일로,기타단일로,화물차,소형,0,0,988515,1640482,127.3745065,34.75874964
2015,2015101414,40,주간,수,1,1,0,0,0,전남,완도군,차대차,정면충돌,정면충돌,운전자법규위반,중앙선 침범,단일로,기타단일로,이륜차,소형,화물차,소형,913281,1577788,126.5588697,34.18981649
2015,2015101521,50,야간,목,1,2,1,0,0,전남,장성군,차량단독,전도전복,전도전복,운전자법규위반,안전운전 의무 불이행,교차로,교차로내,승용차,경형,0,0,922580,1693687,126.6491416,35.23559668
2015,2015101415,10,주간,수,1,1,0,0,0,울산,울주군,차량단독,기타,기타,운전자법규위반,안전운전 의무 불이행,단일로,기타단일로,농기계,농기계,0,0,1145767,1726716,129.1076986,35.52568894
2015,2015092213,35,주간,화,1,2,1,0,0,경북,의성군,차대차,정면충돌,정면충돌,운전자법규위반,중앙선 침범,단일로,기타단일로,화물차,소형,화물차,소형,1076020,1820059,128.3474917,36.37498043
2015,2015091903,25,야간,토,1,2,1,0,0,서울,서대문구,차대차,기타,기타,운전자법규위반,안전운전 의무 불이행,교차로,교차로내,승용차,중형,원동기장치자전거,원동기장치자전거,949748,1952090,126.9309697,37.56680473
2015,2015092011,10,주간,일,1,1,0,0,0,서울,영등포구,차대사람,차도통행중,차도통행중,운전자법규위반,안전운전 의무 불이행,단일로,기타단일로,특수차,소형,보행자,보행자,947602,1945735,126.9071243,37.50940671
2015,2015092221,30,야간,화,1,1,0,0,0,충남,부여군,차량단독,전도전복,전도전복,운전자법규위반,안전운전 의무 불이행,교차로,교차로내,특수차,소형,0,0,938448,1798547,126.8154852,36.18208773
2015,2015092118,0,야간,월,1,1,0,0,0,서울,금천구,차량단독,기타,기타,운전자법규위반,안전운전 의무 불이행,단일로,기타단일로,승합차,대형,0,0,948100,1939140,126.9132238,37.44999265
2015,2015102618,55,야간,월,1,9,2,6,0,경기,하남시,차대차,정면충돌,정면충돌,운전자법규위반,안전운전 의무 불이행,교차로,교차로부근,승용차,소형,승합차,대형,970563,1949494,127.1667684,37.54430664
2015,2015102819,14,야간,수,1,1,0,0,0,경기,성남시,차대사람,기타,기타,운전자법규위반,안전운전 의무 불이행,단일로,기타단일로,화물차,중형,보행자,보행자,970536,1940154,127.166837,37.46011959
2015,2015102712,0,주간,화,1,1,0,0,0,전남,고흥군,차대사람,길가장자리구역통행중,길가장자리구역통행중,운전자법규위반,안전운전 의무 불이행,교차로,교차로내,화물차,소형,보행자,보행자,975236,1620023,127.2300107,34.57401775
2015,2015102704,50,야간,화,1,1,0,0,0,경기,시흥시,차대사람,기타,기타,운전자법규위반,안전운전 의무 불이행,단일로,기타단일로,화물차,경형,보행자,보행자,939265,1936765,126.8135378,37.42804839
2015,2015102515,30,주간,일,1,1,0,0,0,충남,보령시,차량단독,전도전복,전도전복,운전자법규위반,안전운전 의무 불이행,단일로,기타단일로,농기계,농기계,0,0,925046,1798904,126.6664215,36.18436106
2015,2015102813,15,주간,수,1,1,0,0,0,경남,김해시,차대차,정면충돌,정면충돌,운전자법규위반,안전운전 의무 불이행,교차로,교차로내,건설기계,건설기계,화물차,중형,1125274,1701142,128.8778097,35.29796051
2015,2015112406,55,주간,화,1,1,0,0,0,강원,동해시,차대사람,횡단중,횡단중,운전자법규위반,보행자 보호의무 위반,단일로,기타단일로,화물차,소형,보행자,보행자,1141513,1950354,129.1018417,37.54166216
2015,2015120115,10,주간,화,1,1,0,0,0,전남,고흥군,차대차,추돌,진행중 추돌,운전자법규위반,신호위반,교차로,교차로부근,승용차,중형,이륜차,소형,966942,1615905,127.1397469,34.53664844
2015,2015120110,30,주간,화,1,1,0,0,0,경기,광명시,차대사람,횡단중,횡단중,운전자법규위반,보행자 보호의무 위반,단일로,기타단일로,화물차,대형,보행자,보행자,945097,1937398,126.8794036,37.43411817
2015,2015112805,30,야간,토,1,2,1,0,0,서울,동대문구,차대차,정면충돌,정면충돌,운전자법규위반,중앙선 침범,단일로,기타단일로,건설기계,건설기계,이륜차,소형,959986,1953651,127.0468111,37.5813763
2015,2015112721,30,야간,금,1,1,0,0,0,경기,용인시,차량단독,기타,기타,운전자법규위반,안전운전 의무 불이행,단일로,기타단일로,승용차,중형,0,0,962626,1922578,127.0782851,37.30141049
2015,2015112906,50,주간,일,1,2,0,1,0,광주,서구,차대차,정면충돌,정면충돌,운전자법규위반,신호위반,교차로,교차로내,승용차,경형,승합차,중형,939771,1684246,126.8387508,35.15165209
2015,2015112521,30,야간,수,1,1,0,0,0,서울,영등포구,차대사람,기타,기타,운전자법규위반,안전운전 의무 불이행,단일로,기타단일로,승용차,중형,보행자,보행자,946926,1948132,126.8993026,37.53097256
2015,2015120718,28,야간,월,1,1,0,0,0,경기,고양시,차대사람,횡단중,횡단중,운전자법규위반,안전운전 의무 불이행,단일로,기타단일로,승용차,경형,보행자,보행자,942179,1961650,126.8445109,37.65252394
2015,2015120723,17,야간,월,1,1,0,0,0,서울,금천구,차대사람,횡단중,횡단중,운전자법규위반,안전운전 의무 불이행,단일로,횡단보도상,승용차,중형,보행자,보행자,948029,1939149,126.9124205,37.45006978
2015,2015120719,40,야간,월,1,1,0,0,0,충남,홍성군,차대사람,횡단중,횡단중,운전자법규위반,안전운전 의무 불이행,단일로,기타단일로,승용차,경형,보행자,보행자,915622,1838497,126.5573324,36.54048386
2015,2015120711,45,주간,월,1,1,0,0,0,충북,충주시,차대차,기타,기타,운전자법규위반,직진 및 우회전차의 통행방해,교차로,교차로내,건설기계,건설기계,원동기장치자전거,원동기장치자전거,1024960,1886814,127.7804491,36.9794462
2015,2015120405,6,야간,금,1,1,0,0,0,서울,중구,차대사람,기타,기타,운전자법규위반,안전운전 의무 불이행,단일로,기타단일로,화물차,소형,보행자,보행자,955106,1951419,126.99168,37.5610337
2015,2015120503,30,야간,토,2,8,6,0,0,충남,논산시,차대차,정면충돌,정면충돌,운전자법규위반,과속,단일로,기타단일로,승용차,대형,화물차,소형,959963,1797462,127.0547989,36.17343501
2015,2015120623,23,야간,일,1,1,0,0,0,충북,옥천군,차대차,기타,기타,운전자법규위반,중앙선 침범,단일로,기타단일로,화물차,대형,화물차,대형,1011150,1805975,127.6241078,36.25094837
2015,2015111619,50,야간,월,1,14,6,7,0,경북,영주시,차대차,추돌,주정차중 추돌,운전자법규위반,안전운전 의무 불이행,교차로,교차로부근,화물차,소형,승합차,경형,1108677,1858634,128.7169367,36.71952327
2015,2015111120,50,야간,수,1,1,0,0,0,대전,유성구,차대차,추돌,진행중 추돌,운전자법규위반,안전운전 의무 불이행,교차로,교차로부근,승용차,경형,원동기장치자전거,원동기장치자전거,985496,1818530,127.3383263,36.36409271
2015,2015111219,35,야간,목,1,1,0,0,0,경북,청도군,차대차,추돌,진행중 추돌,운전자법규위반,안전운전 의무 불이행,단일로,기타단일로,승용차,소형,농기계,농기계,1114059,1733455,128.7590193,35.59059154
2015,2015111416,55,주간,토,1,1,0,0,0,경북,안동시,차대사람,기타,기타,운전자법규위반,안전운전 의무 불이행,단일로,기타단일로,승용차,소형,보행자,보행자,1109617,1840943,128.7249331,36.55996786
2015,2015122210,20,주간,화,1,1,0,0,0,경남,거제시,차대차,추돌,진행중 추돌,운전자법규위반,안전운전 의무 불이행,단일로,기타단일로,이륜차,소형,승용차,중형,1110962,1653034,128.7139915,34.86594423
2015,2015121908,5,주간,토,1,1,0,0,0,서울,서초구,차대차,추돌,주정차중 추돌,운전자법규위반,과로,단일로,기타단일로,승용차,대형,승합차,대형,963698,1940517,127.0900378,37.46330511
2015,2015122001,15,야간,일,1,1,0,0,0,경기,안성시,차량단독,전도전복,전도전복,운전자법규위반,안전운전 의무 불이행,단일로,기타단일로,승용차,중형,0,0,976525,1892197,127.2360684,37.02800857
2015,2015121717,55,주간,목,1,1,0,0,0,경북,영천시,차대차,측면직각충돌,측면직각충돌,운전자법규위반,안전운전 의무 불이행,교차로,교차로내,화물차,소형,승용차,중형,1116556,1782519,128.7937307,36.03256021
2015,2015122112,25,주간,월,1,2,0,1,0,대구,달서구,차대차,정면충돌,정면충돌,운전자법규위반,신호위반,교차로,교차로내,이륜차,소형,승용차,중형,1095544,1760660,128.5579156,35.83780176
2015,2015122421,48,야간,목,1,1,0,0,0,경기,연천군,차대사람,횡단중,횡단중,운전자법규위반,안전운전 의무 불이행,교차로,교차로내,승용차,중형,보행자,보행자,964696,2016878,127.0970629,38.15142661
2015,2015122514,50,주간,금,1,1,0,0,0,충남,서산시,차량단독,공작물충돌,공작물충돌,운전자법규위반,안전운전 의무 불이행,단일로,기타단일로,화물차,소형,0,0,903998,1884662,126.4216819,36.95548208
2015,2015122418,35,야간,목,1,1,0,0,0,충남,금산군,차대차,추돌,진행중 추돌,운전자법규위반,과속,단일로,기타단일로,승용차,경형,자전거,자전거,998620,1801105,127.4846481,36.20710579
2015,2015122906,5,주간,화,1,1,0,0,0,전남,여수시,차대사람,횡단중,횡단중,운전자법규위반,신호위반,교차로,교차로내,승용차,경형,보행자,보행자,1020300,1645789,127.7219402,34.80646921
2015,2015112206,30,주간,일,1,1,0,0,0,경남,창원시(통합),차량단독,전도전복,전도전복,운전자법규위반,안전운전 의무 불이행,단일로,기타단일로,원동기장치자전거,원동기장치자전거,0,0,1097781,1690855,128.5742612,35.20828502
2015,2015111907,35,주간,목,1,1,0,0,0,서울,성북구,차대사람,길가장자리구역통행중,길가장자리구역통행중,운전자법규위반,안전운전 의무 불이행,교차로,교차로내,화물차,중형,보행자,보행자,956825,1956016,127.010872,37.60254963
2015,2015120107,45,주간,화,1,2,0,1,0,세종,세종,차량단독,전도전복,전도전복,운전자법규위반,안전운전 의무 불이행,교차로,교차로부근,화물차,소형,0,0,968838,1857708,127.1510611,36.71688532
2015,2015120116,50,주간,화,1,3,0,2,0,전남,고흥군,차량단독,전도전복,전도전복,운전자법규위반,안전운전 의무 불이행,단일로,기타단일로,화물차,소형,0,0,984937,1631211,127.3355764,34.67509882
2015,2015112919,0,야간,일,1,1,0,0,0,경기,화성시,차량단독,기타,기타,운전자법규위반,안전운전 의무 불이행,단일로,기타단일로,이륜차,소형,0,0,946743,1902328,126.9005203,37.11811053
2015,2015112917,40,주간,일,1,1,0,0,0,경기,양주시,차대차,추돌,주정차중 추돌,운전자법규위반,안전운전 의무 불이행,단일로,기타단일로,이륜차,소형,건설기계,건설기계,963031,1977841,127.0800695,37.79953134
2015,2015112523,53,야간,수,1,1,0,0,0,경북,칠곡군,차량단독,전도전복,전도전복,운전자법규위반,안전운전 의무 불이행,단일로,기타단일로,승용차,소형,0,0,1093074,1789011,128.5338971,36.09361028
2015,2015112817,31,주간,토,1,1,0,0,0,전북,김제시,차대사람,횡단중,횡단중,운전자법규위반,안전운전 의무 불이행,단일로,기타단일로,화물차,소형,보행자,보행자,944969,1758009,126.8908181,35.81701287
2015,2015112614,48,주간,목,1,2,1,0,0,전북,완주군,차대차,정면충돌,정면충돌,운전자법규위반,중앙선 침범,단일로,기타단일로,승용차,소형,승용차,중형,971129,1772133,127.1798861,35.94547333
2015,2015112617,45,주간,목,1,1,0,0,0,강원,동해시,차대사람,길가장자리구역통행중,길가장자리구역통행중,운전자법규위반,보행자 보호의무 위반,단일로,횡단보도상,화물차,중형,보행자,보행자,1143103,1947045,129.1191883,37.51160253
2015,2015113006,10,주간,월,1,1,0,0,0,경기,파주시,차대차,정면충돌,정면충돌,운전자법규위반,안전운전 의무 불이행,교차로,교차로부근,화물차,대형,화물차,대형,927984,1967142,126.6830599,37.7010166
2015,2015120919,10,야간,수,1,1,0,0,0,경북,김천시,차대차,측면직각충돌,측면직각충돌,운전자법규위반,안전운전 의무 불이행,단일로,기타단일로,이륜차,소형,승용차,중형,1055761,1794372,128.1198207,36.14480031
2015,2015120705,0,야간,월,2,3,1,0,0,부산,강서구,차대차,기타,기타,운전자법규위반,안전운전 의무 불이행,교차로,교차로부근,승용차,중형,승용차,소형,1126181,1680575,128.8846313,35.11244547
2015,2015120618,28,야간,일,1,1,0,0,0,경남,거창군,차대사람,횡단중,횡단중,운전자법규위반,안전운전 의무 불이행,단일로,횡단보도부근,승용차,경형,보행자,보행자,1041025,1739338,127.9531887,35.64935971
2015,2015120409,52,주간,금,1,1,0,0,0,전남,영광군,차대차,추돌,진행중 추돌,운전자법규위반,안전운전 의무 불이행,단일로,기타단일로,원동기장치자전거,원동기장치자전거,화물차,소형,907772,1699040,126.485819,35.28260408
2015,2015120416,50,주간,금,1,1,0,0,0,전북,전주시,차대사람,횡단중,횡단중,운전자법규위반,신호위반,교차로,교차로내,승합차,대형,보행자,보행자,969865,1758897,127.1663723,35.82609985
2015,2015091804,50,야간,금,1,1,0,0,0,대전,유성구,차량단독,기타,기타,운전자법규위반,안전운전 의무 불이행,교차로,교차로부근,승용차,중형,0,0,987781,1822771,127.36373,36.40235852
2015,2015091413,10,주간,월,1,1,0,0,0,경기,평택시,차대사람,기타,기타,운전자법규위반,안전운전 의무 불이행,교차로,교차로부근,승용차,중형,보행자,보행자,960319,1898399,127.0535395,37.08336871
2015,2015091419,8,야간,월,1,1,0,0,0,경남,양산시,차대사람,횡단중,횡단중,운전자법규위반,보행자 보호의무 위반,단일로,기타단일로,승합차,대형,보행자,보행자,1137736,1704048,129.0153191,35.32251583
2015,2015091502,30,야간,화,1,3,2,0,0,경기,파주시,차량단독,공작물충돌,공작물충돌,운전자법규위반,안전운전 의무 불이행,교차로,교차로내,승용차,중형,0,0,941066,1974856,126.8308246,37.77147523
2015,2015091507,15,주간,화,1,1,0,0,0,광주,광산구,차대사람,횡단중,횡단중,운전자법규위반,보행자 보호의무 위반,교차로,교차로내,승합차,대형,보행자,보행자,937692,1689055,126.8155637,35.19488591
2015,2015082516,49,주간,화,1,1,0,0,0,인천,동구,차대차,기타,기타,운전자법규위반,안전운전 의무 불이행,교차로,교차로내,화물차,중형,자전거,자전거,924513,1943504,126.6461271,37.48769939
2015,2015082616,8,주간,수,1,1,0,0,0,경북,경산시,차대차,기타,기타,운전자법규위반,중앙선 침범,단일로,기타단일로,이륜차,소형,승용차,중형,1120347,1757286,128.83198,35.8046583
2015,2015082622,0,야간,수,1,1,0,0,0,경기,가평군,차대사람,횡단중,횡단중,운전자법규위반,보행자 보호의무 위반,단일로,기타단일로,승용차,중형,보행자,보행자,1000732,1981935,127.508319,37.83717941
2015,2015082618,20,야간,수,1,1,0,0,0,경북,예천군,차량단독,도로이탈,도로이탈 기타,운전자법규위반,기타(운전자법규위반),단일로,기타단일로,화물차,소형,0,0,1069145,1838449,128.2724964,36.54127495
2015,2015092520,31,야간,금,1,1,0,0,0,강원,홍천군,차대사람,길가장자리구역통행중,길가장자리구역통행중,운전자법규위반,안전운전 의무 불이행,단일로,기타단일로,화물차,소형,보행자,보행자,1031750,1964508,127.8600666,37.67955579
2015,2015092616,10,주간,토,1,4,1,1,1,경북,경주시,차량단독,공작물충돌,공작물충돌,운전자법규위반,안전운전 의무 불이행,단일로,기타단일로,승용차,중형,0,0,1160441,1778515,129.2798447,35.9902347
2015,2015092616,10,주간,토,1,2,0,1,0,광주,광산구,차대차,정면충돌,정면충돌,운전자법규위반,신호위반,교차로,교차로내,이륜차,중형,승용차,중형,939271,1689489,126.8328756,35.19889587
2015,2015092719,20,야간,일,1,1,0,0,0,강원,횡성군,차대사람,횡단중,횡단중,운전자법규위반,안전운전 의무 불이행,단일로,기타단일로,승용차,중형,보행자,보행자,1063055,1946663,128.2135299,37.51710397
2015,2015093020,48,야간,수,1,1,0,0,0,강원,삼척시,차대사람,횡단중,횡단중,운전자법규위반,과속,단일로,기타단일로,승합차,소형,보행자,보행자,1137284,1916991,129.0477937,37.24168374
2015,2015100122,35,야간,목,1,1,0,0,0,강원,원주시,차대사람,횡단중,횡단중,운전자법규위반,안전운전 의무 불이행,기타/불명,기타/불명,승용차,중형,보행자,보행자,1038166,1929316,127.9309982,37.3621124
2015,2015100215,5,주간,금,1,2,1,0,0,경북,상주시,차대차,측면직각충돌,측면직각충돌,운전자법규위반,중앙선 침범,교차로,교차로내,원동기장치자전거,원동기장치자전거,화물차,소형,1058067,1820039,128.1473586,36.3760523
2015,2015100400,35,야간,일,1,1,0,0,0,경북,포항시,차대사람,횡단중,횡단중,운전자법규위반,과속,단일로,기타단일로,승용차,중형,보행자,보행자,1169221,1786438,129.3788944,36.06014495
2015,2015100523,10,야간,월,1,2,0,1,0,전북,전주시,차대차,추돌,진행중 추돌,운전자법규위반,안전운전 의무 불이행,단일로,기타단일로,화물차,소형,화물차,소형,965195,1750580,127.115033,35.75095867
2015,2015100620,29,야간,화,1,2,1,0,0,대구,북구,차대차,추돌,진행중 추돌,운전자법규위반,안전운전 의무 불이행,교차로,교차로부근,승용차,경형,자전거,자전거,1098260,1767679,128.5888492,35.90080613
2015,2015100614,15,주간,화,2,3,1,0,0,경남,의령군,차대차,기타,기타,운전자법규위반,안전운전 의무 불이행,단일로,기타단일로,승용차,소형,승용차,소형,1071426,1703717,128.2858624,35.32647403
2015,2015100616,10,주간,화,1,1,0,0,0,대구,달서구,차대사람,횡단중,횡단중,운전자법규위반,안전운전 의무 불이행,단일로,기타단일로,이륜차,소형,보행자,보행자,1096396,1762654,128.5675888,35.85569348
2015,2015100610,50,주간,화,1,1,0,0,0,전북,무주군,차대차,측면직각충돌,측면직각충돌,운전자법규위반,중앙선 침범,단일로,기타단일로,승합차,대형,이륜차,소형,1025535,1776235,127.7832577,35.98254945
2015,2015100310,50,주간,토,1,1,0,0,0,강원,춘천시,차대차,측면직각충돌,측면직각충돌,운전자법규위반,안전운전 의무 불이행,단일로,기타단일로,승용차,중형,자전거,자전거,1022198,1989686,127.7525128,37.90676935
2015,2015100915,25,주간,금,1,1,0,0,0,광주,북구,차대차,기타,기타,운전자법규위반,부당한 회전,단일로,기타단일로,자전거,자전거,승용차,중형,947248,1685937,126.9207281,35.16731958
2015,2015083020,27,야간,일,1,1,0,0,0,경남,창원시(통합),차대사람,차도통행중,차도통행중,운전자법규위반,안전운전 의무 불이행,단일로,기타단일로,승용차,중형,보행자,보행자,1092004,1683831,128.5100182,35.14550469
2015,2015090300,15,야간,목,1,1,0,0,0,경남,창원시(통합),차대사람,기타,기타,운전자법규위반,안전운전 의무 불이행,단일로,기타단일로,승용차,경형,보행자,보행자,1100394,1696416,128.6036429,35.25816167
2015,2015090221,15,야간,수,1,2,0,1,0,경북,청도군,차대사람,횡단중,횡단중,운전자법규위반,안전운전 의무 불이행,단일로,기타단일로,승용차,소형,보행자,보행자,1111852,1739789,128.7355409,35.64794085
2015,2015083111,50,주간,월,1,4,2,0,1,서울,강남구,차대차,기타,기타,운전자법규위반,안전운전 의무 불이행,단일로,기타단일로,승용차,소형,승용차,중형,966029,1940808,127.1158451,37.46585977
2015,2015083112,30,주간,월,1,1,0,0,0,전남,구례군,차량단독,전도전복,전도전복,운전자법규위반,안전운전 의무 불이행,교차로,교차로내,자전거,자전거,0,0,998415,1688590,127.4825896,35.19262587
2015,2015083112,40,주간,월,1,1,0,0,0,전북,익산시,차대사람,기타,기타,운전자법규위반,안전운전 의무 불이행,단일로,기타단일로,화물차,소형,보행자,보행자,949703,1772199,126.9423241,35.94519973
2015,2015091106,50,주간,금,1,1,0,0,0,부산,진구,차대차,정면충돌,정면충돌,운전자법규위반,신호위반,교차로,교차로내,화물차,소형,원동기장치자전거,원동기장치자전거,1142570,1686450,129.0654314,35.16321465
2015,2015090918,27,야간,수,1,1,0,0,0,경기,화성시,차대차,추돌,진행중 추돌,운전자법규위반,안전운전 의무 불이행,교차로,교차로내,자전거,자전거,승용차,중형,946174,1902854,126.8940779,37.1228192
2015,2015090610,25,주간,일,1,1,0,0,0,서울,광진구,차대차,기타,기타,운전자법규위반,신호위반,교차로,교차로내,승용차,중형,원동기장치자전거,원동기장치자전거,963519,1951647,127.0869238,37.56346044
2015,2015090614,50,주간,일,1,2,0,1,0,전북,완주군,차대차,추돌,진행중 추돌,운전자법규위반,안전운전 의무 불이행,단일로,기타단일로,이륜차,대형,화물차,소형,976203,1746423,127.2369109,35.71380613
2015,2015091808,35,주간,금,1,1,0,0,0,경남,하동군,차대차,정면충돌,정면충돌,운전자법규위반,중앙선 침범,단일로,기타단일로,이륜차,소형,건설기계,건설기계,1014297,1685276,127.6569878,35.16264249
2015,2015091207,50,주간,토,2,4,1,1,0,경북,안동시,차대차,정면충돌,정면충돌,운전자법규위반,중앙선 침범,단일로,기타단일로,화물차,소형,화물차,중형,1127510,1842293,128.9250528,36.56991289
2015,2015091819,30,야간,금,1,1,0,0,0,경기,고양시,차대사람,횡단중,횡단중,운전자법규위반,기타(운전자법규위반),단일로,횡단보도상,승합차,대형,보행자,보행자,944079,1956487,126.8664442,37.60610797
2015,2015091206,35,주간,토,1,1,0,0,0,경남,사천시,차대사람,횡단중,횡단중,운전자법규위반,안전운전 의무 불이행,단일로,기타단일로,승용차,중형,보행자,보행자,1051843,1659582,128.0676441,34.92972586
2015,2015091516,45,주간,화,1,1,0,0,0,충북,괴산군,차대사람,기타,기타,운전자법규위반,안전운전 의무 불이행,단일로,기타단일로,화물차,소형,보행자,보행자,1040138,1873061,127.9499308,36.85533729
2015,2015082919,55,야간,토,1,2,1,0,0,충북,영동군,차대차,측면직각충돌,측면직각충돌,운전자법규위반,신호위반,교차로,교차로내,이륜차,중형,승용차,소형,1024064,1796513,127.7675587,36.16540792
2015,2015082417,15,주간,월,1,1,0,0,0,경남,진주시,차대사람,길가장자리구역통행중,길가장자리구역통행중,운전자법규위반,안전운전 의무 불이행,단일로,기타단일로,화물차,중형,보행자,보행자,1075475,1686971,128.328869,35.17519233
2015,2015082505,59,야간,화,1,1,0,0,0,인천,연수구,차량단독,공작물충돌,공작물충돌,운전자법규위반,안전운전 의무 불이행,단일로,기타단일로,이륜차,소형,0,0,925003,1932663,126.6527715,37.39003187
2015,2015082720,25,야간,목,1,3,2,0,0,전남,화순군,차대차,추돌,주정차중 추돌,운전자법규위반,안전운전 의무 불이행,단일로,기타단일로,화물차,소형,화물차,소형,954654,1671791,127.0028259,35.04012744
2015,2015021104,45,야간,수,1,1,0,0,0,경북,경주시,차대사람,기타,기타,운전자법규위반,안전운전 의무 불이행,단일로,기타단일로,화물차,소형,보행자,보행자,1157497,1775360,129.2465727,35.96228256
2015,2015021017,3,주간,화,1,1,0,0,0,대구,달서구,차대차,기타,기타,운전자법규위반,안전운전 의무 불이행,교차로,교차로내,건설기계,건설기계,자전거,자전거,1088337,1761315,128.4781991,35.84438245
2015,2015021004,15,야간,화,1,1,0,0,0,서울,구로구,차대사람,횡단중,횡단중,운전자법규위반,안전운전 의무 불이행,단일로,기타단일로,화물차,중형,보행자,보행자,943096,1943262,126.8563337,37.48685041
2015,2015021014,55,주간,화,1,3,1,0,1,경북,구미시,차대차,기타,기타,운전자법규위반,중앙선 침범,단일로,기타단일로,승용차,경형,승합차,대형,1084659,1788484,128.4403758,36.08962962
2015,2015021011,10,주간,화,1,1,0,0,0,충남,천안시,차대사람,횡단중,횡단중,운전자법규위반,신호위반,단일로,기타단일로,화물차,소형,보행자,보행자,965753,1868627,127.1160268,36.81520928
2015,2015021102,0,야간,수,1,1,0,0,0,경남,하동군,차대차,측면직각충돌,측면직각충돌,운전자법규위반,중앙선 침범,단일로,기타단일로,화물차,대형,승용차,중형,1025197,1662601,127.7759851,34.9579622
2015,2015020720,30,야간,토,1,1,0,0,0,강원,횡성군,차량단독,도로이탈,도로이탈 추락,운전자법규위반,안전운전 의무 불이행,단일로,기타단일로,화물차,소형,0,0,1058847,1936332,128.1650897,37.42426768
2015,2015021002,13,야간,화,1,1,0,0,0,전북,익산시,차량단독,공작물충돌,공작물충돌,운전자법규위반,안전운전 의무 불이행,단일로,기타단일로,화물차,소형,0,0,954373,1790444,126.9930488,36.10991783
2015,2015021308,30,주간,금,1,2,1,0,0,경북,영천시,차대차,측면직각충돌,측면직각충돌,운전자법규위반,중앙선 침범,단일로,기타단일로,승용차,중형,승용차,중형,1130620,1775304,128.9486037,35.96574543
2015,2015020312,55,주간,화,1,3,2,0,0,대구,동구,차량단독,공작물충돌,공작물충돌,운전자법규위반,안전운전 의무 불이행,단일로,기타단일로,승용차,중형,0,0,1104417,1768935,128.6572295,35.91149008