발생년,발생년월일시,발생분,주야,요일,사망자수,사상자수,중상자수,경상자수,부상신고자수,발생지시도,발생지시군구,사고유형_대분류,사고유형_중분류,사고유형,법규위반_대분류,법규위반,도로형태_대분류,도로형태,당사자종별_1당_대분류,당사자종별_1당,당사자종별_2당_대분류,당사자종별_2당,발생위치X_UTMK,발생위치Y_UTMK,경도,위도
2015,2015052710,50,주간,수,1,1,0,0,0,경남,하동군,차량단독,공작물충돌,공작물충돌,운전자법규위반,안전운전 의무 불이행,단일로,기타단일로,승용차,중형,0,0,1012271,1686733,127.6347631,35.17580728
2015,2015052722,10,야간,수,1,1,0,0,0,충북,진천군,차대사람,횡단중,횡단중,운전자법규위반,안전운전 의무 불이행,단일로,기타단일로,승용차,중형,보행자,보행자,994017,1873600,127.4322119,36.86077505
2015,2015052416,15,주간,일,1,5,1,3,0,광주,북구,차대차,측면직각충돌,측면직각충돌,운전자법규위반,신호위반,교차로,교차로내,승용차,소형,승용차,중형,942772,1690948,126.8712315,35.21225684
2015,2015052923,10,야간,금,1,4,1,2,0,충남,당진시,차량단독,공작물충돌,공작물충돌,운전자법규위반,안전운전 의무 불이행,교차로,교차로내,승용차,대형,0,0,920438,1872451,126.6076002,36.84695166
2015,2015053014,40,주간,토,1,1,0,0,0,경기,고양시,차대사람,차도통행중,차도통행중,운전자법규위반,안전운전 의무 불이행,단일로,횡단보도부근,승합차,대형,보행자,보행자,933996,1964135,126.7515261,37.67436845
2015,2015053012,15,주간,토,1,1,0,0,0,경기,안산시,차대사람,횡단중,횡단중,운전자법규위반,안전운전 의무 불이행,교차로,교차로부근,승용차,중형,보행자,보행자,942107,1925421,126.8465455,37.32598407
2015,2015052906,17,주간,금,1,1,0,0,0,경남,통영시,차대사람,횡단중,횡단중,운전자법규위반,안전운전 의무 불이행,교차로,교차로내,승용차,중형,보행자,보행자,1084052,1650678,128.4193824,34.84728421
2015,2015060221,35,야간,화,1,1,0,0,0,경남,창원시(통합),차대사람,차도통행중,차도통행중,운전자법규위반,안전운전 의무 불이행,단일로,기타단일로,승용차,소형,보행자,보행자,1112460,1680063,128.734029,35.10945591
2015,2015060111,50,주간,월,1,1,0,0,0,전남,고흥군,차량단독,공작물충돌,공작물충돌,운전자법규위반,안전운전 의무 불이행,단일로,기타단일로,농기계,농기계,0,0,978150,1634064,127.261418,34.70070424
2015,2015061721,25,야간,수,1,1,0,0,0,강원,삼척시,차대차,추돌,진행중 추돌,운전자법규위반,안전운전 의무 불이행,단일로,기타단일로,승용차,중형,자전거,자전거,1162742,1916872,129.3346674,37.23651307
2015,2015062117,0,주간,일,1,1,0,0,0,전남,구례군,차량단독,전도전복,전도전복,운전자법규위반,안전운전 의무 불이행,단일로,기타단일로,이륜차,대형,0,0,992253,1697446,127.4148196,35.27245253
2015,2015061922,55,야간,금,1,1,0,0,0,경기,성남시,차대차,측면직각충돌,측면직각충돌,운전자법규위반,신호위반,교차로,교차로내,이륜차,중형,승용차,소형,969714,1937075,127.1576689,37.43234018
2015,2015062314,55,주간,화,1,3,1,1,0,인천,서구,차대차,정면충돌,정면충돌,운전자법규위반,중앙선 침범,단일로,기타단일로,승용차,소형,승용차,중형,929396,1955132,126.7002375,37.59288563
2015,2015062609,10,주간,금,1,3,1,1,0,경기,안산시,차대차,기타,기타,운전자법규위반,안전운전 의무 불이행,교차로,교차로내,승용차,대형,승용차,중형,940228,1923969,126.825455,37.31277771
2015,2015062623,27,야간,금,1,1,0,0,0,경북,경주시,차량단독,공작물충돌,공작물충돌,운전자법규위반,안전운전 의무 불이행,고가도로위,고가도로위,승용차,대형,0,0,1156243,1778888,129.2333674,35.99427789
2015,2015070309,10,주간,금,1,1,0,0,0,경기,평택시,차대차,측면직각충돌,측면직각충돌,운전자법규위반,안전운전 의무 불이행,단일로,기타단일로,원동기장치자전거,원동기장치자전거,승용차,중형,960491,1895005,127.0556532,37.05278228
2015,2015063019,10,야간,화,1,1,0,0,0,경기,김포시,차대차,기타,기타,운전자법규위반,중앙선 침범,단일로,기타단일로,원동기장치자전거,원동기장치자전거,승용차,경형,923695,1969283,126.6341865,37.71996486
2015,2015063021,25,야간,화,1,1,0,0,0,경기,부천시,차대차,측면직각충돌,측면직각충돌,운전자법규위반,직진 및 우회전차의 통행방해,교차로,교차로내,승용차,중형,이륜차,소형,938993,1947710,126.8095567,37.52667829
2015,2015070518,10,야간,일,2,2,0,0,0,경남,창녕군,차량단독,공작물충돌,공작물충돌,운전자법규위반,안전운전 의무 불이행,단일로,기타단일로,원동기장치자전거,원동기장치자전거,0,0,1093873,1722485,128.5349644,35.49381692
2015,2015070407,37,주간,토,1,1,0,0,0,경기,양주시,차대차,정면충돌,정면충돌,운전자법규위반,안전운전 의무 불이행,교차로,교차로내,승용차,중형,이륜차,소형,954153,1969184,126.9797745,37.7211041
2015,2015070408,25,주간,토,1,1,0,0,0,경기,하남시,차대차,기타,기타,운전자법규위반,안전운전 의무 불이행,단일로,기타단일로,승용차,중형,자전거,자전거,979600,1947767,127.2691157,37.52898463
2015,2015070400,16,야간,토,1,1,0,0,0,서울,동대문구,차대사람,기타,기타,운전자법규위반,안전운전 의무 불이행,단일로,기타단일로,승용차,대형,보행자,보행자,961498,1951611,127.0640423,37.56305368
2015,2015071010,34,주간,금,1,1,0,0,0,전남,나주시,차대차,정면충돌,정면충돌,운전자법규위반,신호위반,교차로,교차로내,승용차,중형,화물차,소형,932280,1659269,126.7585509,34.92596712
2015,2015071019,20,야간,금,1,1,0,0,0,전북,완주군,차대사람,기타,기타,운전자법규위반,안전운전 의무 불이행,단일로,기타단일로,승용차,소형,보행자,보행자,981925,1758933,127.299888,35.82672088
2015,2015071007,50,주간,금,1,1,0,0,0,경북,구미시,차대사람,기타,기타,운전자법규위반,안전운전 의무 불이행,단일로,기타단일로,승합차,대형,보행자,보행자,1082517,1796948,128.4174732,36.16611347
2015,2015070907,45,주간,목,1,2,0,1,0,충북,청주시,차대차,측면직각충돌,측면직각충돌,운전자법규위반,직진 및 우회전차의 통행방해,교차로,교차로내,화물차,소형,승용차,중형,986936,1849982,127.3538457,36.64765787
2015,2015071014,30,주간,금,1,1,0,0,0,경기,평택시,차대차,기타,기타,운전자법규위반,신호위반,교차로,교차로내,이륜차,소형,승용차,경형,962178,1895031,127.0746246,37.05308619
2015,2015052613,30,주간,화,1,2,0,1,0,경남,창녕군,차대차,정면충돌,정면충돌,운전자법규위반,중앙선 침범,단일로,기타단일로,승용차,경형,승합차,중형,1091610,1718563,128.5095758,35.45867023
2015,2015052704,8,야간,수,1,2,0,0,1,대구,북구,차량단독,공작물충돌,공작물충돌,운전자법규위반,안전운전 의무 불이행,단일로,기타단일로,이륜차,중형,0,0,1100843,1767397,128.6174316,35.89800117
2015,2015053008,35,주간,토,1,3,0,2,0,경북,영덕군,차대사람,기타,기타,운전자법규위반,중앙선 침범,단일로,기타단일로,화물차,소형,보행자,보행자,1159740,1818999,129.2803071,36.35516487
2015,2015052717,20,주간,수,1,1,0,0,0,경기,의정부시,차대차,기타,기타,운전자법규위반,교차로 통행방법 위반,교차로,교차로내,승용차,중형,자전거,자전거,959598,1970794,127.0414675,37.73587152
2015,2015060121,0,야간,월,1,1,0,0,0,경기,화성시,차대사람,횡단중,횡단중,운전자법규위반,안전운전 의무 불이행,교차로,교차로내,승용차,중형,보행자,보행자,950126,1909652,126.9381105,37.18431377
2015,2015060511,5,주간,금,1,1,0,0,0,충북,충주시,차대차,기타,기타,운전자법규위반,중앙선 침범,교차로,교차로부근,이륜차,소형,승용차,중형,1038565,1886087,127.9332736,36.97243337
2015,2015060514,40,주간,금,1,3,2,0,0,강원,동해시,차량단독,전도전복,전도전복,운전자법규위반,안전운전 의무 불이행,단일로,기타단일로,화물차,소형,0,0,1133428,1946975,129.0097406,37.5124216
2015,2015011301,0,야간,화,1,2,0,1,0,경북,영천시,차대차,추돌,진행중 추돌,운전자법규위반,안전운전 의무 불이행,단일로,기타단일로,화물차,중형,화물차,대형,1130499,1770474,128.9464684,35.92222813
2015,2015011504,21,야간,목,1,2,1,0,0,경북,경산시,차대차,추돌,주정차중 추돌,운전자법규위반,안전운전 의무 불이행,단일로,기타단일로,화물차,대형,화물차,대형,1116311,1765235,128.7884789,35.87679635
2015,2015011703,11,야간,토,1,2,0,1,0,충북,청주시,차대차,기타,기타,운전자법규위반,안전운전 의무 불이행,단일로,기타단일로,승용차,대형,승용차,중형,993743,1831103,127.4307961,36.47964558
2015,2015021109,39,주간,수,1,37,18,18,0,인천,서구,차대차,추돌,진행중 추돌,운전자법규위반,안전운전 의무 불이행,단일로,기타단일로,승용차,중형,승용차,중형,919715,1950208,126.5911279,37.54771452
2015,2015021109,39,주간,수,1,24,4,19,0,인천,서구,차대차,추돌,진행중 추돌,운전자법규위반,안전운전 의무 불이행,단일로,교량위,승용차,중형,승용차,대형,920028,1950327,126.5946579,37.54881422
2015,2015041402,55,야간,화,1,2,1,0,0,대구,북구,차대차,추돌,진행중 추돌,운전자법규위반,안전운전 의무 불이행,단일로,기타단일로,승용차,중형,화물차,대형,1100957,1769425,128.618952,35.91627053
2015,2015041405,20,야간,화,1,1,0,0,0,경기,성남시,차량단독,공작물충돌,공작물충돌,운전자법규위반,안전운전 의무 불이행,단일로,기타단일로,화물차,중형,0,0,964905,1929626,127.1036663,37.36502792
2015,2015052121,25,야간,목,1,1,0,0,0,경기,성남시,차대사람,횡단중,횡단중,운전자법규위반,안전운전 의무 불이행,단일로,기타단일로,승합차,대형,보행자,보행자,963983,1934092,127.0930367,37.40524737
2015,2015071908,28,주간,일,1,2,0,0,1,경기,용인시,차량단독,공작물충돌,공작물충돌,운전자법규위반,안전운전 의무 불이행,단일로,기타단일로,화물차,중형,0,0,964711,1918268,127.1020155,37.26264258
2015,2015072408,50,주간,금,1,1,0,0,0,경기,화성시,차대차,측면직각충돌,측면직각충돌,운전자법규위반,안전운전 의무 불이행,단일로,기타단일로,화물차,소형,화물차,중형,945254,1916514,126.8827208,37.24589193
2015,2015072802,12,야간,화,1,1,0,0,0,경북,청도군,차대사람,기타,기타,운전자법규위반,안전운전 의무 불이행,단일로,기타단일로,승용차,소형,보행자,보행자,1112663,1743091,128.7449595,35.6776139
2015,2015052914,50,주간,금,1,1,0,0,0,경남,함안군,차대차,추돌,진행중 추돌,운전자법규위반,안전운전 의무 불이행,단일로,기타단일로,화물차,중형,화물차,대형,1092201,1699156,128.5138972,35.28365238
2015,2015112906,40,주간,일,2,5,0,3,0,충북,청주시,차대차,추돌,진행중 추돌,운전자법규위반,안전운전 의무 불이행,기타/불명,기타/불명,승용차,중형,승용차,중형,993889,1839302,127.4301423,36.53011397
2015,2015102612,8,주간,월,1,21,3,15,2,경북,상주시,차대차,기타,기타,운전자법규위반,안전운전 의무 불이행,단일로,터널안,화물차,소형,화물차,대형,1064790,1812767,128.2217804,36.30990223
2015,2015101410,10,주간,수,1,2,0,1,0,충남,보령시,차대차,추돌,진행중 추돌,운전자법규위반,안전운전 의무 불이행,단일로,기타단일로,화물차,소형,화물차,대형,917989,1833287,126.5843268,36.49372697
2015,2015110800,50,야간,일,1,1,0,0,0,충남,공주시,차대차,기타,기타,운전자법규위반,과속,단일로,기타단일로,승용차,중형,승합차,대형,965995,1846407,127.1197285,36.61491219
2015,2015082701,5,야간,목,1,1,0,0,0,경기,의왕시,차대차,측면직각충돌,측면직각충돌,운전자법규위반,안전운전 의무 불이행,단일로,기타단일로,승용차,소형,화물차,소형,952024,1925234,126.9584885,37.32486376
2015,2015090105,25,야간,화,1,1,0,0,0,인천,남동구,차량단독,공작물충돌,공작물충돌,운전자법규위반,안전운전 의무 불이행,단일로,기타단일로,승용차,소형,0,0,932693,1937689,126.7391787,37.4359217
2015,2015010507,30,주간,월,1,4,2,1,0,경남,창원시(통합),차대사람,기타,기타,운전자법규위반,안전운전 의무 불이행,단일로,기타단일로,승용차,소형,보행자,보행자,1078504,1682339,128.3616898,35.13319716
2015,2015010407,10,주간,일,1,1,0,0,0,경기,광주시,차대차,추돌,진행중 추돌,운전자법규위반,안전운전 의무 불이행,단일로,기타단일로,승용차,소형,건설기계,건설기계,981031,1932301,127.2857097,37.38960983
2015,2015010400,5,야간,일,1,1,0,0,0,전남,신안군,차량단독,기타,기타,운전자법규위반,안전운전 의무 불이행,단일로,기타단일로,승용차,중형,0,0,872776,1678344,126.1042694,35.09220263
2015,2015010714,5,주간,수,1,1,0,0,0,전북,전주시,차대사람,차도통행중,차도통행중,운전자법규위반,안전운전 의무 불이행,단일로,기타단일로,승합차,대형,보행자,보행자,967896,1758730,127.1445804,35.82453169
2015,2015010615,50,주간,화,1,1,0,0,0,전남,순천시,차대차,기타,기타,운전자법규위반,안전운전 의무 불이행,교차로,교차로부근,화물차,경형,승용차,중형,993131,1649660,127.4248692,34.84155591
2015,2015012018,18,야간,화,1,1,0,0,0,충남,아산시,차대사람,횡단중,횡단중,운전자법규위반,보행자 보호의무 위반,단일로,횡단보도상,승용차,소형,보행자,보행자,961984,1861714,127.0741152,36.75274803
2015,2015011802,50,야간,일,1,1,0,0,0,제주,서귀포시,차대사람,기타,기타,운전자법규위반,안전운전 의무 불이행,교차로,교차로부근,승용차,중형,보행자,보행자,939015,1483555,126.8446335,33.3417851
2015,2015012415,20,주간,토,1,1,0,0,0,대구,북구,차대사람,기타,기타,운전자법규위반,안전운전 의무 불이행,교차로,교차로부근,승용차,중형,보행자,보행자,1099276,1767230,128.6000499,35.89665605
2015,2015012221,35,야간,목,1,1,0,0,0,강원,원주시,차대사람,횡단중,횡단중,운전자법규위반,안전운전 의무 불이행,교차로,교차로부근,승용차,중형,보행자,보행자,1040210,1924518,127.9538196,37.31877866
2015,2015012819,3,야간,수,1,1,0,0,0,경남,밀양시,차량단독,공작물충돌,공작물충돌,운전자법규위반,안전운전 의무 불이행,단일로,기타단일로,화물차,소형,0,0,1106292,1714277,128.6707891,35.41857085
2015,2015020615,0,주간,금,1,1,0,0,0,충남,천안시,차량단독,전도전복,전도전복,운전자법규위반,안전운전 의무 불이행,단일로,기타단일로,이륜차,소형,0,0,966082,1859043,127.1201419,36.72882542
2015,2015020613,30,주간,금,1,1,0,0,0,충남,부여군,차대차,측면직각충돌,측면직각충돌,운전자법규위반,안전운전 의무 불이행,교차로,교차로부근,화물차,중형,자전거,자전거,947246,1809517,126.9125828,36.28150305
2015,2015020707,0,주간,토,1,1,0,0,0,경기,군포시,차량단독,전도전복,전도전복,운전자법규위반,안전운전 의무 불이행,단일로,기타단일로,이륜차,중형,0,0,949382,1928612,126.9284385,37.35517101
2015,2015020408,15,주간,수,1,1,0,0,0,충남,서산시,차대사람,횡단중,횡단중,운전자법규위반,보행자 보호의무 위반,교차로,교차로내,특수차,대형,보행자,보행자,905537,1876016,126.4400446,36.87771131
2015,2015020406,10,주간,수,1,1,0,0,0,경북,포항시,차대사람,기타,기타,운전자법규위반,안전운전 의무 불이행,단일로,횡단보도부근,승합차,소형,보행자,보행자,1167440,1785341,129.3588964,36.05056805
2015,2015021014,17,주간,화,1,1,0,0,0,전북,부안군,차대사람,횡단중,횡단중,운전자법규위반,안전운전 의무 불이행,교차로,교차로부근,화물차,소형,보행자,보행자,930785,1747697,126.7347067,35.723147
2015,2015021005,45,야간,화,1,1,0,0,0,경기,용인시,차대차,추돌,진행중 추돌,운전자법규위반,안전운전 의무 불이행,교차로,교차로내,화물차,소형,화물차,대형,964922,1917691,127.1044223,37.25744958
2015,2015020804,0,야간,일,2,4,2,0,0,부산,동구,차대차,추돌,주정차중 추돌,운전자법규위반,안전운전 의무 불이행,단일로,기타단일로,승용차,중형,특수차,대형,1140523,1680647,129.0419756,35.11119496
2015,2015020901,0,야간,월,1,2,1,0,0,충남,예산군,차량단독,기타,기타,운전자법규위반,안전운전 의무 불이행,단일로,기타단일로,승용차,소형,0,0,926006,1854895,126.6717508,36.68915717
2015,2015021518,30,야간,일,1,1,0,0,0,경기,연천군,차대차,추돌,진행중 추돌,운전자법규위반,안전운전 의무 불이행,단일로,기타단일로,화물차,경형,자전거,자전거,962835,2009409,127.0762124,38.08403767
2015,2015021423,0,야간,토,1,2,1,0,0,전북,군산시,차대차,측면직각충돌,측면직각충돌,운전자법규위반,과속,단일로,기타단일로,승용차,중형,승용차,중형,911506,1767368,126.5193904,35.89893496
2015,2015021501,49,야간,일,1,1,0,0,0,경북,칠곡군,차량단독,공작물충돌,공작물충돌,운전자법규위반,안전운전 의무 불이행,단일로,기타단일로,승용차,경형,0,0,1083310,1776664,128.4241473,35.98319237
2015,2015010806,30,주간,목,1,1,0,0,0,전남,곡성군,차대차,추돌,진행중 추돌,운전자법규위반,안전운전 의무 불이행,단일로,기타단일로,특수차,대형,화물차,소형,968028,1696079,127.1485151,35.25964574
2015,2015042001,28,야간,월,1,6,2,3,0,대전,대덕구,차대차,기타,기타,운전자법규위반,과속,단일로,기타단일로,승용차,중형,승용차,중형,992580,1828428,127.4173022,36.4530204
2015,2015102815,30,주간,수,1,1,0,0,0,전북,정읍시,차대사람,기타,기타,운전자법규위반,안전운전 의무 불이행,교차로,교차로부근,화물차,중형,보행자,보행자,937751,1740759,126.81226,35.66106085
2015,2015102718,55,야간,화,1,1,0,0,0,대구,달성군,차대사람,횡단중,횡단중,운전자법규위반,안전운전 의무 불이행,교차로,교차로부근,승용차,대형,보행자,보행자,1101840,1756095,128.6270348,35.79601686
2015,2015102812,45,주간,수,1,1,0,0,0,경남,김해시,차대사람,횡단중,횡단중,운전자법규위반,안전운전 의무 불이행,단일로,기타단일로,화물차,대형,보행자,보행자,1119566,1690242,128.8134601,35.20039921
2015,2015102420,25,야간,토,1,1,0,0,0,충남,논산시,차대사람,횡단중,횡단중,운전자법규위반,안전운전 의무 불이행,단일로,기타단일로,승용차,소형,보행자,보행자,959388,1797205,127.0484185,36.1710941
2015,2015110107,15,주간,일,1,1,0,0,0,전남,함평군,차량단독,공작물충돌,공작물충돌,운전자법규위반,안전운전 의무 불이행,단일로,기타단일로,이륜차,소형,0,0,907305,1674612,126.4834297,35.062324
2015,2015110118,10,야간,일,1,1,0,0,0,경북,예천군,차대사람,횡단중,횡단중,운전자법규위반,안전운전 의무 불이행,단일로,기타단일로,승용차,대형,보행자,보행자,1082100,1847281,128.4181581,36.61986047
2015,2015110103,0,야간,일,1,1,0,0,0,대전,서구,차량단독,공작물충돌,공작물충돌,운전자법규위반,안전운전 의무 불이행,단일로,기타단일로,원동기장치자전거,원동기장치자전거,0,0,986600,1816800,127.3506622,36.34851213
2015,2015110410,50,주간,수,1,2,1,0,0,전북,김제시,차대차,측면직각충돌,측면직각충돌,운전자법규위반,신호위반,교차로,교차로내,원동기장치자전거,원동기장치자전거,승용차,중형,944553,1757319,126.8862612,35.81076861
2015,2015110113,5,주간,일,1,1,0,0,0,경북,안동시,차대차,기타,기타,운전자법규위반,안전운전 의무 불이행,단일로,기타단일로,승합차,대형,자전거,자전거,1096161,1842854,128.5748311,36.57864259
2015,2015110514,15,주간,목,1,1,0,0,0,전북,군산시,차대차,측면직각충돌,측면직각충돌,운전자법규위반,안전운전 의무 불이행,교차로,교차로내,이륜차,중형,화물차,중형,937256,1772673,126.8042868,35.94875251
2015,2015110505,40,야간,목,1,2,0,1,0,전남,순천시,차대차,측면직각충돌,측면직각충돌,운전자법규위반,직진 및 우회전차의 통행방해,교차로,교차로내,승용차,중형,승용차,중형,1003161,1661022,127.5346169,34.94403217
2015,2015110714,55,주간,토,1,7,6,0,0,전남,고흥군,차대차,측면직각충돌,측면직각충돌,운전자법규위반,안전운전 의무 불이행,단일로,기타단일로,승용차,소형,승용차,중형,965199,1610446,127.1209757,34.48736185
2015,2015111006,9,주간,화,1,1,0,0,0,경기,성남시,차대차,측면직각충돌,측면직각충돌,운전자법규위반,신호위반,교차로,교차로내,승용차,중형,자전거,자전거,965310,1927972,127.1083174,37.35013454
2015,2015110800,35,야간,일,1,1,0,0,0,경기,용인시,차대사람,횡단중,횡단중,운전자법규위반,안전운전 의무 불이행,교차로,교차로내,승용차,중형,보행자,보행자,965405,1921974,127.1096697,37.29607375
2015,2015110606,5,주간,금,1,1,0,0,0,대구,북구,차대사람,기타,기타,운전자법규위반,과속,교차로,교차로부근,승용차,중형,보행자,보행자,1095998,1766394,128.5636322,35.88944708
2015,2015110905,50,야간,월,1,1,0,0,0,전남,해남군,차대차,추돌,진행중 추돌,운전자법규위반,안전운전 의무 불이행,단일로,기타단일로,특수차,대형,농기계,농기계,891267,1624549,126.3140659,34.60936767
2015,2015110705,0,야간,토,1,1,0,0,0,서울,광진구,차대사람,기타,기타,운전자법규위반,안전운전 의무 불이행,단일로,기타단일로,승용차,중형,보행자,보행자,964085,1949942,127.093416,37.54811492
2015,2015102106,10,주간,수,1,1,0,0,0,충북,청주시,차대사람,횡단중,횡단중,운전자법규위반,보행자 보호의무 위반,교차로,교차로내,승용차,중형,보행자,보행자,999096,1846387,127.4898907,36.61533822
2015,2015102101,15,야간,수,1,1,0,0,0,경기,의정부시,차량단독,공작물충돌,공작물충돌,운전자법규위반,안전운전 의무 불이행,단일로,기타단일로,이륜차,소형,0,0,963658,1971375,127.0875152,37.74127834
2015,2015101621,12,야간,금,1,2,0,0,1,경북,칠곡군,차대차,측면직각충돌,측면직각충돌,운전자법규위반,안전운전 의무 불이행,단일로,기타단일로,승용차,중형,화물차,소형,1082175,1768581,128.4107217,35.9104214
2015,2015101715,30,주간,토,1,1,0,0,0,경기,수원시,차대차,정면충돌,정면충돌,운전자법규위반,중앙선 침범,단일로,기타단일로,원동기장치자전거,원동기장치자전거,화물차,소형,950909,1921768,126.9461331,37.29356458
2015,2015101118,30,야간,일,1,2,1,0,0,서울,관악구,차대차,기타,기타,운전자법규위반,신호위반,교차로,교차로내,이륜차,중형,승용차,중형,948962,1943567,126.9226622,37.4899423
2015,2015101206,3,주간,월,1,1,0,0,0,서울,은평구,차대사람,횡단중,횡단중,운전자법규위반,신호위반,단일로,횡단보도상,승용차,중형,보행자,보행자,951166,1962239,126.946348,37.65835471
2015,2015101014,50,주간,토,1,4,1,2,0,전남,완도군,차량단독,기타,기타,운전자법규위반,안전운전 의무 불이행,단일로,기타단일로,승합차,소형,0,0,958612,1592455,127.0501066,34.32487468
2015,2015101315,5,주간,화,1,1,0,0,0,경기,부천시,차대차,측면직각충돌,측면직각충돌,운전자법규위반,신호위반,교차로,교차로내,화물차,소형,이륜차,소형,935952,1946454,126.7752523,37.51515186
2015,2015101405,45,야간,수,1,1,0,0,0,전남,나주시,차대차,추돌,진행중 추돌,운전자법규위반,안전운전 의무 불이행,단일로,기타단일로,화물차,중형,원동기장치자전거,원동기장치자전거,930649,1671459,126.7396795,35.03577011
2015,2015101015,5,주간,토,1,5,2,2,0,경남,남해군,차대차,정면충돌,정면충돌,운전자법규위반,중앙선 침범,단일로,기타단일로,승용차,중형,승용차,중형,1041109,1645833,127.9494429,34.80623842
2015,2015092001,6,야간,일,1,1,0,0,0,강원,평창군,차대사람,차도통행중,차도통행중,운전자법규위반,안전운전 의무 불이행,단일로,기타단일로,승용차,대형,보행자,보행자,1096970,1963924,128.5995451,37.66971612
2015,2015092106,9,주간,월,1,1,0,0,0,대구,서구,차대사람,길가장자리구역통행중,길가장자리구역통행중,운전자법규위반,과속,단일로,기타단일로,승용차,중형,보행자,보행자,1093731,1764299,128.5382717,35.87078121
2015,2015092409,48,주간,목,1,1,0,0,0,전남,광양시,차대사람,기타,기타,운전자법규위반,안전운전 의무 불이행,단일로,기타단일로,건설기계,건설기계,보행자,보행자,1019070,1666281,127.7089602,34.99128025
2015,2015102909,45,주간,목,1,1,0,0,0,강원,양구군,차대차,측면직각충돌,측면직각충돌,운전자법규위반,안전운전 의무 불이행,교차로,교차로내,화물차,중형,원동기장치자전거,원동기장치자전거,1045116,2016340,128.0148871,38.14614043
2015,2015102917,10,주간,목,1,1,0,0,0,서울,노원구,차대사람,횡단중,횡단중,운전자법규위반,안전운전 의무 불이행,단일로,기타단일로,승합차,대형,보행자,보행자,960799,1964773,127.0554219,37.68165603
2015,2015102721,55,야간,화,1,1,0,0,0,경북,포항시,차대사람,횡단중,횡단중,운전자법규위반,안전운전 의무 불이행,단일로,기타단일로,승용차,중형,보행자,보행자,1167720,1781680,129.3612269,36.0175301
2015,2015102906,28,주간,목,1,1,0,0,0,전북,군산시,차대사람,차도통행중,차도통행중,운전자법규위반,안전운전 의무 불이행,단일로,기타단일로,승용차,중형,보행자,보행자,930402,1775427,126.7280531,35.97311578
2015,2015102318,0,야간,금,1,4,1,2,0,경북,의성군,차대차,추돌,주정차중 추돌,운전자법규위반,안전운전 의무 불이행,단일로,교량위,화물차,소형,화물차,소형,1106892,1818257,128.691356,36.35580123
2015,2015102406,4,주간,토,1,1,0,0,0,경기,남양주시,차대사람,차도통행중,차도통행중,운전자법규위반,안전운전 의무 불이행,단일로,기타단일로,승용차,중형,보행자,보행자,982574,1963522,127.3023996,37.6710527
2015,2015102710,50,주간,화,1,2,1,0,0,경북,영덕군,차량단독,도로이탈,도로이탈 기타,운전자법규위반,안전운전 의무 불이행,단일로,기타단일로,화물차,중형,0,0,1168441,1809704,129.3752267,36.26992717
2015,2015102503,52,야간,일,1,1,0,0,0,경북,경산시,건널목,차단기돌파,차단기돌파,운전자법규위반,철길건널목 통과방법위반,건널목,건널목,화물차,소형,열차,열차,1120555,1770049,128.8362114,35.91967458
2015,2015102501,39,야간,일,1,1,0,0,0,경기,부천시,차량단독,기타,기타,운전자법규위반,안전운전 의무 불이행,단일로,기타단일로,원동기장치자전거,원동기장치자전거,0,0,937602,1943272,126.7941919,37.48658564
2015,2015103009,10,주간,금,1,1,0,0,0,부산,영도구,차대사람,횡단중,횡단중,운전자법규위반,보행자 보호의무 위반,단일로,횡단보도상,승용차,소형,보행자,보행자,1140741,1678030,129.0439221,35.08757485
2015,2015103008,48,주간,금,1,1,0,0,0,서울,용산구,차대차,기타,기타,운전자법규위반,안전운전 의무 불이행,단일로,기타단일로,승용차,중형,이륜차,소형,953152,1948137,126.9697659,37.53135503
2015,2015103009,40,주간,금,1,1,0,0,0,부산,강서구,차대사람,기타,기타,운전자법규위반,신호위반,단일로,기타단일로,승용차,중형,보행자,보행자,1134946,1691789,128.980753,35.213667
2015,2015111317,0,주간,금,1,1,0,0,0,전북,김제시,차량단독,기타,기타,운전자법규위반,안전운전 의무 불이행,단일로,기타단일로,승합차,중형,0,0,941236,1758255,126.8494788,35.8190142
2015,2015111312,55,주간,금,1,1,0,0,0,제주,서귀포시,차대사람,기타,기타,운전자법규위반,안전운전 의무 불이행,단일로,기타단일로,승합차,소형,보행자,보행자,907818,1474582,126.5103301,33.25863987
2015,2015120717,51,주간,월,1,1,0,0,0,인천,연수구,차대차,정면충돌,정면충돌,운전자법규위반,안전운전 의무 불이행,단일로,교량위,화물차,소형,건설기계,건설기계,927821,1932297,126.6844755,37.38659075
2015,2015122912,50,주간,화,1,4,2,1,0,경기,의정부시,차대차,정면충돌,정면충돌,운전자법규위반,중앙선 침범,단일로,기타단일로,승용차,중형,승용차,소형,963414,1973388,127.0846445,37.75941188
2015,2015122911,50,주간,화,1,2,1,0,0,경북,안동시,차대차,정면충돌,정면충돌,운전자법규위반,안전운전 의무 불이행,단일로,기타단일로,화물차,소형,승용차,중형,1127169,1825047,128.9184054,36.4145301
2015,2015122615,37,주간,토,1,2,0,1,0,경북,경산시,차대사람,횡단중,횡단중,운전자법규위반,안전운전 의무 불이행,단일로,기타단일로,승용차,경형,보행자,보행자,1120822,1768281,128.8389015,35.90370555